source,n_shots,method,target_group,endpoint,true_rul,prediction
femto,1,transfer_ensemble,5,19,231.0,54.05491638183594
femto,1,transfer_ensemble,5,20,230.0,54.00935745239258
femto,1,transfer_ensemble,5,21,229.0,54.06060028076172
femto,1,transfer_ensemble,5,22,228.0,54.151981353759766
femto,1,transfer_ensemble,5,23,227.0,54.19281005859375
femto,1,transfer_ensemble,5,24,226.0,54.33046340942383
femto,1,transfer_ensemble,5,25,225.0,54.42345428466797
femto,1,transfer_ensemble,5,26,224.0,54.501346588134766
femto,1,transfer_ensemble,5,27,223.0,54.395973205566406
femto,1,transfer_ensemble,5,28,222.0,54.378692626953125
femto,1,transfer_ensemble,5,29,221.0,54.39360427856445
femto,1,transfer_ensemble,5,30,220.0,54.5208740234375
femto,1,transfer_ensemble,5,31,219.0,54.545677185058594
femto,1,transfer_ensemble,5,32,218.0,54.61561584472656
femto,1,transfer_ensemble,5,33,217.0,54.56559371948242
femto,1,transfer_ensemble,5,34,216.0,54.55196762084961
femto,1,transfer_ensemble,5,35,215.0,54.46452713012695
femto,1,transfer_ensemble,5,36,214.0,54.657012939453125
femto,1,transfer_ensemble,5,37,213.0,54.8154296875
femto,1,transfer_ensemble,5,38,212.0,54.91440200805664
femto,1,transfer_ensemble,5,39,211.0,55.02317810058594
femto,1,transfer_ensemble,5,40,210.0,55.07072448730469
femto,1,transfer_ensemble,5,41,209.0,55.06340026855469
femto,1,transfer_ensemble,5,42,208.0,55.08479309082031
femto,1,transfer_ensemble,5,43,207.0,55.076385498046875
femto,1,transfer_ensemble,5,44,206.0,55.116294860839844
femto,1,transfer_ensemble,5,45,205.0,55.19501876831055
femto,1,transfer_ensemble,5,46,204.0,55.1795654296875
femto,1,transfer_ensemble,5,47,203.0,55.20238494873047
femto,1,transfer_ensemble,5,48,202.0,55.16217041015625
femto,1,transfer_ensemble,5,49,201.0,55.186851501464844
femto,1,transfer_ensemble,5,50,200.0,55.39661407470703
femto,1,transfer_ensemble,5,51,199.0,55.4773063659668
femto,1,transfer_ensemble,5,52,198.0,55.178489685058594
femto,1,transfer_ensemble,5,53,197.0,55.33937454223633
femto,1,transfer_ensemble,5,54,196.0,55.34876251220703
femto,1,transfer_ensemble,5,55,195.0,55.436553955078125
femto,1,transfer_ensemble,5,56,194.0,55.46837615966797
femto,1,transfer_ensemble,5,57,193.0,55.5667724609375
femto,1,transfer_ensemble,5,58,192.0,55.56163024902344
femto,1,transfer_ensemble,5,59,191.0,55.56370544433594
femto,1,transfer_ensemble,5,60,190.0,55.77940368652344
femto,1,transfer_ensemble,5,61,189.0,55.959938049316406
femto,1,transfer_ensemble,5,62,188.0,55.91004943847656
femto,1,transfer_ensemble,5,63,187.0,56.00660705566406
femto,1,transfer_ensemble,5,64,186.0,56.0791015625
femto,1,transfer_ensemble,5,65,185.0,56.14285659790039
femto,1,transfer_ensemble,5,66,184.0,56.284820556640625
femto,1,transfer_ensemble,5,67,183.0,56.17082214355469
femto,1,transfer_ensemble,5,68,182.0,56.41233825683594
femto,1,transfer_ensemble,5,69,181.0,56.440940856933594
femto,1,transfer_ensemble,5,70,180.0,56.182716369628906
femto,1,transfer_ensemble,5,71,179.0,56.16269302368164
femto,1,transfer_ensemble,5,72,178.0,56.082977294921875
femto,1,transfer_ensemble,5,73,177.0,56.11994171142578
femto,1,transfer_ensemble,5,74,176.0,56.25608825683594
femto,1,transfer_ensemble,5,75,175.0,56.08938980102539
femto,1,transfer_ensemble,5,76,174.0,56.48359680175781
femto,1,transfer_ensemble,5,77,173.0,56.51225280761719
femto,1,transfer_ensemble,5,78,172.0,56.64434051513672
femto,1,transfer_ensemble,5,79,171.0,56.80402755737305
femto,1,transfer_ensemble,5,80,170.0,56.84469223022461
femto,1,transfer_ensemble,5,81,169.0,56.87812805175781
femto,1,transfer_ensemble,5,82,168.0,56.99843215942383
femto,1,transfer_ensemble,5,83,167.0,56.734642028808594
femto,1,transfer_ensemble,5,84,166.0,56.881996154785156
femto,1,transfer_ensemble,5,85,165.0,56.89695739746094
femto,1,transfer_ensemble,5,86,164.0,56.71940231323242
femto,1,transfer_ensemble,5,87,163.0,56.57264709472656
femto,1,transfer_ensemble,5,88,162.0,56.982887268066406
femto,1,transfer_ensemble,5,89,161.0,57.134666442871094
femto,1,transfer_ensemble,5,90,160.0,57.30389404296875
femto,1,transfer_ensemble,5,91,159.0,57.421634674072266
femto,1,transfer_ensemble,5,92,158.0,56.905269622802734
femto,1,transfer_ensemble,5,93,157.0,56.75807571411133
femto,1,transfer_ensemble,5,94,156.0,57.09986877441406
femto,1,transfer_ensemble,5,95,155.0,56.941383361816406
femto,1,transfer_ensemble,5,96,154.0,56.52618408203125
femto,1,transfer_ensemble,5,97,153.0,56.619422912597656
femto,1,transfer_ensemble,5,98,152.0,56.820682525634766
femto,1,transfer_ensemble,5,99,151.0,57.12598419189453
femto,1,transfer_ensemble,5,100,150.0,57.26573944091797
femto,1,transfer_ensemble,5,101,149.0,57.21106719970703
femto,1,transfer_ensemble,5,102,148.0,56.490074157714844
femto,1,transfer_ensemble,5,103,147.0,56.55177307128906
femto,1,transfer_ensemble,5,104,146.0,56.18094253540039
femto,1,transfer_ensemble,5,105,145.0,55.537696838378906
femto,1,transfer_ensemble,5,106,144.0,55.89532470703125
femto,1,transfer_ensemble,5,107,143.0,55.248931884765625
femto,1,transfer_ensemble,5,108,142.0,54.42913055419922
femto,1,transfer_ensemble,5,109,141.0,53.888946533203125
femto,1,transfer_ensemble,5,110,140.0,54.67173385620117
femto,1,transfer_ensemble,5,111,139.0,55.56399917602539
femto,1,transfer_ensemble,5,112,138.0,56.07025146484375
femto,1,transfer_ensemble,5,113,137.0,55.74388122558594
femto,1,transfer_ensemble,5,114,136.0,53.10054397583008
femto,1,transfer_ensemble,5,115,135.0,53.363441467285156
femto,1,transfer_ensemble,5,116,134.0,53.652740478515625
femto,1,transfer_ensemble,5,117,133.0,52.9295654296875
femto,1,transfer_ensemble,5,118,132.0,53.31913757324219
femto,1,transfer_ensemble,5,119,131.0,52.80522155761719
femto,1,transfer_ensemble,5,120,130.0,51.479637145996094
femto,1,transfer_ensemble,5,121,129.0,51.91862106323242
femto,1,transfer_ensemble,5,122,128.0,52.21504211425781
femto,1,transfer_ensemble,5,123,127.00000762939453,52.91265869140625
femto,1,transfer_ensemble,5,124,126.0,50.806251525878906
femto,1,transfer_ensemble,5,125,125.0,50.58427429199219
femto,1,transfer_ensemble,5,126,124.00000762939453,50.870174407958984
femto,1,transfer_ensemble,5,127,123.0,50.236637115478516
femto,1,transfer_ensemble,5,128,122.0,48.838321685791016
femto,1,transfer_ensemble,5,129,121.00000762939453,48.74748229980469
femto,1,transfer_ensemble,5,130,120.0,49.08540344238281
femto,1,transfer_ensemble,5,131,119.0,48.84027099609375
femto,1,transfer_ensemble,5,132,118.00000762939453,46.4536018371582
femto,1,transfer_ensemble,5,133,117.0,45.74515151977539
femto,1,transfer_ensemble,5,134,116.0,45.93628692626953
femto,1,transfer_ensemble,5,135,115.0,46.028038024902344
femto,1,transfer_ensemble,5,136,114.0,45.687538146972656
femto,1,transfer_ensemble,5,137,113.0,44.7451286315918
femto,1,transfer_ensemble,5,138,112.0,43.18606185913086
femto,1,transfer_ensemble,5,139,111.0,43.89110565185547
femto,1,transfer_ensemble,5,140,110.0,43.14442443847656
femto,1,transfer_ensemble,5,141,109.0,44.351749420166016
femto,1,transfer_ensemble,5,142,108.0,44.91944122314453
femto,1,transfer_ensemble,5,143,107.0,42.91977310180664
femto,1,transfer_ensemble,5,144,106.0,42.504608154296875
femto,1,transfer_ensemble,5,145,105.0,42.53844451904297
femto,1,transfer_ensemble,5,146,104.0,42.136741638183594
femto,1,transfer_ensemble,5,147,103.0,42.75239944458008
femto,1,transfer_ensemble,5,148,102.0,43.04130554199219
femto,1,transfer_ensemble,5,149,101.0,43.23538589477539
femto,1,transfer_ensemble,5,150,100.0,42.623512268066406
femto,1,transfer_ensemble,5,151,99.0,41.76976776123047
femto,1,transfer_ensemble,5,152,98.0,41.217803955078125
femto,1,transfer_ensemble,5,153,97.0,40.87057113647461
femto,1,transfer_ensemble,5,154,96.0,40.31925582885742
femto,1,transfer_ensemble,5,155,95.0,40.389984130859375
femto,1,transfer_ensemble,5,156,94.0,40.194427490234375
femto,1,transfer_ensemble,5,157,93.0,39.827938079833984
femto,1,transfer_ensemble,5,158,92.0,39.35185623168945
femto,1,transfer_ensemble,5,159,91.0,38.98705291748047
femto,1,transfer_ensemble,5,160,90.0,38.830936431884766
femto,1,transfer_ensemble,5,161,89.0,38.51223373413086
femto,1,transfer_ensemble,5,162,88.0,38.30616760253906
femto,1,transfer_ensemble,5,163,87.0,38.06715393066406
femto,1,transfer_ensemble,5,164,86.0,38.17924499511719
femto,1,transfer_ensemble,5,165,85.0,38.07638168334961
femto,1,transfer_ensemble,5,166,84.0,37.760528564453125
femto,1,transfer_ensemble,5,167,83.0,37.65364456176758
femto,1,transfer_ensemble,5,168,82.0,37.705230712890625
femto,1,transfer_ensemble,5,169,81.0,37.702293395996094
femto,1,transfer_ensemble,5,170,80.0,37.26896286010742
femto,1,transfer_ensemble,5,171,79.0,36.988529205322266
femto,1,transfer_ensemble,5,172,78.0,36.83201599121094
femto,1,transfer_ensemble,5,173,77.0,36.71733856201172
femto,1,transfer_ensemble,5,174,76.0,35.84148406982422
femto,1,transfer_ensemble,5,175,75.0,35.47168731689453
femto,1,transfer_ensemble,5,176,74.0,35.39095687866211
femto,1,transfer_ensemble,5,177,73.0,35.439762115478516
femto,1,transfer_ensemble,5,178,72.0,35.23339080810547
femto,1,transfer_ensemble,5,179,71.0,35.06515884399414
femto,1,transfer_ensemble,5,180,70.0,34.72175598144531
femto,1,transfer_ensemble,5,181,69.0,34.613525390625
femto,1,transfer_ensemble,5,182,68.0,34.52727508544922
femto,1,transfer_ensemble,5,183,67.0,34.122406005859375
femto,1,transfer_ensemble,5,184,66.0,34.02642059326172
femto,1,transfer_ensemble,5,185,65.0,33.49822235107422
femto,1,transfer_ensemble,5,186,64.0,33.48239517211914
femto,1,transfer_ensemble,5,187,63.0,33.20572280883789
femto,1,transfer_ensemble,5,188,62.000003814697266,33.19358444213867
femto,1,transfer_ensemble,5,189,61.0,32.65387725830078
femto,1,transfer_ensemble,5,190,60.0,32.822418212890625
femto,1,transfer_ensemble,5,191,59.000003814697266,32.214202880859375
femto,1,transfer_ensemble,5,192,58.0,32.016258239746094
femto,1,transfer_ensemble,5,193,57.0,32.21648025512695
femto,1,transfer_ensemble,5,194,56.0,31.343616485595703
femto,1,transfer_ensemble,5,195,55.0,31.278629302978516
femto,1,transfer_ensemble,5,196,54.0,30.874298095703125
femto,1,transfer_ensemble,5,197,53.0,30.676334381103516
femto,1,transfer_ensemble,5,198,52.0,30.66832160949707
femto,1,transfer_ensemble,5,199,51.0,30.59356689453125
femto,1,transfer_ensemble,5,200,50.0,30.55474090576172
femto,1,transfer_ensemble,5,201,49.0,30.366764068603516
femto,1,transfer_ensemble,5,202,48.0,29.96737289428711
femto,1,transfer_ensemble,5,203,47.0,29.905176162719727
femto,1,transfer_ensemble,5,204,46.0,29.823402404785156
femto,1,transfer_ensemble,5,205,45.0,29.630443572998047
femto,1,transfer_ensemble,5,206,44.0,28.929630279541016
femto,1,transfer_ensemble,5,207,43.0,28.880111694335938
femto,1,transfer_ensemble,5,208,42.0,28.71096420288086
femto,1,transfer_ensemble,5,209,41.0,28.577430725097656
femto,1,transfer_ensemble,5,210,40.0,28.27890396118164
femto,1,transfer_ensemble,5,211,39.0,28.387420654296875
femto,1,transfer_ensemble,5,212,38.0,27.763439178466797
femto,1,transfer_ensemble,5,213,37.0,27.386119842529297
femto,1,transfer_ensemble,5,214,36.0,26.98472785949707
femto,1,transfer_ensemble,5,215,35.0,26.98782730102539
femto,1,transfer_ensemble,5,216,34.0,26.964191436767578
femto,1,transfer_ensemble,5,217,33.0,26.19118881225586
femto,1,transfer_ensemble,5,218,32.0,25.80716323852539
femto,1,transfer_ensemble,5,219,31.000001907348633,25.443832397460938
femto,1,transfer_ensemble,5,220,30.0,25.75265884399414
femto,1,transfer_ensemble,5,221,29.0,24.901885986328125
femto,1,transfer_ensemble,5,222,28.0,24.656700134277344
femto,1,transfer_ensemble,5,223,27.0,24.3970947265625
femto,1,transfer_ensemble,5,224,26.0,25.028085708618164
femto,1,transfer_ensemble,5,225,25.0,24.731155395507812
femto,1,transfer_ensemble,5,226,24.0,24.418474197387695
femto,1,transfer_ensemble,5,227,23.0,23.63422393798828
femto,1,transfer_ensemble,5,228,22.0,23.361209869384766
femto,1,transfer_ensemble,5,229,21.0,23.651203155517578
femto,1,transfer_ensemble,5,230,20.0,23.2908935546875
femto,1,transfer_ensemble,5,231,19.0,22.859989166259766
femto,1,transfer_ensemble,5,232,18.0,22.605449676513672
femto,1,transfer_ensemble,5,233,17.0,22.15924644470215
femto,1,transfer_ensemble,5,234,16.0,21.988149642944336
femto,1,transfer_ensemble,5,235,15.0,21.52649688720703
femto,1,transfer_ensemble,5,236,14.0,21.209274291992188
femto,1,transfer_ensemble,5,237,13.0,20.966773986816406
femto,1,transfer_ensemble,5,238,12.0,20.123878479003906
femto,1,transfer_ensemble,5,239,11.0,20.186237335205078
femto,1,transfer_ensemble,5,240,10.0,19.770477294921875
femto,1,transfer_ensemble,5,241,9.0,19.61065673828125
femto,1,transfer_ensemble,5,242,8.0,19.42686653137207
femto,1,transfer_ensemble,5,243,7.0,19.159839630126953
femto,1,transfer_ensemble,5,244,6.0,18.98080062866211
femto,1,transfer_ensemble,5,245,5.0,19.08534812927246
femto,1,transfer_ensemble,5,246,4.0,18.638036727905273
femto,1,transfer_ensemble,5,247,3.0,18.359638214111328
femto,1,transfer_ensemble,5,248,2.0,17.780948638916016
femto,1,transfer_ensemble,5,249,1.0,17.798477172851562
femto,1,transfer_ensemble,5,250,0.0,17.831514358520508
femto,1,transfer_ensemble,5,251,0.0,17.38892936706543
femto,1,transfer_ensemble,5,252,0.0,17.365127563476562
femto,1,transfer_ensemble,5,253,0.0,17.267963409423828
femto,1,transfer_ensemble,5,254,0.0,17.052772521972656
femto,1,transfer_ensemble,5,255,0.0,16.60236930847168
femto,1,transfer_ensemble,5,256,0.0,16.406871795654297
femto,1,transfer_ensemble,5,257,0.0,15.93171501159668
femto,1,transfer_ensemble,5,258,0.0,15.742330551147461
femto,1,transfer_ensemble,5,259,0.0,15.27098274230957
femto,1,transfer_ensemble,5,260,0.0,15.233598709106445
femto,1,transfer_ensemble,5,261,0.0,14.995550155639648
femto,1,transfer_ensemble,5,262,0.0,14.598258972167969
femto,1,transfer_ensemble,5,263,0.0,14.844786643981934
femto,1,transfer_ensemble,5,264,0.0,14.61178970336914
femto,1,transfer_ensemble,5,265,0.0,14.339046478271484
femto,1,transfer_ensemble,5,266,0.0,14.326066017150879
femto,1,transfer_ensemble,5,267,0.0,14.580891609191895
femto,1,transfer_ensemble,5,268,0.0,14.199831008911133
femto,1,transfer_ensemble,5,269,0.0,13.956892013549805
femto,1,transfer_ensemble,5,270,0.0,13.770027160644531
femto,1,transfer_ensemble,5,271,0.0,13.499826431274414
femto,1,transfer_ensemble,5,272,0.0,13.53044319152832
femto,1,transfer_ensemble,5,273,0.0,13.569503784179688
femto,1,transfer_ensemble,5,274,0.0,13.454734802246094
femto,1,transfer_ensemble,5,275,0.0,13.224067687988281
femto,1,transfer_ensemble,5,276,0.0,13.157466888427734
femto,1,transfer_ensemble,5,277,0.0,13.239236831665039
femto,1,transfer_ensemble,5,278,0.0,13.14491081237793
femto,1,transfer_ensemble,5,279,0.0,13.082330703735352
femto,1,transfer_ensemble,5,280,0.0,13.003398895263672
femto,1,transfer_ensemble,5,281,0.0,13.06580924987793
femto,1,transfer_ensemble,5,282,0.0,13.111568450927734
femto,1,transfer_ensemble,5,283,0.0,13.200472831726074
femto,1,transfer_ensemble,5,284,0.0,13.30626106262207
femto,1,transfer_ensemble,5,285,0.0,13.605626106262207
femto,1,transfer_ensemble,5,286,0.0,13.612683296203613
femto,1,transfer_ensemble,5,287,0.0,13.637397766113281
femto,1,transfer_ensemble,5,288,0.0,13.816739082336426
femto,1,transfer_ensemble,5,289,0.0,13.995721817016602
femto,1,transfer_ensemble,5,290,0.0,14.078581809997559
femto,1,transfer_ensemble,5,291,0.0,14.37788200378418
femto,1,transfer_ensemble,5,292,0.0,14.463537216186523
femto,1,transfer_ensemble,5,293,0.0,14.727611541748047
femto,1,transfer_ensemble,5,294,0.0,15.121849060058594
femto,1,transfer_ensemble,5,295,0.0,15.246386528015137
femto,1,transfer_ensemble,5,296,0.0,15.434663772583008
femto,1,transfer_ensemble,5,297,0.0,15.570030212402344
femto,1,transfer_ensemble,5,298,0.0,15.750680923461914
femto,1,transfer_ensemble,5,299,0.0,15.90540885925293
femto,1,frozen_encoder_ensemble,5,19,231.0,27.01018524169922
femto,1,frozen_encoder_ensemble,5,20,230.0,26.829002380371094
femto,1,frozen_encoder_ensemble,5,21,229.0,26.844552993774414
femto,1,frozen_encoder_ensemble,5,22,228.0,26.962188720703125
femto,1,frozen_encoder_ensemble,5,23,227.0,27.053977966308594
femto,1,frozen_encoder_ensemble,5,24,226.0,27.19504165649414
femto,1,frozen_encoder_ensemble,5,25,225.0,27.169023513793945
femto,1,frozen_encoder_ensemble,5,26,224.0,27.173065185546875
femto,1,frozen_encoder_ensemble,5,27,223.0,27.07425308227539
femto,1,frozen_encoder_ensemble,5,28,222.0,27.11058807373047
femto,1,frozen_encoder_ensemble,5,29,221.0,27.178524017333984
femto,1,frozen_encoder_ensemble,5,30,220.0,27.275907516479492
femto,1,frozen_encoder_ensemble,5,31,219.0,27.29479217529297
femto,1,frozen_encoder_ensemble,5,32,218.0,27.365188598632812
femto,1,frozen_encoder_ensemble,5,33,217.0,27.189786911010742
femto,1,frozen_encoder_ensemble,5,34,216.0,27.177928924560547
femto,1,frozen_encoder_ensemble,5,35,215.0,27.0201473236084
femto,1,frozen_encoder_ensemble,5,36,214.0,27.193206787109375
femto,1,frozen_encoder_ensemble,5,37,213.0,27.4139461517334
femto,1,frozen_encoder_ensemble,5,38,212.0,27.482410430908203
femto,1,frozen_encoder_ensemble,5,39,211.0,27.520591735839844
femto,1,frozen_encoder_ensemble,5,40,210.0,27.540634155273438
femto,1,frozen_encoder_ensemble,5,41,209.0,27.63265037536621
femto,1,frozen_encoder_ensemble,5,42,208.0,27.636474609375
femto,1,frozen_encoder_ensemble,5,43,207.0,27.56188201904297
femto,1,frozen_encoder_ensemble,5,44,206.0,27.57033348083496
femto,1,frozen_encoder_ensemble,5,45,205.0,27.6652889251709
femto,1,frozen_encoder_ensemble,5,46,204.0,27.56682777404785
femto,1,frozen_encoder_ensemble,5,47,203.0,27.764795303344727
femto,1,frozen_encoder_ensemble,5,48,202.0,27.667652130126953
femto,1,frozen_encoder_ensemble,5,49,201.0,27.585792541503906
femto,1,frozen_encoder_ensemble,5,50,200.0,27.79422950744629
femto,1,frozen_encoder_ensemble,5,51,199.0,27.96855926513672
femto,1,frozen_encoder_ensemble,5,52,198.0,27.52376365661621
femto,1,frozen_encoder_ensemble,5,53,197.0,27.682086944580078
femto,1,frozen_encoder_ensemble,5,54,196.0,27.81646728515625
femto,1,frozen_encoder_ensemble,5,55,195.0,28.012733459472656
femto,1,frozen_encoder_ensemble,5,56,194.0,27.977054595947266
femto,1,frozen_encoder_ensemble,5,57,193.0,28.02079200744629
femto,1,frozen_encoder_ensemble,5,58,192.0,27.931013107299805
femto,1,frozen_encoder_ensemble,5,59,191.0,27.831790924072266
femto,1,frozen_encoder_ensemble,5,60,190.0,28.073772430419922
femto,1,frozen_encoder_ensemble,5,61,189.0,28.362716674804688
femto,1,frozen_encoder_ensemble,5,62,188.0,28.316007614135742
femto,1,frozen_encoder_ensemble,5,63,187.0,28.420047760009766
femto,1,frozen_encoder_ensemble,5,64,186.0,28.353851318359375
femto,1,frozen_encoder_ensemble,5,65,185.0,28.357746124267578
femto,1,frozen_encoder_ensemble,5,66,184.0,28.54669761657715
femto,1,frozen_encoder_ensemble,5,67,183.0,28.275104522705078
femto,1,frozen_encoder_ensemble,5,68,182.0,28.47174835205078
femto,1,frozen_encoder_ensemble,5,69,181.0,28.580657958984375
femto,1,frozen_encoder_ensemble,5,70,180.0,28.218482971191406
femto,1,frozen_encoder_ensemble,5,71,179.0,28.54676055908203
femto,1,frozen_encoder_ensemble,5,72,178.0,28.335227966308594
femto,1,frozen_encoder_ensemble,5,73,177.0,28.354610443115234
femto,1,frozen_encoder_ensemble,5,74,176.0,28.644332885742188
femto,1,frozen_encoder_ensemble,5,75,175.0,28.261634826660156
femto,1,frozen_encoder_ensemble,5,76,174.0,28.70087432861328
femto,1,frozen_encoder_ensemble,5,77,173.0,28.71795654296875
femto,1,frozen_encoder_ensemble,5,78,172.0,28.814781188964844
femto,1,frozen_encoder_ensemble,5,79,171.0,28.902828216552734
femto,1,frozen_encoder_ensemble,5,80,170.0,28.793365478515625
femto,1,frozen_encoder_ensemble,5,81,169.0,28.795673370361328
femto,1,frozen_encoder_ensemble,5,82,168.0,29.031959533691406
femto,1,frozen_encoder_ensemble,5,83,167.0,28.682960510253906
femto,1,frozen_encoder_ensemble,5,84,166.0,28.885570526123047
femto,1,frozen_encoder_ensemble,5,85,165.0,28.80325698852539
femto,1,frozen_encoder_ensemble,5,86,164.0,28.528797149658203
femto,1,frozen_encoder_ensemble,5,87,163.0,28.33161163330078
femto,1,frozen_encoder_ensemble,5,88,162.0,28.821292877197266
femto,1,frozen_encoder_ensemble,5,89,161.0,28.97267723083496
femto,1,frozen_encoder_ensemble,5,90,160.0,29.110149383544922
femto,1,frozen_encoder_ensemble,5,91,159.0,29.3460693359375
femto,1,frozen_encoder_ensemble,5,92,158.0,28.793724060058594
femto,1,frozen_encoder_ensemble,5,93,157.0,28.650070190429688
femto,1,frozen_encoder_ensemble,5,94,156.0,29.147890090942383
femto,1,frozen_encoder_ensemble,5,95,155.0,28.891775131225586
femto,1,frozen_encoder_ensemble,5,96,154.0,28.428560256958008
femto,1,frozen_encoder_ensemble,5,97,153.0,28.51821517944336
femto,1,frozen_encoder_ensemble,5,98,152.0,28.68396759033203
femto,1,frozen_encoder_ensemble,5,99,151.0,29.025279998779297
femto,1,frozen_encoder_ensemble,5,100,150.0,29.10845184326172
femto,1,frozen_encoder_ensemble,5,101,149.0,29.095293045043945
femto,1,frozen_encoder_ensemble,5,102,148.0,28.352014541625977
femto,1,frozen_encoder_ensemble,5,103,147.0,28.355815887451172
femto,1,frozen_encoder_ensemble,5,104,146.0,27.963306427001953
femto,1,frozen_encoder_ensemble,5,105,145.0,27.46320343017578
femto,1,frozen_encoder_ensemble,5,106,144.0,27.941043853759766
femto,1,frozen_encoder_ensemble,5,107,143.0,27.37261962890625
femto,1,frozen_encoder_ensemble,5,108,142.0,26.761945724487305
femto,1,frozen_encoder_ensemble,5,109,141.0,26.378040313720703
femto,1,frozen_encoder_ensemble,5,110,140.0,27.262264251708984
femto,1,frozen_encoder_ensemble,5,111,139.0,28.160743713378906
femto,1,frozen_encoder_ensemble,5,112,138.0,28.52606201171875
femto,1,frozen_encoder_ensemble,5,113,137.0,28.125490188598633
femto,1,frozen_encoder_ensemble,5,114,136.0,25.87200927734375
femto,1,frozen_encoder_ensemble,5,115,135.0,26.16098403930664
femto,1,frozen_encoder_ensemble,5,116,134.0,26.40029525756836
femto,1,frozen_encoder_ensemble,5,117,133.0,25.71936798095703
femto,1,frozen_encoder_ensemble,5,118,132.0,26.074777603149414
femto,1,frozen_encoder_ensemble,5,119,131.0,25.768611907958984
femto,1,frozen_encoder_ensemble,5,120,130.0,24.66874885559082
femto,1,frozen_encoder_ensemble,5,121,129.0,25.11078643798828
femto,1,frozen_encoder_ensemble,5,122,128.0,25.388595581054688
femto,1,frozen_encoder_ensemble,5,123,127.00000762939453,26.171043395996094
femto,1,frozen_encoder_ensemble,5,124,126.0,24.332122802734375
femto,1,frozen_encoder_ensemble,5,125,125.0,24.283939361572266
femto,1,frozen_encoder_ensemble,5,126,124.00000762939453,24.571636199951172
femto,1,frozen_encoder_ensemble,5,127,123.0,23.98367691040039
femto,1,frozen_encoder_ensemble,5,128,122.0,22.963298797607422
femto,1,frozen_encoder_ensemble,5,129,121.00000762939453,22.913185119628906
femto,1,frozen_encoder_ensemble,5,130,120.0,23.20791244506836
femto,1,frozen_encoder_ensemble,5,131,119.0,23.137168884277344
femto,1,frozen_encoder_ensemble,5,132,118.00000762939453,21.470149993896484
femto,1,frozen_encoder_ensemble,5,133,117.0,20.942188262939453
femto,1,frozen_encoder_ensemble,5,134,116.0,21.098634719848633
femto,1,frozen_encoder_ensemble,5,135,115.0,21.212003707885742
femto,1,frozen_encoder_ensemble,5,136,114.0,20.95705223083496
femto,1,frozen_encoder_ensemble,5,137,113.0,20.352264404296875
femto,1,frozen_encoder_ensemble,5,138,112.0,19.448301315307617
femto,1,frozen_encoder_ensemble,5,139,111.0,19.930484771728516
femto,1,frozen_encoder_ensemble,5,140,110.0,19.463932037353516
femto,1,frozen_encoder_ensemble,5,141,109.0,20.358444213867188
femto,1,frozen_encoder_ensemble,5,142,108.0,20.712295532226562
femto,1,frozen_encoder_ensemble,5,143,107.0,19.549407958984375
femto,1,frozen_encoder_ensemble,5,144,106.0,19.03655242919922
femto,1,frozen_encoder_ensemble,5,145,105.0,19.019506454467773
femto,1,frozen_encoder_ensemble,5,146,104.0,18.848499298095703
femto,1,frozen_encoder_ensemble,5,147,103.0,19.181697845458984
femto,1,frozen_encoder_ensemble,5,148,102.0,19.362272262573242
femto,1,frozen_encoder_ensemble,5,149,101.0,19.420682907104492
femto,1,frozen_encoder_ensemble,5,150,100.0,18.993541717529297
femto,1,frozen_encoder_ensemble,5,151,99.0,18.44548797607422
femto,1,frozen_encoder_ensemble,5,152,98.0,18.010576248168945
femto,1,frozen_encoder_ensemble,5,153,97.0,17.836061477661133
femto,1,frozen_encoder_ensemble,5,154,96.0,17.554794311523438
femto,1,frozen_encoder_ensemble,5,155,95.0,17.57184600830078
femto,1,frozen_encoder_ensemble,5,156,94.0,17.518814086914062
femto,1,frozen_encoder_ensemble,5,157,93.0,17.31334114074707
femto,1,frozen_encoder_ensemble,5,158,92.0,17.022544860839844
femto,1,frozen_encoder_ensemble,5,159,91.0,16.818889617919922
femto,1,frozen_encoder_ensemble,5,160,90.0,16.71133041381836
femto,1,frozen_encoder_ensemble,5,161,89.0,16.58543586730957
femto,1,frozen_encoder_ensemble,5,162,88.0,16.498981475830078
femto,1,frozen_encoder_ensemble,5,163,87.0,16.317895889282227
femto,1,frozen_encoder_ensemble,5,164,86.0,16.38648223876953
femto,1,frozen_encoder_ensemble,5,165,85.0,16.58615493774414
femto,1,frozen_encoder_ensemble,5,166,84.0,16.27359962463379
femto,1,frozen_encoder_ensemble,5,167,83.0,16.326251983642578
femto,1,frozen_encoder_ensemble,5,168,82.0,16.587369918823242
femto,1,frozen_encoder_ensemble,5,169,81.0,16.6297607421875
femto,1,frozen_encoder_ensemble,5,170,80.0,16.38333511352539
femto,1,frozen_encoder_ensemble,5,171,79.0,16.10858917236328
femto,1,frozen_encoder_ensemble,5,172,78.0,16.05588150024414
femto,1,frozen_encoder_ensemble,5,173,77.0,16.574983596801758
femto,1,frozen_encoder_ensemble,5,174,76.0,15.72658920288086
femto,1,frozen_encoder_ensemble,5,175,75.0,15.44173526763916
femto,1,frozen_encoder_ensemble,5,176,74.0,15.396961212158203
femto,1,frozen_encoder_ensemble,5,177,73.0,15.511861801147461
femto,1,frozen_encoder_ensemble,5,178,72.0,15.497440338134766
femto,1,frozen_encoder_ensemble,5,179,71.0,15.446149826049805
femto,1,frozen_encoder_ensemble,5,180,70.0,15.244222640991211
femto,1,frozen_encoder_ensemble,5,181,69.0,15.330296516418457
femto,1,frozen_encoder_ensemble,5,182,68.0,15.50123405456543
femto,1,frozen_encoder_ensemble,5,183,67.0,15.314971923828125
femto,1,frozen_encoder_ensemble,5,184,66.0,15.380661010742188
femto,1,frozen_encoder_ensemble,5,185,65.0,15.067583084106445
femto,1,frozen_encoder_ensemble,5,186,64.0,15.373268127441406
femto,1,frozen_encoder_ensemble,5,187,63.0,15.272385597229004
femto,1,frozen_encoder_ensemble,5,188,62.000003814697266,15.469027519226074
femto,1,frozen_encoder_ensemble,5,189,61.0,15.282037734985352
femto,1,frozen_encoder_ensemble,5,190,60.0,15.518157958984375
femto,1,frozen_encoder_ensemble,5,191,59.000003814697266,15.259683609008789
femto,1,frozen_encoder_ensemble,5,192,58.0,15.277186393737793
femto,1,frozen_encoder_ensemble,5,193,57.0,15.632586479187012
femto,1,frozen_encoder_ensemble,5,194,56.0,15.237907409667969
femto,1,frozen_encoder_ensemble,5,195,55.0,15.305392265319824
femto,1,frozen_encoder_ensemble,5,196,54.0,15.319694519042969
femto,1,frozen_encoder_ensemble,5,197,53.0,15.235851287841797
femto,1,frozen_encoder_ensemble,5,198,52.0,15.418500900268555
femto,1,frozen_encoder_ensemble,5,199,51.0,15.581415176391602
femto,1,frozen_encoder_ensemble,5,200,50.0,15.819923400878906
femto,1,frozen_encoder_ensemble,5,201,49.0,15.775485038757324
femto,1,frozen_encoder_ensemble,5,202,48.0,15.768617630004883
femto,1,frozen_encoder_ensemble,5,203,47.0,15.821208953857422
femto,1,frozen_encoder_ensemble,5,204,46.0,15.869343757629395
femto,1,frozen_encoder_ensemble,5,205,45.0,16.020912170410156
femto,1,frozen_encoder_ensemble,5,206,44.0,15.715290069580078
femto,1,frozen_encoder_ensemble,5,207,43.0,15.860544204711914
femto,1,frozen_encoder_ensemble,5,208,42.0,16.04558753967285
femto,1,frozen_encoder_ensemble,5,209,41.0,16.087177276611328
femto,1,frozen_encoder_ensemble,5,210,40.0,16.052101135253906
femto,1,frozen_encoder_ensemble,5,211,39.0,16.17902183532715
femto,1,frozen_encoder_ensemble,5,212,38.0,16.06434440612793
femto,1,frozen_encoder_ensemble,5,213,37.0,15.99791145324707
femto,1,frozen_encoder_ensemble,5,214,36.0,15.924516677856445
femto,1,frozen_encoder_ensemble,5,215,35.0,16.06744384765625
femto,1,frozen_encoder_ensemble,5,216,34.0,16.15794563293457
femto,1,frozen_encoder_ensemble,5,217,33.0,15.825202941894531
femto,1,frozen_encoder_ensemble,5,218,32.0,15.668633460998535
femto,1,frozen_encoder_ensemble,5,219,31.000001907348633,15.78080940246582
femto,1,frozen_encoder_ensemble,5,220,30.0,16.142593383789062
femto,1,frozen_encoder_ensemble,5,221,29.0,15.639520645141602
femto,1,frozen_encoder_ensemble,5,222,28.0,15.684345245361328
femto,1,frozen_encoder_ensemble,5,223,27.0,15.607418060302734
femto,1,frozen_encoder_ensemble,5,224,26.0,16.11456298828125
femto,1,frozen_encoder_ensemble,5,225,25.0,16.05486488342285
femto,1,frozen_encoder_ensemble,5,226,24.0,15.917835235595703
femto,1,frozen_encoder_ensemble,5,227,23.0,15.593795776367188
femto,1,frozen_encoder_ensemble,5,228,22.0,15.575846672058105
femto,1,frozen_encoder_ensemble,5,229,21.0,15.761409759521484
femto,1,frozen_encoder_ensemble,5,230,20.0,15.628604888916016
femto,1,frozen_encoder_ensemble,5,231,19.0,15.48928451538086
femto,1,frozen_encoder_ensemble,5,232,18.0,15.442693710327148
femto,1,frozen_encoder_ensemble,5,233,17.0,15.221230506896973
femto,1,frozen_encoder_ensemble,5,234,16.0,15.1829833984375
femto,1,frozen_encoder_ensemble,5,235,15.0,15.03322982788086
femto,1,frozen_encoder_ensemble,5,236,14.0,14.94902229309082
femto,1,frozen_encoder_ensemble,5,237,13.0,14.885175704956055
femto,1,frozen_encoder_ensemble,5,238,12.0,14.299787521362305
femto,1,frozen_encoder_ensemble,5,239,11.0,14.527189254760742
femto,1,frozen_encoder_ensemble,5,240,10.0,14.292132377624512
femto,1,frozen_encoder_ensemble,5,241,9.0,14.300065994262695
femto,1,frozen_encoder_ensemble,5,242,8.0,14.240240097045898
femto,1,frozen_encoder_ensemble,5,243,7.0,14.193214416503906
femto,1,frozen_encoder_ensemble,5,244,6.0,14.135065078735352
femto,1,frozen_encoder_ensemble,5,245,5.0,14.273311614990234
femto,1,frozen_encoder_ensemble,5,246,4.0,13.967375755310059
femto,1,frozen_encoder_ensemble,5,247,3.0,13.856515884399414
femto,1,frozen_encoder_ensemble,5,248,2.0,13.53533935546875
femto,1,frozen_encoder_ensemble,5,249,1.0,13.66427993774414
femto,1,frozen_encoder_ensemble,5,250,0.0,13.782258987426758
femto,1,frozen_encoder_ensemble,5,251,0.0,13.515103340148926
femto,1,frozen_encoder_ensemble,5,252,0.0,13.588651657104492
femto,1,frozen_encoder_ensemble,5,253,0.0,13.641376495361328
femto,1,frozen_encoder_ensemble,5,254,0.0,13.577781677246094
femto,1,frozen_encoder_ensemble,5,255,0.0,13.395846366882324
femto,1,frozen_encoder_ensemble,5,256,0.0,13.303084373474121
femto,1,frozen_encoder_ensemble,5,257,0.0,13.122135162353516
femto,1,frozen_encoder_ensemble,5,258,0.0,13.052401542663574
femto,1,frozen_encoder_ensemble,5,259,0.0,12.811131477355957
femto,1,frozen_encoder_ensemble,5,260,0.0,12.884187698364258
femto,1,frozen_encoder_ensemble,5,261,0.0,12.79888916015625
femto,1,frozen_encoder_ensemble,5,262,0.0,12.564385414123535
femto,1,frozen_encoder_ensemble,5,263,0.0,12.833955764770508
femto,1,frozen_encoder_ensemble,5,264,0.0,12.689092636108398
femto,1,frozen_encoder_ensemble,5,265,0.0,12.578194618225098
femto,1,frozen_encoder_ensemble,5,266,0.0,12.66564655303955
femto,1,frozen_encoder_ensemble,5,267,0.0,12.854870796203613
femto,1,frozen_encoder_ensemble,5,268,0.0,12.658331871032715
femto,1,frozen_encoder_ensemble,5,269,0.0,12.536088943481445
femto,1,frozen_encoder_ensemble,5,270,0.0,12.478315353393555
femto,1,frozen_encoder_ensemble,5,271,0.0,12.313849449157715
femto,1,frozen_encoder_ensemble,5,272,0.0,12.412764549255371
femto,1,frozen_encoder_ensemble,5,273,0.0,12.472042083740234
femto,1,frozen_encoder_ensemble,5,274,0.0,12.422021865844727
femto,1,frozen_encoder_ensemble,5,275,0.0,12.297455787658691
femto,1,frozen_encoder_ensemble,5,276,0.0,12.297660827636719
femto,1,frozen_encoder_ensemble,5,277,0.0,12.404081344604492
femto,1,frozen_encoder_ensemble,5,278,0.0,12.348916053771973
femto,1,frozen_encoder_ensemble,5,279,0.0,12.332873344421387
femto,1,frozen_encoder_ensemble,5,280,0.0,12.302696228027344
femto,1,frozen_encoder_ensemble,5,281,0.0,12.358705520629883
femto,1,frozen_encoder_ensemble,5,282,0.0,12.404756546020508
femto,1,frozen_encoder_ensemble,5,283,0.0,12.502399444580078
femto,1,frozen_encoder_ensemble,5,284,0.0,12.609630584716797
femto,1,frozen_encoder_ensemble,5,285,0.0,12.81832504272461
femto,1,frozen_encoder_ensemble,5,286,0.0,12.820234298706055
femto,1,frozen_encoder_ensemble,5,287,0.0,12.817748069763184
femto,1,frozen_encoder_ensemble,5,288,0.0,12.952985763549805
femto,1,frozen_encoder_ensemble,5,289,0.0,13.099808692932129
femto,1,frozen_encoder_ensemble,5,290,0.0,13.148553848266602
femto,1,frozen_encoder_ensemble,5,291,0.0,13.347326278686523
femto,1,frozen_encoder_ensemble,5,292,0.0,13.377073287963867
femto,1,frozen_encoder_ensemble,5,293,0.0,13.554109573364258
femto,1,frozen_encoder_ensemble,5,294,0.0,13.797268867492676
femto,1,frozen_encoder_ensemble,5,295,0.0,13.86024284362793
femto,1,frozen_encoder_ensemble,5,296,0.0,13.968385696411133
femto,1,frozen_encoder_ensemble,5,297,0.0,14.03573989868164
femto,1,frozen_encoder_ensemble,5,298,0.0,14.139817237854004
femto,1,frozen_encoder_ensemble,5,299,0.0,14.196279525756836
femto,1,scratch_ensemble,5,19,231.0,62.25040054321289
femto,1,scratch_ensemble,5,20,230.0,62.36016845703125
femto,1,scratch_ensemble,5,21,229.0,62.508445739746094
femto,1,scratch_ensemble,5,22,228.0,62.649620056152344
femto,1,scratch_ensemble,5,23,227.0,62.535438537597656
femto,1,scratch_ensemble,5,24,226.0,62.745155334472656
femto,1,scratch_ensemble,5,25,225.0,62.985450744628906
femto,1,scratch_ensemble,5,26,224.0,63.25032043457031
femto,1,scratch_ensemble,5,27,223.0,62.99659729003906
femto,1,scratch_ensemble,5,28,222.0,62.802513122558594
femto,1,scratch_ensemble,5,29,221.0,62.921836853027344
femto,1,scratch_ensemble,5,30,220.0,63.298606872558594
femto,1,scratch_ensemble,5,31,219.0,63.100791931152344
femto,1,scratch_ensemble,5,32,218.0,63.22461700439453
femto,1,scratch_ensemble,5,33,217.0,63.52632141113281
femto,1,scratch_ensemble,5,34,216.0,63.50084686279297
femto,1,scratch_ensemble,5,35,215.0,64.0757064819336
femto,1,scratch_ensemble,5,36,214.0,64.22677612304688
femto,1,scratch_ensemble,5,37,213.0,64.21116638183594
femto,1,scratch_ensemble,5,38,212.0,64.19698333740234
femto,1,scratch_ensemble,5,39,211.0,64.54922485351562
femto,1,scratch_ensemble,5,40,210.0,64.51678466796875
femto,1,scratch_ensemble,5,41,209.0,64.21964263916016
femto,1,scratch_ensemble,5,42,208.0,64.31077575683594
femto,1,scratch_ensemble,5,43,207.0,64.57357788085938
femto,1,scratch_ensemble,5,44,206.0,64.69371032714844
femto,1,scratch_ensemble,5,45,205.0,64.7496109008789
femto,1,scratch_ensemble,5,46,204.0,65.07656860351562
femto,1,scratch_ensemble,5,47,203.0,64.56690979003906
femto,1,scratch_ensemble,5,48,202.0,64.74071502685547
femto,1,scratch_ensemble,5,49,201.0,65.37681579589844
femto,1,scratch_ensemble,5,50,200.0,65.46819305419922
femto,1,scratch_ensemble,5,51,199.0,65.10289001464844
femto,1,scratch_ensemble,5,52,198.0,65.5126724243164
femto,1,scratch_ensemble,5,53,197.0,65.74165344238281
femto,1,scratch_ensemble,5,54,196.0,65.18180847167969
femto,1,scratch_ensemble,5,55,195.0,65.0315933227539
femto,1,scratch_ensemble,5,56,194.0,65.21673583984375
femto,1,scratch_ensemble,5,57,193.0,65.53512573242188
femto,1,scratch_ensemble,5,58,192.0,65.73247528076172
femto,1,scratch_ensemble,5,59,191.0,66.43364715576172
femto,1,scratch_ensemble,5,60,190.0,66.34857177734375
femto,1,scratch_ensemble,5,61,189.0,66.1942138671875
femto,1,scratch_ensemble,5,62,188.0,65.79839324951172
femto,1,scratch_ensemble,5,63,187.0,66.05805206298828
femto,1,scratch_ensemble,5,64,186.0,66.45500946044922
femto,1,scratch_ensemble,5,65,185.0,66.66495513916016
femto,1,scratch_ensemble,5,66,184.0,66.6435546875
femto,1,scratch_ensemble,5,67,183.0,67.49076843261719
femto,1,scratch_ensemble,5,68,182.0,67.76998138427734
femto,1,scratch_ensemble,5,69,181.0,66.82008361816406
femto,1,scratch_ensemble,5,70,180.0,67.389404296875
femto,1,scratch_ensemble,5,71,179.0,66.38223266601562
femto,1,scratch_ensemble,5,72,178.0,66.87606811523438
femto,1,scratch_ensemble,5,73,177.0,67.06344604492188
femto,1,scratch_ensemble,5,74,176.0,66.80023193359375
femto,1,scratch_ensemble,5,75,175.0,67.77070617675781
femto,1,scratch_ensemble,5,76,174.0,67.67218017578125
femto,1,scratch_ensemble,5,77,173.0,67.33708190917969
femto,1,scratch_ensemble,5,78,172.0,67.98661804199219
femto,1,scratch_ensemble,5,79,171.0,68.01367950439453
femto,1,scratch_ensemble,5,80,170.0,68.52102661132812
femto,1,scratch_ensemble,5,81,169.0,68.5591812133789
femto,1,scratch_ensemble,5,82,168.0,68.31114196777344
femto,1,scratch_ensemble,5,83,167.0,68.44739532470703
femto,1,scratch_ensemble,5,84,166.0,68.63085174560547
femto,1,scratch_ensemble,5,85,165.0,69.16346740722656
femto,1,scratch_ensemble,5,86,164.0,69.54458618164062
femto,1,scratch_ensemble,5,87,163.0,69.91900634765625
femto,1,scratch_ensemble,5,88,162.0,69.74609375
femto,1,scratch_ensemble,5,89,161.0,69.98533630371094
femto,1,scratch_ensemble,5,90,160.0,69.8096923828125
femto,1,scratch_ensemble,5,91,159.0,69.43205261230469
femto,1,scratch_ensemble,5,92,158.0,69.2459945678711
femto,1,scratch_ensemble,5,93,157.0,69.8435287475586
femto,1,scratch_ensemble,5,94,156.0,69.41560363769531
femto,1,scratch_ensemble,5,95,155.0,69.77412414550781
femto,1,scratch_ensemble,5,96,154.0,69.9122314453125
femto,1,scratch_ensemble,5,97,153.0,70.34519958496094
femto,1,scratch_ensemble,5,98,152.0,70.4532699584961
femto,1,scratch_ensemble,5,99,151.0,70.73601531982422
femto,1,scratch_ensemble,5,100,150.0,70.8540267944336
femto,1,scratch_ensemble,5,101,149.0,70.23467254638672
femto,1,scratch_ensemble,5,102,148.0,70.97428131103516
femto,1,scratch_ensemble,5,103,147.0,71.24339294433594
femto,1,scratch_ensemble,5,104,146.0,71.37393188476562
femto,1,scratch_ensemble,5,105,145.0,70.94802856445312
femto,1,scratch_ensemble,5,106,144.0,71.27359008789062
femto,1,scratch_ensemble,5,107,143.0,70.99163055419922
femto,1,scratch_ensemble,5,108,142.0,70.57594299316406
femto,1,scratch_ensemble,5,109,141.0,70.82101440429688
femto,1,scratch_ensemble,5,110,140.0,70.5081558227539
femto,1,scratch_ensemble,5,111,139.0,70.67776489257812
femto,1,scratch_ensemble,5,112,138.0,71.0179672241211
femto,1,scratch_ensemble,5,113,137.0,70.73602294921875
femto,1,scratch_ensemble,5,114,136.0,70.10855102539062
femto,1,scratch_ensemble,5,115,135.0,70.74549865722656
femto,1,scratch_ensemble,5,116,134.0,71.34989929199219
femto,1,scratch_ensemble,5,117,133.0,71.06219482421875
femto,1,scratch_ensemble,5,118,132.0,71.38383483886719
femto,1,scratch_ensemble,5,119,131.0,70.61375427246094
femto,1,scratch_ensemble,5,120,130.0,70.83247375488281
femto,1,scratch_ensemble,5,121,129.0,71.07669067382812
femto,1,scratch_ensemble,5,122,128.0,71.12364196777344
femto,1,scratch_ensemble,5,123,127.00000762939453,70.51116943359375
femto,1,scratch_ensemble,5,124,126.0,70.63229370117188
femto,1,scratch_ensemble,5,125,125.0,70.0037841796875
femto,1,scratch_ensemble,5,126,124.00000762939453,70.26507568359375
femto,1,scratch_ensemble,5,127,123.0,70.6668930053711
femto,1,scratch_ensemble,5,128,122.0,69.97842407226562
femto,1,scratch_ensemble,5,129,121.00000762939453,70.18524169921875
femto,1,scratch_ensemble,5,130,120.0,70.69581604003906
femto,1,scratch_ensemble,5,131,119.0,69.78604125976562
femto,1,scratch_ensemble,5,132,118.00000762939453,68.81110382080078
femto,1,scratch_ensemble,5,133,117.0,68.74766540527344
femto,1,scratch_ensemble,5,134,116.0,69.15036010742188
femto,1,scratch_ensemble,5,135,115.0,69.0220947265625
femto,1,scratch_ensemble,5,136,114.0,68.88180541992188
femto,1,scratch_ensemble,5,137,113.0,68.54519653320312
femto,1,scratch_ensemble,5,138,112.0,67.77587890625
femto,1,scratch_ensemble,5,139,111.0,67.95699310302734
femto,1,scratch_ensemble,5,140,110.0,67.73772430419922
femto,1,scratch_ensemble,5,141,109.0,67.95008850097656
femto,1,scratch_ensemble,5,142,108.0,68.17645263671875
femto,1,scratch_ensemble,5,143,107.0,67.38088989257812
femto,1,scratch_ensemble,5,144,106.0,67.44610595703125
femto,1,scratch_ensemble,5,145,105.0,67.46795654296875
femto,1,scratch_ensemble,5,146,104.0,67.02873229980469
femto,1,scratch_ensemble,5,147,103.0,67.45452880859375
femto,1,scratch_ensemble,5,148,102.0,67.57675170898438
femto,1,scratch_ensemble,5,149,101.0,67.76765441894531
femto,1,scratch_ensemble,5,150,100.0,67.70938110351562
femto,1,scratch_ensemble,5,151,99.0,67.29931640625
femto,1,scratch_ensemble,5,152,98.0,67.24942779541016
femto,1,scratch_ensemble,5,153,97.0,66.9897232055664
femto,1,scratch_ensemble,5,154,96.0,66.45133209228516
femto,1,scratch_ensemble,5,155,95.0,66.47573852539062
femto,1,scratch_ensemble,5,156,94.0,66.34968566894531
femto,1,scratch_ensemble,5,157,93.0,66.24524688720703
femto,1,scratch_ensemble,5,158,92.0,65.99073791503906
femto,1,scratch_ensemble,5,159,91.0,65.76293182373047
femto,1,scratch_ensemble,5,160,90.0,65.71343994140625
femto,1,scratch_ensemble,5,161,89.0,65.37743377685547
femto,1,scratch_ensemble,5,162,88.0,65.21327209472656
femto,1,scratch_ensemble,5,163,87.0,64.94145965576172
femto,1,scratch_ensemble,5,164,86.0,64.89907836914062
femto,1,scratch_ensemble,5,165,85.0,64.68836975097656
femto,1,scratch_ensemble,5,166,84.0,64.30570983886719
femto,1,scratch_ensemble,5,167,83.0,63.73444366455078
femto,1,scratch_ensemble,5,168,82.0,62.79636764526367
femto,1,scratch_ensemble,5,169,81.0,63.223140716552734
femto,1,scratch_ensemble,5,170,80.0,62.664955139160156
femto,1,scratch_ensemble,5,171,79.0,62.534671783447266
femto,1,scratch_ensemble,5,172,78.0,62.635345458984375
femto,1,scratch_ensemble,5,173,77.0,62.41410446166992
femto,1,scratch_ensemble,5,174,76.0,62.03624725341797
femto,1,scratch_ensemble,5,175,75.0,61.46589660644531
femto,1,scratch_ensemble,5,176,74.0,61.097129821777344
femto,1,scratch_ensemble,5,177,73.0,61.03157424926758
femto,1,scratch_ensemble,5,178,72.0,60.38970184326172
femto,1,scratch_ensemble,5,179,71.0,60.21983337402344
femto,1,scratch_ensemble,5,180,70.0,59.72154998779297
femto,1,scratch_ensemble,5,181,69.0,59.34461975097656
femto,1,scratch_ensemble,5,182,68.0,58.65510559082031
femto,1,scratch_ensemble,5,183,67.0,58.09281921386719
femto,1,scratch_ensemble,5,184,66.0,58.057838439941406
femto,1,scratch_ensemble,5,185,65.0,57.41820526123047
femto,1,scratch_ensemble,5,186,64.0,56.357635498046875
femto,1,scratch_ensemble,5,187,63.0,55.962135314941406
femto,1,scratch_ensemble,5,188,62.000003814697266,55.671810150146484
femto,1,scratch_ensemble,5,189,61.0,54.36286544799805
femto,1,scratch_ensemble,5,190,60.0,54.76036071777344
femto,1,scratch_ensemble,5,191,59.000003814697266,53.35364532470703
femto,1,scratch_ensemble,5,192,58.0,52.740177154541016
femto,1,scratch_ensemble,5,193,57.0,52.676002502441406
femto,1,scratch_ensemble,5,194,56.0,50.760101318359375
femto,1,scratch_ensemble,5,195,55.0,50.3865852355957
femto,1,scratch_ensemble,5,196,54.0,48.69797897338867
femto,1,scratch_ensemble,5,197,53.0,48.58338928222656
femto,1,scratch_ensemble,5,198,52.0,48.01361083984375
femto,1,scratch_ensemble,5,199,51.0,47.248077392578125
femto,1,scratch_ensemble,5,200,50.0,46.3834114074707
femto,1,scratch_ensemble,5,201,49.0,46.28717041015625
femto,1,scratch_ensemble,5,202,48.0,44.7474365234375
femto,1,scratch_ensemble,5,203,47.0,44.57167053222656
femto,1,scratch_ensemble,5,204,46.0,44.452598571777344
femto,1,scratch_ensemble,5,205,45.0,43.11581039428711
femto,1,scratch_ensemble,5,206,44.0,41.59336853027344
femto,1,scratch_ensemble,5,207,43.0,40.85077667236328
femto,1,scratch_ensemble,5,208,42.0,39.430641174316406
femto,1,scratch_ensemble,5,209,41.0,38.97330093383789
femto,1,scratch_ensemble,5,210,40.0,38.030582427978516
femto,1,scratch_ensemble,5,211,39.0,38.39768981933594
femto,1,scratch_ensemble,5,212,38.0,36.19807434082031
femto,1,scratch_ensemble,5,213,37.0,34.97706985473633
femto,1,scratch_ensemble,5,214,36.0,33.656593322753906
femto,1,scratch_ensemble,5,215,35.0,33.28839111328125
femto,1,scratch_ensemble,5,216,34.0,33.0616455078125
femto,1,scratch_ensemble,5,217,33.0,31.1558837890625
femto,1,scratch_ensemble,5,218,32.0,30.234973907470703
femto,1,scratch_ensemble,5,219,31.000001907348633,28.28267478942871
femto,1,scratch_ensemble,5,220,30.0,28.429367065429688
femto,1,scratch_ensemble,5,221,29.0,26.97138214111328
femto,1,scratch_ensemble,5,222,28.0,25.86785888671875
femto,1,scratch_ensemble,5,223,27.0,25.21334457397461
femto,1,scratch_ensemble,5,224,26.0,26.20604705810547
femto,1,scratch_ensemble,5,225,25.0,25.33550453186035
femto,1,scratch_ensemble,5,226,24.0,24.686124801635742
femto,1,scratch_ensemble,5,227,23.0,22.715965270996094
femto,1,scratch_ensemble,5,228,22.0,21.739608764648438
femto,1,scratch_ensemble,5,229,21.0,22.53232765197754
femto,1,scratch_ensemble,5,230,20.0,21.643383026123047
femto,1,scratch_ensemble,5,231,19.0,20.450063705444336
femto,1,scratch_ensemble,5,232,18.0,19.72470474243164
femto,1,scratch_ensemble,5,233,17.0,18.800851821899414
femto,1,scratch_ensemble,5,234,16.0,18.365541458129883
femto,1,scratch_ensemble,5,235,15.0,17.10753631591797
femto,1,scratch_ensemble,5,236,14.0,16.257715225219727
femto,1,scratch_ensemble,5,237,13.0,15.601730346679688
femto,1,scratch_ensemble,5,238,12.0,14.412311553955078
femto,1,scratch_ensemble,5,239,11.0,14.002876281738281
femto,1,scratch_ensemble,5,240,10.0,13.31509780883789
femto,1,scratch_ensemble,5,241,9.0,12.721139907836914
femto,1,scratch_ensemble,5,242,8.0,12.313549041748047
femto,1,scratch_ensemble,5,243,7.0,11.556242942810059
femto,1,scratch_ensemble,5,244,6.0,11.212676048278809
femto,1,scratch_ensemble,5,245,5.0,11.267578125
femto,1,scratch_ensemble,5,246,4.0,10.6663818359375
femto,1,scratch_ensemble,5,247,3.0,10.03354263305664
femto,1,scratch_ensemble,5,248,2.0,8.978328704833984
femto,1,scratch_ensemble,5,249,1.0,8.69664192199707
femto,1,scratch_ensemble,5,250,0.0,8.5176420211792
femto,1,scratch_ensemble,5,251,0.0,7.799184799194336
femto,1,scratch_ensemble,5,252,0.0,7.571405410766602
femto,1,scratch_ensemble,5,253,0.0,7.136105537414551
femto,1,scratch_ensemble,5,254,0.0,6.605372428894043
femto,1,scratch_ensemble,5,255,0.0,5.6225786209106445
femto,1,scratch_ensemble,5,256,0.0,5.30689001083374
femto,1,scratch_ensemble,5,257,0.0,4.2856855392456055
femto,1,scratch_ensemble,5,258,0.0,3.91726016998291
femto,1,scratch_ensemble,5,259,0.0,3.0572633743286133
femto,1,scratch_ensemble,5,260,0.0,2.8219804763793945
femto,1,scratch_ensemble,5,261,0.0,2.3281922340393066
femto,1,scratch_ensemble,5,262,0.0,1.7170013189315796
femto,1,scratch_ensemble,5,263,0.0,1.8923741579055786
femto,1,scratch_ensemble,5,264,0.0,1.5520625114440918
femto,1,scratch_ensemble,5,265,0.0,1.023000955581665
femto,1,scratch_ensemble,5,266,0.0,0.8221210837364197
femto,1,scratch_ensemble,5,267,0.0,1.2162673473358154
femto,1,scratch_ensemble,5,268,0.0,0.4931885600090027
femto,1,scratch_ensemble,5,269,0.0,0.09355413913726807
femto,1,scratch_ensemble,5,270,0.0,-0.27998122572898865
femto,1,scratch_ensemble,5,271,0.0,-0.6165338754653931
femto,1,scratch_ensemble,5,272,0.0,-0.680138111114502
femto,1,scratch_ensemble,5,273,0.0,-0.6520445942878723
femto,1,scratch_ensemble,5,274,0.0,-0.8217016458511353
femto,1,scratch_ensemble,5,275,0.0,-1.189886212348938
femto,1,scratch_ensemble,5,276,0.0,-1.3203742504119873
femto,1,scratch_ensemble,5,277,0.0,-1.2973862886428833
femto,1,scratch_ensemble,5,278,0.0,-1.3947618007659912
femto,1,scratch_ensemble,5,279,0.0,-1.4762537479400635
femto,1,scratch_ensemble,5,280,0.0,-1.5639879703521729
femto,1,scratch_ensemble,5,281,0.0,-1.4358869791030884
femto,1,scratch_ensemble,5,282,0.0,-1.3458824157714844
femto,1,scratch_ensemble,5,283,0.0,-1.2793374061584473
femto,1,scratch_ensemble,5,284,0.0,-1.2044779062271118
femto,1,scratch_ensemble,5,285,0.0,-0.746039867401123
femto,1,scratch_ensemble,5,286,0.0,-0.6869007349014282
femto,1,scratch_ensemble,5,287,0.0,-0.5363261103630066
femto,1,scratch_ensemble,5,288,0.0,-0.2862844467163086
femto,1,scratch_ensemble,5,289,0.0,-0.11468181014060974
femto,1,scratch_ensemble,5,290,0.0,0.07774132490158081
femto,1,scratch_ensemble,5,291,0.0,0.5654121041297913
femto,1,scratch_ensemble,5,292,0.0,0.8133096098899841
femto,1,scratch_ensemble,5,293,0.0,1.191384196281433
femto,1,scratch_ensemble,5,294,0.0,1.8216135501861572
femto,1,scratch_ensemble,5,295,0.0,2.064650535583496
femto,1,scratch_ensemble,5,296,0.0,2.4011154174804688
femto,1,scratch_ensemble,5,297,0.0,2.6769022941589355
femto,1,scratch_ensemble,5,298,0.0,3.0029401779174805
femto,1,scratch_ensemble,5,299,0.0,3.398484468460083
femto,1,ridge_ensemble,5,19,231.0,248.56973266601562
femto,1,ridge_ensemble,5,20,230.0,247.4935302734375
femto,1,ridge_ensemble,5,21,229.0,246.41799926757812
femto,1,ridge_ensemble,5,22,228.0,245.3425750732422
femto,1,ridge_ensemble,5,23,227.0,244.2667999267578
femto,1,ridge_ensemble,5,24,226.0,243.19110107421875
femto,1,ridge_ensemble,5,25,225.0,242.11558532714844
femto,1,ridge_ensemble,5,26,224.0,241.03981018066406
femto,1,ridge_ensemble,5,27,223.0,239.96389770507812
femto,1,ridge_ensemble,5,28,222.0,238.88819885253906
femto,1,ridge_ensemble,5,29,221.0,237.81292724609375
femto,1,ridge_ensemble,5,30,220.0,236.73731994628906
femto,1,ridge_ensemble,5,31,219.0,235.66136169433594
femto,1,ridge_ensemble,5,32,218.0,234.58575439453125
femto,1,ridge_ensemble,5,33,217.0,233.50978088378906
femto,1,ridge_ensemble,5,34,216.0,232.4341278076172
femto,1,ridge_ensemble,5,35,215.0,231.35890197753906
femto,1,ridge_ensemble,5,36,214.0,230.28314208984375
femto,1,ridge_ensemble,5,37,213.0,229.20758056640625
femto,1,ridge_ensemble,5,38,212.0,228.1315460205078
femto,1,ridge_ensemble,5,39,211.0,227.05633544921875
femto,1,ridge_ensemble,5,40,210.0,225.98046875
femto,1,ridge_ensemble,5,41,209.0,224.9049530029297
femto,1,ridge_ensemble,5,42,208.0,223.8292694091797
femto,1,ridge_ensemble,5,43,207.0,222.7535400390625
femto,1,ridge_ensemble,5,44,206.0,221.67808532714844
femto,1,ridge_ensemble,5,45,205.0,220.60189819335938
femto,1,ridge_ensemble,5,46,204.0,219.5266571044922
femto,1,ridge_ensemble,5,47,203.0,218.45126342773438
femto,1,ridge_ensemble,5,48,202.0,217.3748016357422
femto,1,ridge_ensemble,5,49,201.0,216.29946899414062
femto,1,ridge_ensemble,5,50,200.0,215.22412109375
femto,1,ridge_ensemble,5,51,199.0,214.1481170654297
femto,1,ridge_ensemble,5,52,198.0,213.07247924804688
femto,1,ridge_ensemble,5,53,197.0,211.99693298339844
femto,1,ridge_ensemble,5,54,196.0,210.92137145996094
femto,1,ridge_ensemble,5,55,195.0,209.84535217285156
femto,1,ridge_ensemble,5,56,194.0,208.76991271972656
femto,1,ridge_ensemble,5,57,193.0,207.69435119628906
femto,1,ridge_ensemble,5,58,192.0,206.61846923828125
femto,1,ridge_ensemble,5,59,191.0,205.5431671142578
femto,1,ridge_ensemble,5,60,190.0,204.46719360351562
femto,1,ridge_ensemble,5,61,189.0,203.39149475097656
femto,1,ridge_ensemble,5,62,188.0,202.31578063964844
femto,1,ridge_ensemble,5,63,187.0,201.24046325683594
femto,1,ridge_ensemble,5,64,186.0,200.1647491455078
femto,1,ridge_ensemble,5,65,185.0,199.08917236328125
femto,1,ridge_ensemble,5,66,184.0,198.01333618164062
femto,1,ridge_ensemble,5,67,183.0,196.93783569335938
femto,1,ridge_ensemble,5,68,182.0,195.8623046875
femto,1,ridge_ensemble,5,69,181.0,194.7864532470703
femto,1,ridge_ensemble,5,70,180.0,193.71087646484375
femto,1,ridge_ensemble,5,71,179.0,192.63525390625
femto,1,ridge_ensemble,5,72,178.0,191.55958557128906
femto,1,ridge_ensemble,5,73,177.0,190.4837188720703
femto,1,ridge_ensemble,5,74,176.0,189.40817260742188
femto,1,ridge_ensemble,5,75,175.0,188.33287048339844
femto,1,ridge_ensemble,5,76,174.0,187.25694274902344
femto,1,ridge_ensemble,5,77,173.0,186.1810302734375
femto,1,ridge_ensemble,5,78,172.0,185.10560607910156
femto,1,ridge_ensemble,5,79,171.0,184.0298309326172
femto,1,ridge_ensemble,5,80,170.0,182.954345703125
femto,1,ridge_ensemble,5,81,169.0,181.87852478027344
femto,1,ridge_ensemble,5,82,168.0,180.802978515625
femto,1,ridge_ensemble,5,83,167.0,179.72703552246094
femto,1,ridge_ensemble,5,84,166.0,178.6517333984375
femto,1,ridge_ensemble,5,85,165.0,177.57603454589844
femto,1,ridge_ensemble,5,86,164.0,176.50054931640625
femto,1,ridge_ensemble,5,87,163.0,175.42483520507812
femto,1,ridge_ensemble,5,88,162.0,174.34921264648438
femto,1,ridge_ensemble,5,89,161.0,173.2733154296875
femto,1,ridge_ensemble,5,90,160.0,172.19776916503906
femto,1,ridge_ensemble,5,91,159.0,171.12176513671875
femto,1,ridge_ensemble,5,92,158.0,170.04647827148438
femto,1,ridge_ensemble,5,93,157.0,168.97071838378906
femto,1,ridge_ensemble,5,94,156.0,167.89532470703125
femto,1,ridge_ensemble,5,95,155.0,166.81932067871094
femto,1,ridge_ensemble,5,96,154.0,165.7438201904297
femto,1,ridge_ensemble,5,97,153.0,164.66822814941406
femto,1,ridge_ensemble,5,98,152.0,163.5923309326172
femto,1,ridge_ensemble,5,99,151.0,162.51687622070312
femto,1,ridge_ensemble,5,100,150.0,161.44134521484375
femto,1,ridge_ensemble,5,101,149.0,160.3651123046875
femto,1,ridge_ensemble,5,102,148.0,159.2898712158203
femto,1,ridge_ensemble,5,103,147.0,158.2139434814453
femto,1,ridge_ensemble,5,104,146.0,157.13861083984375
femto,1,ridge_ensemble,5,105,145.0,156.0626220703125
femto,1,ridge_ensemble,5,106,144.0,154.98721313476562
femto,1,ridge_ensemble,5,107,143.0,153.9114227294922
femto,1,ridge_ensemble,5,108,142.0,152.8356475830078
femto,1,ridge_ensemble,5,109,141.0,151.76043701171875
femto,1,ridge_ensemble,5,110,140.0,150.68458557128906
femto,1,ridge_ensemble,5,111,139.0,149.60882568359375
femto,1,ridge_ensemble,5,112,138.0,148.5336151123047
femto,1,ridge_ensemble,5,113,137.0,147.4573516845703
femto,1,ridge_ensemble,5,114,136.0,146.3819122314453
femto,1,ridge_ensemble,5,115,135.0,145.30670166015625
femto,1,ridge_ensemble,5,116,134.0,144.23074340820312
femto,1,ridge_ensemble,5,117,133.0,143.15509033203125
femto,1,ridge_ensemble,5,118,132.0,142.0794677734375
femto,1,ridge_ensemble,5,119,131.0,141.00369262695312
femto,1,ridge_ensemble,5,120,130.0,139.92813110351562
femto,1,ridge_ensemble,5,121,129.0,138.85244750976562
femto,1,ridge_ensemble,5,122,128.0,137.77671813964844
femto,1,ridge_ensemble,5,123,127.00000762939453,136.7009735107422
femto,1,ridge_ensemble,5,124,126.0,135.62570190429688
femto,1,ridge_ensemble,5,125,125.0,134.54931640625
femto,1,ridge_ensemble,5,126,124.00000762939453,133.47438049316406
femto,1,ridge_ensemble,5,127,123.0,132.39852905273438
femto,1,ridge_ensemble,5,128,122.0,131.3223876953125
femto,1,ridge_ensemble,5,129,121.00000762939453,130.2471160888672
femto,1,ridge_ensemble,5,130,120.0,129.1715545654297
femto,1,ridge_ensemble,5,131,119.0,128.09535217285156
femto,1,ridge_ensemble,5,132,118.00000762939453,127.02001953125
femto,1,ridge_ensemble,5,133,117.0,125.94481658935547
femto,1,ridge_ensemble,5,134,116.0,124.86894989013672
femto,1,ridge_ensemble,5,135,115.0,123.79338836669922
femto,1,ridge_ensemble,5,136,114.0,122.7177734375
femto,1,ridge_ensemble,5,137,113.0,121.64203643798828
femto,1,ridge_ensemble,5,138,112.0,120.56588745117188
femto,1,ridge_ensemble,5,139,111.0,119.4906005859375
femto,1,ridge_ensemble,5,140,110.0,118.41514587402344
femto,1,ridge_ensemble,5,141,109.0,117.3392105102539
femto,1,ridge_ensemble,5,142,108.0,116.26353454589844
femto,1,ridge_ensemble,5,143,107.0,115.18763732910156
femto,1,ridge_ensemble,5,144,106.0,114.1127700805664
femto,1,ridge_ensemble,5,145,105.0,113.03630828857422
femto,1,ridge_ensemble,5,146,104.0,111.96074676513672
femto,1,ridge_ensemble,5,147,103.0,110.88553619384766
femto,1,ridge_ensemble,5,148,102.0,109.80976867675781
femto,1,ridge_ensemble,5,149,101.0,108.73445129394531
femto,1,ridge_ensemble,5,150,100.0,107.65808868408203
femto,1,ridge_ensemble,5,151,99.0,106.58251190185547
femto,1,ridge_ensemble,5,152,98.0,105.50712585449219
femto,1,ridge_ensemble,5,153,97.0,104.43120574951172
femto,1,ridge_ensemble,5,154,96.0,103.3559341430664
femto,1,ridge_ensemble,5,155,95.0,102.2803955078125
femto,1,ridge_ensemble,5,156,94.0,101.20428466796875
femto,1,ridge_ensemble,5,157,93.0,100.12865447998047
femto,1,ridge_ensemble,5,158,92.0,99.0529556274414
femto,1,ridge_ensemble,5,159,91.0,97.97724914550781
femto,1,ridge_ensemble,5,160,90.0,96.90140533447266
femto,1,ridge_ensemble,5,161,89.0,95.82600402832031
femto,1,ridge_ensemble,5,162,88.0,94.75001525878906
femto,1,ridge_ensemble,5,163,87.0,93.6748046875
femto,1,ridge_ensemble,5,164,86.0,92.5988540649414
femto,1,ridge_ensemble,5,165,85.0,91.52262878417969
femto,1,ridge_ensemble,5,166,84.0,90.44751739501953
femto,1,ridge_ensemble,5,167,83.0,89.37177276611328
femto,1,ridge_ensemble,5,168,82.0,88.2965087890625
femto,1,ridge_ensemble,5,169,81.0,87.220458984375
femto,1,ridge_ensemble,5,170,80.0,86.14513397216797
femto,1,ridge_ensemble,5,171,79.0,85.06895446777344
femto,1,ridge_ensemble,5,172,78.0,83.99359893798828
femto,1,ridge_ensemble,5,173,77.0,82.91815185546875
femto,1,ridge_ensemble,5,174,76.0,81.8432388305664
femto,1,ridge_ensemble,5,175,75.0,80.76809692382812
femto,1,ridge_ensemble,5,176,74.0,79.69282531738281
femto,1,ridge_ensemble,5,177,73.0,78.61714935302734
femto,1,ridge_ensemble,5,178,72.0,77.5412368774414
femto,1,ridge_ensemble,5,179,71.0,76.46492004394531
femto,1,ridge_ensemble,5,180,70.0,75.3895492553711
femto,1,ridge_ensemble,5,181,69.0,74.31295776367188
femto,1,ridge_ensemble,5,182,68.0,73.2378158569336
femto,1,ridge_ensemble,5,183,67.0,72.16210174560547
femto,1,ridge_ensemble,5,184,66.0,71.08685302734375
femto,1,ridge_ensemble,5,185,65.0,70.01146697998047
femto,1,ridge_ensemble,5,186,64.0,68.93684387207031
femto,1,ridge_ensemble,5,187,63.0,67.86004638671875
femto,1,ridge_ensemble,5,188,62.000003814697266,66.78453063964844
femto,1,ridge_ensemble,5,189,61.0,65.70933532714844
femto,1,ridge_ensemble,5,190,60.0,64.6324462890625
femto,1,ridge_ensemble,5,191,59.000003814697266,63.557456970214844
femto,1,ridge_ensemble,5,192,58.0,62.481727600097656
femto,1,ridge_ensemble,5,193,57.0,61.406394958496094
femto,1,ridge_ensemble,5,194,56.0,60.33122253417969
femto,1,ridge_ensemble,5,195,55.0,59.254337310791016
femto,1,ridge_ensemble,5,196,54.0,58.1788444519043
femto,1,ridge_ensemble,5,197,53.0,57.10319900512695
femto,1,ridge_ensemble,5,198,52.0,56.02781295776367
femto,1,ridge_ensemble,5,199,51.0,54.95247268676758
femto,1,ridge_ensemble,5,200,50.0,53.87680435180664
femto,1,ridge_ensemble,5,201,49.0,52.80059051513672
femto,1,ridge_ensemble,5,202,48.0,51.72514343261719
femto,1,ridge_ensemble,5,203,47.0,50.64939498901367
femto,1,ridge_ensemble,5,204,46.0,49.572818756103516
femto,1,ridge_ensemble,5,205,45.0,48.49716567993164
femto,1,ridge_ensemble,5,206,44.0,47.42173385620117
femto,1,ridge_ensemble,5,207,43.0,46.34638977050781
femto,1,ridge_ensemble,5,208,42.0,45.269927978515625
femto,1,ridge_ensemble,5,209,41.0,44.19427490234375
femto,1,ridge_ensemble,5,210,40.0,43.118709564208984
femto,1,ridge_ensemble,5,211,39.0,42.042057037353516
femto,1,ridge_ensemble,5,212,38.0,40.96723937988281
femto,1,ridge_ensemble,5,213,37.0,39.8907356262207
femto,1,ridge_ensemble,5,214,36.0,38.81563186645508
femto,1,ridge_ensemble,5,215,35.0,37.73971176147461
femto,1,ridge_ensemble,5,216,34.0,36.66374588012695
femto,1,ridge_ensemble,5,217,33.0,35.588035583496094
femto,1,ridge_ensemble,5,218,32.0,34.51115798950195
femto,1,ridge_ensemble,5,219,31.000001907348633,33.43645477294922
femto,1,ridge_ensemble,5,220,30.0,32.36138916015625
femto,1,ridge_ensemble,5,221,29.0,31.284032821655273
femto,1,ridge_ensemble,5,222,28.0,30.20899200439453
femto,1,ridge_ensemble,5,223,27.0,29.132783889770508
femto,1,ridge_ensemble,5,224,26.0,28.056917190551758
femto,1,ridge_ensemble,5,225,25.0,26.98166847229004
femto,1,ridge_ensemble,5,226,24.0,25.905616760253906
femto,1,ridge_ensemble,5,227,23.0,24.82972526550293
femto,1,ridge_ensemble,5,228,22.0,23.753665924072266
femto,1,ridge_ensemble,5,229,21.0,22.6769962310791
femto,1,ridge_ensemble,5,230,20.0,21.602741241455078
femto,1,ridge_ensemble,5,231,19.0,20.52672576904297
femto,1,ridge_ensemble,5,232,18.0,19.451330184936523
femto,1,ridge_ensemble,5,233,17.0,18.375591278076172
femto,1,ridge_ensemble,5,234,16.0,17.299652099609375
femto,1,ridge_ensemble,5,235,15.0,16.22466468811035
femto,1,ridge_ensemble,5,236,14.0,15.147988319396973
femto,1,ridge_ensemble,5,237,13.0,14.072456359863281
femto,1,ridge_ensemble,5,238,12.0,12.996227264404297
femto,1,ridge_ensemble,5,239,11.0,11.921307563781738
femto,1,ridge_ensemble,5,240,10.0,10.845629692077637
femto,1,ridge_ensemble,5,241,9.0,9.769999504089355
femto,1,ridge_ensemble,5,242,8.0,8.694236755371094
femto,1,ridge_ensemble,5,243,7.0,7.618784427642822
femto,1,ridge_ensemble,5,244,6.0,6.5435991287231445
femto,1,ridge_ensemble,5,245,5.0,5.4690656661987305
femto,1,ridge_ensemble,5,246,4.0,4.394192695617676
femto,1,ridge_ensemble,5,247,3.0,3.3196053504943848
femto,1,ridge_ensemble,5,248,2.0,2.2457823753356934
femto,1,ridge_ensemble,5,249,1.0,1.1707353591918945
femto,1,ridge_ensemble,5,250,0.0,0.0968916192650795
femto,1,ridge_ensemble,5,251,0.0,0.09397177398204803
femto,1,ridge_ensemble,5,252,0.0,0.09153182059526443
femto,1,ridge_ensemble,5,253,0.0,0.08840373158454895
femto,1,ridge_ensemble,5,254,0.0,0.08495736122131348
femto,1,ridge_ensemble,5,255,0.0,0.08324206620454788
femto,1,ridge_ensemble,5,256,0.0,0.07977432012557983
femto,1,ridge_ensemble,5,257,0.0,0.07769978791475296
femto,1,ridge_ensemble,5,258,0.0,0.0752301812171936
femto,1,ridge_ensemble,5,259,0.0,0.07252924889326096
femto,1,ridge_ensemble,5,260,0.0,0.07026930898427963
femto,1,ridge_ensemble,5,261,0.0,0.06827852129936218
femto,1,ridge_ensemble,5,262,0.0,0.06630352139472961
femto,1,ridge_ensemble,5,263,0.0,0.0648370236158371
femto,1,ridge_ensemble,5,264,0.0,0.06310833245515823
femto,1,ridge_ensemble,5,265,0.0,0.06170327588915825
femto,1,ridge_ensemble,5,266,0.0,0.060285910964012146
femto,1,ridge_ensemble,5,267,0.0,0.05800240486860275
femto,1,ridge_ensemble,5,268,0.0,0.05775421857833862
femto,1,ridge_ensemble,5,269,0.0,0.056821998208761215
femto,1,ridge_ensemble,5,270,0.0,0.056681279093027115
femto,1,ridge_ensemble,5,271,0.0,0.05586998909711838
femto,1,ridge_ensemble,5,272,0.0,0.056002676486968994
femto,1,ridge_ensemble,5,273,0.0,0.05592609941959381
femto,1,ridge_ensemble,5,274,0.0,0.05663753300905228
femto,1,ridge_ensemble,5,275,0.0,0.057345837354660034
femto,1,ridge_ensemble,5,276,0.0,0.057950690388679504
femto,1,ridge_ensemble,5,277,0.0,0.059453334659338
femto,1,ridge_ensemble,5,278,0.0,0.06110246106982231
femto,1,ridge_ensemble,5,279,0.0,0.06290056556463242
femto,1,ridge_ensemble,5,280,0.0,0.06496722996234894
femto,1,ridge_ensemble,5,281,0.0,0.06795673817396164
femto,1,ridge_ensemble,5,282,0.0,0.07145287841558456
femto,1,ridge_ensemble,5,283,0.0,0.075215183198452
femto,1,ridge_ensemble,5,284,0.0,0.07987426221370697
femto,1,ridge_ensemble,5,285,0.0,0.08464668691158295
femto,1,ridge_ensemble,5,286,0.0,0.09051115065813065
femto,1,ridge_ensemble,5,287,0.0,0.09686489403247833
femto,1,ridge_ensemble,5,288,0.0,0.1045616865158081
femto,1,ridge_ensemble,5,289,0.0,0.11319684237241745
femto,1,ridge_ensemble,5,290,0.0,0.12251785397529602
femto,1,ridge_ensemble,5,291,0.0,0.13215740025043488
femto,1,ridge_ensemble,5,292,0.0,0.14112505316734314
femto,1,ridge_ensemble,5,293,0.0,0.15064020454883575
femto,1,ridge_ensemble,5,294,0.0,0.16000419855117798
femto,1,ridge_ensemble,5,295,0.0,0.16993047297000885
femto,1,ridge_ensemble,5,296,0.0,0.17934109270572662
femto,1,ridge_ensemble,5,297,0.0,0.18873091042041779
femto,1,ridge_ensemble,5,298,0.0,0.19815658032894135
femto,1,ridge_ensemble,5,299,0.0,0.2073626071214676
femto,2,transfer_ensemble,5,19,231.0,58.98736572265625
femto,2,transfer_ensemble,5,20,230.0,59.07746887207031
femto,2,transfer_ensemble,5,21,229.0,59.09723663330078
femto,2,transfer_ensemble,5,22,228.0,59.104522705078125
femto,2,transfer_ensemble,5,23,227.0,58.6427001953125
femto,2,transfer_ensemble,5,24,226.0,58.904632568359375
femto,2,transfer_ensemble,5,25,225.0,59.24768829345703
femto,2,transfer_ensemble,5,26,224.0,59.49085998535156
femto,2,transfer_ensemble,5,27,223.0,58.86085891723633
femto,2,transfer_ensemble,5,28,222.0,58.44102096557617
femto,2,transfer_ensemble,5,29,221.0,58.52045440673828
femto,2,transfer_ensemble,5,30,220.0,58.954689025878906
femto,2,transfer_ensemble,5,31,219.0,58.525146484375
femto,2,transfer_ensemble,5,32,218.0,58.53131103515625
femto,2,transfer_ensemble,5,33,217.0,58.88347625732422
femto,2,transfer_ensemble,5,34,216.0,58.535064697265625
femto,2,transfer_ensemble,5,35,215.0,59.52928924560547
femto,2,transfer_ensemble,5,36,214.0,59.48878479003906
femto,2,transfer_ensemble,5,37,213.0,59.180320739746094
femto,2,transfer_ensemble,5,38,212.0,58.95817184448242
femto,2,transfer_ensemble,5,39,211.0,59.48237609863281
femto,2,transfer_ensemble,5,40,210.0,59.14567947387695
femto,2,transfer_ensemble,5,41,209.0,58.583274841308594
femto,2,transfer_ensemble,5,42,208.0,58.58893585205078
femto,2,transfer_ensemble,5,43,207.0,58.898406982421875
femto,2,transfer_ensemble,5,44,206.0,58.8006706237793
femto,2,transfer_ensemble,5,45,205.0,58.79350280761719
femto,2,transfer_ensemble,5,46,204.0,59.275413513183594
femto,2,transfer_ensemble,5,47,203.0,58.23694610595703
femto,2,transfer_ensemble,5,48,202.0,58.34550476074219
femto,2,transfer_ensemble,5,49,201.0,59.25318145751953
femto,2,transfer_ensemble,5,50,200.0,59.13268280029297
femto,2,transfer_ensemble,5,51,199.0,58.42503356933594
femto,2,transfer_ensemble,5,52,198.0,59.30647277832031
femto,2,transfer_ensemble,5,53,197.0,59.16556167602539
femto,2,transfer_ensemble,5,54,196.0,58.09218978881836
femto,2,transfer_ensemble,5,55,195.0,57.904178619384766
femto,2,transfer_ensemble,5,56,194.0,58.007232666015625
femto,2,transfer_ensemble,5,57,193.0,58.35326385498047
femto,2,transfer_ensemble,5,58,192.0,58.46460723876953
femto,2,transfer_ensemble,5,59,191.0,59.52260208129883
femto,2,transfer_ensemble,5,60,190.0,58.897239685058594
femto,2,transfer_ensemble,5,61,189.0,58.5576171875
femto,2,transfer_ensemble,5,62,188.0,57.856685638427734
femto,2,transfer_ensemble,5,63,187.0,58.151390075683594
femto,2,transfer_ensemble,5,64,186.0,58.610595703125
femto,2,transfer_ensemble,5,65,185.0,58.68834686279297
femto,2,transfer_ensemble,5,66,184.0,58.51608657836914
femto,2,transfer_ensemble,5,67,183.0,59.847145080566406
femto,2,transfer_ensemble,5,68,182.0,59.861541748046875
femto,2,transfer_ensemble,5,69,181.0,58.423728942871094
femto,2,transfer_ensemble,5,70,180.0,59.215492248535156
femto,2,transfer_ensemble,5,71,179.0,57.656890869140625
femto,2,transfer_ensemble,5,72,178.0,58.303077697753906
femto,2,transfer_ensemble,5,73,177.0,58.20930480957031
femto,2,transfer_ensemble,5,74,176.0,57.665802001953125
femto,2,transfer_ensemble,5,75,175.0,59.26728820800781
femto,2,transfer_ensemble,5,76,174.0,58.66404724121094
femto,2,transfer_ensemble,5,77,173.0,58.01158142089844
femto,2,transfer_ensemble,5,78,172.0,58.92584991455078
femto,2,transfer_ensemble,5,79,171.0,58.75313186645508
femto,2,transfer_ensemble,5,80,170.0,59.32653045654297
femto,2,transfer_ensemble,5,81,169.0,59.1255989074707
femto,2,transfer_ensemble,5,82,168.0,58.462799072265625
femto,2,transfer_ensemble,5,83,167.0,58.703765869140625
femto,2,transfer_ensemble,5,84,166.0,58.798728942871094
femto,2,transfer_ensemble,5,85,165.0,59.55646514892578
femto,2,transfer_ensemble,5,86,164.0,60.06915283203125
femto,2,transfer_ensemble,5,87,163.0,60.45067596435547
femto,2,transfer_ensemble,5,88,162.0,59.71717834472656
femto,2,transfer_ensemble,5,89,161.0,59.97543716430664
femto,2,transfer_ensemble,5,90,160.0,59.47916030883789
femto,2,transfer_ensemble,5,91,159.0,58.661155700683594
femto,2,transfer_ensemble,5,92,158.0,58.5212516784668
femto,2,transfer_ensemble,5,93,157.0,59.22340774536133
femto,2,transfer_ensemble,5,94,156.0,58.330406188964844
femto,2,transfer_ensemble,5,95,155.0,58.98772430419922
femto,2,transfer_ensemble,5,96,154.0,59.224525451660156
femto,2,transfer_ensemble,5,97,153.0,59.70183563232422
femto,2,transfer_ensemble,5,98,152.0,59.60716247558594
femto,2,transfer_ensemble,5,99,151.0,59.788963317871094
femto,2,transfer_ensemble,5,100,150.0,59.75037384033203
femto,2,transfer_ensemble,5,101,149.0,58.72028350830078
femto,2,transfer_ensemble,5,102,148.0,60.251502990722656
femto,2,transfer_ensemble,5,103,147.0,60.5687255859375
femto,2,transfer_ensemble,5,104,146.0,60.704742431640625
femto,2,transfer_ensemble,5,105,145.0,60.08377456665039
femto,2,transfer_ensemble,5,106,144.0,60.08415222167969
femto,2,transfer_ensemble,5,107,143.0,60.06120300292969
femto,2,transfer_ensemble,5,108,142.0,59.69036865234375
femto,2,transfer_ensemble,5,109,141.0,60.270328521728516
femto,2,transfer_ensemble,5,110,140.0,59.1201286315918
femto,2,transfer_ensemble,5,111,139.0,58.95616912841797
femto,2,transfer_ensemble,5,112,138.0,59.030941009521484
femto,2,transfer_ensemble,5,113,137.0,58.555877685546875
femto,2,transfer_ensemble,5,114,136.0,58.92536926269531
femto,2,transfer_ensemble,5,115,135.0,59.87054443359375
femto,2,transfer_ensemble,5,116,134.0,60.90697479248047
femto,2,transfer_ensemble,5,117,133.0,60.72576904296875
femto,2,transfer_ensemble,5,118,132.0,60.927772521972656
femto,2,transfer_ensemble,5,119,131.0,59.722450256347656
femto,2,transfer_ensemble,5,120,130.0,60.725669860839844
femto,2,transfer_ensemble,5,121,129.0,60.63779067993164
femto,2,transfer_ensemble,5,122,128.0,60.11808776855469
femto,2,transfer_ensemble,5,123,127.00000762939453,58.72522735595703
femto,2,transfer_ensemble,5,124,126.0,60.302734375
femto,2,transfer_ensemble,5,125,125.0,59.36103820800781
femto,2,transfer_ensemble,5,126,124.00000762939453,59.47064208984375
femto,2,transfer_ensemble,5,127,123.0,60.778099060058594
femto,2,transfer_ensemble,5,128,122.0,59.97895431518555
femto,2,transfer_ensemble,5,129,121.00000762939453,60.558197021484375
femto,2,transfer_ensemble,5,130,120.0,61.59453582763672
femto,2,transfer_ensemble,5,131,119.0,59.904685974121094
femto,2,transfer_ensemble,5,132,118.00000762939453,59.886810302734375
femto,2,transfer_ensemble,5,133,117.0,60.71043395996094
femto,2,transfer_ensemble,5,134,116.0,61.318389892578125
femto,2,transfer_ensemble,5,135,115.0,60.547874450683594
femto,2,transfer_ensemble,5,136,114.0,60.622196197509766
femto,2,transfer_ensemble,5,137,113.0,60.65718460083008
femto,2,transfer_ensemble,5,138,112.0,60.352142333984375
femto,2,transfer_ensemble,5,139,111.0,60.50248718261719
femto,2,transfer_ensemble,5,140,110.0,60.9869384765625
femto,2,transfer_ensemble,5,141,109.0,60.45276641845703
femto,2,transfer_ensemble,5,142,108.0,60.19667053222656
femto,2,transfer_ensemble,5,143,107.0,60.330589294433594
femto,2,transfer_ensemble,5,144,106.0,60.932559967041016
femto,2,transfer_ensemble,5,145,105.0,60.8139533996582
femto,2,transfer_ensemble,5,146,104.0,60.13655090332031
femto,2,transfer_ensemble,5,147,103.0,60.76746368408203
femto,2,transfer_ensemble,5,148,102.0,60.541221618652344
femto,2,transfer_ensemble,5,149,101.0,60.686859130859375
femto,2,transfer_ensemble,5,150,100.0,60.590492248535156
femto,2,transfer_ensemble,5,151,99.0,60.45690155029297
femto,2,transfer_ensemble,5,152,98.0,61.51106643676758
femto,2,transfer_ensemble,5,153,97.0,61.2193717956543
femto,2,transfer_ensemble,5,154,96.0,62.38213348388672
femto,2,transfer_ensemble,5,155,95.0,62.497623443603516
femto,2,transfer_ensemble,5,156,94.0,62.256778717041016
femto,2,transfer_ensemble,5,157,93.0,62.328086853027344
femto,2,transfer_ensemble,5,158,92.0,62.271751403808594
femto,2,transfer_ensemble,5,159,91.0,62.15506362915039
femto,2,transfer_ensemble,5,160,90.0,61.892250061035156
femto,2,transfer_ensemble,5,161,89.0,62.188819885253906
femto,2,transfer_ensemble,5,162,88.0,61.62296676635742
femto,2,transfer_ensemble,5,163,87.0,62.28495788574219
femto,2,transfer_ensemble,5,164,86.0,62.31449890136719
femto,2,transfer_ensemble,5,165,85.0,60.963165283203125
femto,2,transfer_ensemble,5,166,84.0,60.31578063964844
femto,2,transfer_ensemble,5,167,83.0,61.95998001098633
femto,2,transfer_ensemble,5,168,82.0,62.6822509765625
femto,2,transfer_ensemble,5,169,81.0,62.425575256347656
femto,2,transfer_ensemble,5,170,80.0,63.14762878417969
femto,2,transfer_ensemble,5,171,79.0,62.904701232910156
femto,2,transfer_ensemble,5,172,78.0,62.43221664428711
femto,2,transfer_ensemble,5,173,77.0,61.46290588378906
femto,2,transfer_ensemble,5,174,76.0,61.59278106689453
femto,2,transfer_ensemble,5,175,75.0,61.936710357666016
femto,2,transfer_ensemble,5,176,74.0,61.470298767089844
femto,2,transfer_ensemble,5,177,73.0,61.481170654296875
femto,2,transfer_ensemble,5,178,72.0,61.92436599731445
femto,2,transfer_ensemble,5,179,71.0,61.0830192565918
femto,2,transfer_ensemble,5,180,70.0,60.28572082519531
femto,2,transfer_ensemble,5,181,69.0,60.43845748901367
femto,2,transfer_ensemble,5,182,68.0,60.885948181152344
femto,2,transfer_ensemble,5,183,67.0,60.35783386230469
femto,2,transfer_ensemble,5,184,66.0,59.78663635253906
femto,2,transfer_ensemble,5,185,65.0,59.1806640625
femto,2,transfer_ensemble,5,186,64.0,59.688873291015625
femto,2,transfer_ensemble,5,187,63.0,59.32762908935547
femto,2,transfer_ensemble,5,188,62.000003814697266,59.289398193359375
femto,2,transfer_ensemble,5,189,61.0,58.664146423339844
femto,2,transfer_ensemble,5,190,60.0,58.40312576293945
femto,2,transfer_ensemble,5,191,59.000003814697266,58.006370544433594
femto,2,transfer_ensemble,5,192,58.0,57.24310302734375
femto,2,transfer_ensemble,5,193,57.0,57.35752868652344
femto,2,transfer_ensemble,5,194,56.0,55.40952682495117
femto,2,transfer_ensemble,5,195,55.0,55.246700286865234
femto,2,transfer_ensemble,5,196,54.0,54.146209716796875
femto,2,transfer_ensemble,5,197,53.0,53.02919006347656
femto,2,transfer_ensemble,5,198,52.0,53.18778610229492
femto,2,transfer_ensemble,5,199,51.0,53.08979034423828
femto,2,transfer_ensemble,5,200,50.0,52.78028106689453
femto,2,transfer_ensemble,5,201,49.0,52.068031311035156
femto,2,transfer_ensemble,5,202,48.0,50.95608139038086
femto,2,transfer_ensemble,5,203,47.0,50.84493637084961
femto,2,transfer_ensemble,5,204,46.0,50.362510681152344
femto,2,transfer_ensemble,5,205,45.0,49.68037414550781
femto,2,transfer_ensemble,5,206,44.0,47.33207321166992
femto,2,transfer_ensemble,5,207,43.0,47.06916046142578
femto,2,transfer_ensemble,5,208,42.0,46.11872100830078
femto,2,transfer_ensemble,5,209,41.0,45.34762191772461
femto,2,transfer_ensemble,5,210,40.0,44.327728271484375
femto,2,transfer_ensemble,5,211,39.0,44.50795364379883
femto,2,transfer_ensemble,5,212,38.0,42.472023010253906
femto,2,transfer_ensemble,5,213,37.0,41.125709533691406
femto,2,transfer_ensemble,5,214,36.0,39.69712829589844
femto,2,transfer_ensemble,5,215,35.0,39.41924285888672
femto,2,transfer_ensemble,5,216,34.0,39.192718505859375
femto,2,transfer_ensemble,5,217,33.0,36.9168586730957
femto,2,transfer_ensemble,5,218,32.0,35.69216537475586
femto,2,transfer_ensemble,5,219,31.000001907348633,34.433353424072266
femto,2,transfer_ensemble,5,220,30.0,34.756282806396484
femto,2,transfer_ensemble,5,221,29.0,32.5208740234375
femto,2,transfer_ensemble,5,222,28.0,31.63426971435547
femto,2,transfer_ensemble,5,223,27.0,30.82947540283203
femto,2,transfer_ensemble,5,224,26.0,32.38372039794922
femto,2,transfer_ensemble,5,225,25.0,31.86918067932129
femto,2,transfer_ensemble,5,226,24.0,30.875085830688477
femto,2,transfer_ensemble,5,227,23.0,28.84685707092285
femto,2,transfer_ensemble,5,228,22.0,27.834293365478516
femto,2,transfer_ensemble,5,229,21.0,28.566688537597656
femto,2,transfer_ensemble,5,230,20.0,27.901124954223633
femto,2,transfer_ensemble,5,231,19.0,26.758487701416016
femto,2,transfer_ensemble,5,232,18.0,26.06369400024414
femto,2,transfer_ensemble,5,233,17.0,25.031021118164062
femto,2,transfer_ensemble,5,234,16.0,24.674461364746094
femto,2,transfer_ensemble,5,235,15.0,23.637248992919922
femto,2,transfer_ensemble,5,236,14.0,22.900651931762695
femto,2,transfer_ensemble,5,237,13.0,22.271900177001953
femto,2,transfer_ensemble,5,238,12.0,20.76561164855957
femto,2,transfer_ensemble,5,239,11.0,20.9748592376709
femto,2,transfer_ensemble,5,240,10.0,20.252582550048828
femto,2,transfer_ensemble,5,241,9.0,19.95195198059082
femto,2,transfer_ensemble,5,242,8.0,19.665119171142578
femto,2,transfer_ensemble,5,243,7.0,19.265853881835938
femto,2,transfer_ensemble,5,244,6.0,18.955659866333008
femto,2,transfer_ensemble,5,245,5.0,19.26040267944336
femto,2,transfer_ensemble,5,246,4.0,18.614391326904297
femto,2,transfer_ensemble,5,247,3.0,18.300533294677734
femto,2,transfer_ensemble,5,248,2.0,17.354145050048828
femto,2,transfer_ensemble,5,249,1.0,17.48232650756836
femto,2,transfer_ensemble,5,250,0.0,17.64583969116211
femto,2,transfer_ensemble,5,251,0.0,16.958358764648438
femto,2,transfer_ensemble,5,252,0.0,17.093894958496094
femto,2,transfer_ensemble,5,253,0.0,17.019973754882812
femto,2,transfer_ensemble,5,254,0.0,16.69757652282715
femto,2,transfer_ensemble,5,255,0.0,15.944784164428711
femto,2,transfer_ensemble,5,256,0.0,15.66153335571289
femto,2,transfer_ensemble,5,257,0.0,15.000038146972656
femto,2,transfer_ensemble,5,258,0.0,14.70211410522461
femto,2,transfer_ensemble,5,259,0.0,14.038442611694336
femto,2,transfer_ensemble,5,260,0.0,14.104690551757812
femto,2,transfer_ensemble,5,261,0.0,13.853174209594727
femto,2,transfer_ensemble,5,262,0.0,13.344188690185547
femto,2,transfer_ensemble,5,263,0.0,13.981130599975586
femto,2,transfer_ensemble,5,264,0.0,13.762201309204102
femto,2,transfer_ensemble,5,265,0.0,13.515871047973633
femto,2,transfer_ensemble,5,266,0.0,13.63355827331543
femto,2,transfer_ensemble,5,267,0.0,14.234053611755371
femto,2,transfer_ensemble,5,268,0.0,13.78722095489502
femto,2,transfer_ensemble,5,269,0.0,13.499208450317383
femto,2,transfer_ensemble,5,270,0.0,13.353631973266602
femto,2,transfer_ensemble,5,271,0.0,13.041133880615234
femto,2,transfer_ensemble,5,272,0.0,13.305059432983398
femto,2,transfer_ensemble,5,273,0.0,13.54577922821045
femto,2,transfer_ensemble,5,274,0.0,13.564654350280762
femto,2,transfer_ensemble,5,275,0.0,13.358255386352539
femto,2,transfer_ensemble,5,276,0.0,13.389721870422363
femto,2,transfer_ensemble,5,277,0.0,13.654752731323242
femto,2,transfer_ensemble,5,278,0.0,13.63113021850586
femto,2,transfer_ensemble,5,279,0.0,13.695344924926758
femto,2,transfer_ensemble,5,280,0.0,13.719335556030273
femto,2,transfer_ensemble,5,281,0.0,13.973011016845703
femto,2,transfer_ensemble,5,282,0.0,14.22068977355957
femto,2,transfer_ensemble,5,283,0.0,14.49718952178955
femto,2,transfer_ensemble,5,284,0.0,14.732327461242676
femto,2,transfer_ensemble,5,285,0.0,15.307721138000488
femto,2,transfer_ensemble,5,286,0.0,15.42111587524414
femto,2,transfer_ensemble,5,287,0.0,15.529942512512207
femto,2,transfer_ensemble,5,288,0.0,15.865459442138672
femto,2,transfer_ensemble,5,289,0.0,16.117889404296875
femto,2,transfer_ensemble,5,290,0.0,16.166112899780273
femto,2,transfer_ensemble,5,291,0.0,16.6331787109375
femto,2,transfer_ensemble,5,292,0.0,16.73770523071289
femto,2,transfer_ensemble,5,293,0.0,17.121068954467773
femto,2,transfer_ensemble,5,294,0.0,17.763315200805664
femto,2,transfer_ensemble,5,295,0.0,17.93877601623535
femto,2,transfer_ensemble,5,296,0.0,18.187339782714844
femto,2,transfer_ensemble,5,297,0.0,18.3469181060791
femto,2,transfer_ensemble,5,298,0.0,18.594436645507812
femto,2,transfer_ensemble,5,299,0.0,18.824247360229492
femto,2,frozen_encoder_ensemble,5,19,231.0,36.593727111816406
femto,2,frozen_encoder_ensemble,5,20,230.0,36.58552551269531
femto,2,frozen_encoder_ensemble,5,21,229.0,36.612098693847656
femto,2,frozen_encoder_ensemble,5,22,228.0,36.63701629638672
femto,2,frozen_encoder_ensemble,5,23,227.0,36.34048843383789
femto,2,frozen_encoder_ensemble,5,24,226.0,36.52503967285156
femto,2,frozen_encoder_ensemble,5,25,225.0,36.71318054199219
femto,2,frozen_encoder_ensemble,5,26,224.0,36.84888458251953
femto,2,frozen_encoder_ensemble,5,27,223.0,36.426631927490234
femto,2,frozen_encoder_ensemble,5,28,222.0,36.198429107666016
femto,2,frozen_encoder_ensemble,5,29,221.0,36.27867889404297
femto,2,frozen_encoder_ensemble,5,30,220.0,36.54351806640625
femto,2,frozen_encoder_ensemble,5,31,219.0,36.264671325683594
femto,2,frozen_encoder_ensemble,5,32,218.0,36.280601501464844
femto,2,frozen_encoder_ensemble,5,33,217.0,36.4650993347168
femto,2,frozen_encoder_ensemble,5,34,216.0,36.244930267333984
femto,2,frozen_encoder_ensemble,5,35,215.0,36.85285186767578
femto,2,frozen_encoder_ensemble,5,36,214.0,36.81708526611328
femto,2,frozen_encoder_ensemble,5,37,213.0,36.620967864990234
femto,2,frozen_encoder_ensemble,5,38,212.0,36.471763610839844
femto,2,frozen_encoder_ensemble,5,39,211.0,36.79835510253906
femto,2,frozen_encoder_ensemble,5,40,210.0,36.567813873291016
femto,2,frozen_encoder_ensemble,5,41,209.0,36.241302490234375
femto,2,frozen_encoder_ensemble,5,42,208.0,36.255584716796875
femto,2,frozen_encoder_ensemble,5,43,207.0,36.44221496582031
femto,2,frozen_encoder_ensemble,5,44,206.0,36.36940383911133
femto,2,frozen_encoder_ensemble,5,45,205.0,36.38665771484375
femto,2,frozen_encoder_ensemble,5,46,204.0,36.66511535644531
femto,2,frozen_encoder_ensemble,5,47,203.0,36.0230598449707
femto,2,frozen_encoder_ensemble,5,48,202.0,36.083370208740234
femto,2,frozen_encoder_ensemble,5,49,201.0,36.65925598144531
femto,2,frozen_encoder_ensemble,5,50,200.0,36.57899475097656
femto,2,frozen_encoder_ensemble,5,51,199.0,36.1395149230957
femto,2,frozen_encoder_ensemble,5,52,198.0,36.649024963378906
femto,2,frozen_encoder_ensemble,5,53,197.0,36.56404113769531
femto,2,frozen_encoder_ensemble,5,54,196.0,35.89069747924805
femto,2,frozen_encoder_ensemble,5,55,195.0,35.846317291259766
femto,2,frozen_encoder_ensemble,5,56,194.0,35.8955192565918
femto,2,frozen_encoder_ensemble,5,57,193.0,36.12811279296875
femto,2,frozen_encoder_ensemble,5,58,192.0,36.16763687133789
femto,2,frozen_encoder_ensemble,5,59,191.0,36.82122039794922
femto,2,frozen_encoder_ensemble,5,60,190.0,36.39838409423828
femto,2,frozen_encoder_ensemble,5,61,189.0,36.219444274902344
femto,2,frozen_encoder_ensemble,5,62,188.0,35.755088806152344
femto,2,frozen_encoder_ensemble,5,63,187.0,35.99120330810547
femto,2,frozen_encoder_ensemble,5,64,186.0,36.265743255615234
femto,2,frozen_encoder_ensemble,5,65,185.0,36.29136657714844
femto,2,frozen_encoder_ensemble,5,66,184.0,36.19709777832031
femto,2,frozen_encoder_ensemble,5,67,183.0,36.98472595214844
femto,2,frozen_encoder_ensemble,5,68,182.0,36.95834732055664
femto,2,frozen_encoder_ensemble,5,69,181.0,36.02374267578125
femto,2,frozen_encoder_ensemble,5,70,180.0,36.546470642089844
femto,2,frozen_encoder_ensemble,5,71,179.0,35.609886169433594
femto,2,frozen_encoder_ensemble,5,72,178.0,36.03376007080078
femto,2,frozen_encoder_ensemble,5,73,177.0,35.98164367675781
femto,2,frozen_encoder_ensemble,5,74,176.0,35.68342208862305
femto,2,frozen_encoder_ensemble,5,75,175.0,36.67155838012695
femto,2,frozen_encoder_ensemble,5,76,174.0,36.266422271728516
femto,2,frozen_encoder_ensemble,5,77,173.0,35.81577682495117
femto,2,frozen_encoder_ensemble,5,78,172.0,36.44298553466797
femto,2,frozen_encoder_ensemble,5,79,171.0,36.29399871826172
femto,2,frozen_encoder_ensemble,5,80,170.0,36.64600372314453
femto,2,frozen_encoder_ensemble,5,81,169.0,36.49079132080078
femto,2,frozen_encoder_ensemble,5,82,168.0,36.08100128173828
femto,2,frozen_encoder_ensemble,5,83,167.0,36.21952819824219
femto,2,frozen_encoder_ensemble,5,84,166.0,36.32884216308594
femto,2,frozen_encoder_ensemble,5,85,165.0,36.79780578613281
femto,2,frozen_encoder_ensemble,5,86,164.0,37.04008483886719
femto,2,frozen_encoder_ensemble,5,87,163.0,37.22456359863281
femto,2,frozen_encoder_ensemble,5,88,162.0,36.761817932128906
femto,2,frozen_encoder_ensemble,5,89,161.0,36.95765686035156
femto,2,frozen_encoder_ensemble,5,90,160.0,36.62427520751953
femto,2,frozen_encoder_ensemble,5,91,159.0,36.131126403808594
femto,2,frozen_encoder_ensemble,5,92,158.0,36.03008270263672
femto,2,frozen_encoder_ensemble,5,93,157.0,36.53215408325195
femto,2,frozen_encoder_ensemble,5,94,156.0,35.97443389892578
femto,2,frozen_encoder_ensemble,5,95,155.0,36.406524658203125
femto,2,frozen_encoder_ensemble,5,96,154.0,36.5103645324707
femto,2,frozen_encoder_ensemble,5,97,153.0,36.83119201660156
femto,2,frozen_encoder_ensemble,5,98,152.0,36.74164581298828
femto,2,frozen_encoder_ensemble,5,99,151.0,36.86905288696289
femto,2,frozen_encoder_ensemble,5,100,150.0,36.794769287109375
femto,2,frozen_encoder_ensemble,5,101,149.0,36.102622985839844
femto,2,frozen_encoder_ensemble,5,102,148.0,37.118499755859375
femto,2,frozen_encoder_ensemble,5,103,147.0,37.29543685913086
femto,2,frozen_encoder_ensemble,5,104,146.0,37.317073822021484
femto,2,frozen_encoder_ensemble,5,105,145.0,36.87767028808594
femto,2,frozen_encoder_ensemble,5,106,144.0,36.964080810546875
femto,2,frozen_encoder_ensemble,5,107,143.0,36.91016387939453
femto,2,frozen_encoder_ensemble,5,108,142.0,36.67716979980469
femto,2,frozen_encoder_ensemble,5,109,141.0,37.094764709472656
femto,2,frozen_encoder_ensemble,5,110,140.0,36.37101745605469
femto,2,frozen_encoder_ensemble,5,111,139.0,36.35441970825195
femto,2,frozen_encoder_ensemble,5,112,138.0,36.395660400390625
femto,2,frozen_encoder_ensemble,5,113,137.0,36.031349182128906
femto,2,frozen_encoder_ensemble,5,114,136.0,36.24018478393555
femto,2,frozen_encoder_ensemble,5,115,135.0,36.94969177246094
femto,2,frozen_encoder_ensemble,5,116,134.0,37.56090545654297
femto,2,frozen_encoder_ensemble,5,117,133.0,37.29346466064453
femto,2,frozen_encoder_ensemble,5,118,132.0,37.449668884277344
femto,2,frozen_encoder_ensemble,5,119,131.0,36.60853576660156
femto,2,frozen_encoder_ensemble,5,120,130.0,37.309669494628906
femto,2,frozen_encoder_ensemble,5,121,129.0,37.27625274658203
femto,2,frozen_encoder_ensemble,5,122,128.0,36.92079544067383
femto,2,frozen_encoder_ensemble,5,123,127.00000762939453,36.067726135253906
femto,2,frozen_encoder_ensemble,5,124,126.0,37.11222839355469
femto,2,frozen_encoder_ensemble,5,125,125.0,36.50338363647461
femto,2,frozen_encoder_ensemble,5,126,124.00000762939453,36.6424560546875
femto,2,frozen_encoder_ensemble,5,127,123.0,37.465087890625
femto,2,frozen_encoder_ensemble,5,128,122.0,36.827659606933594
femto,2,frozen_encoder_ensemble,5,129,121.00000762939453,37.28515625
femto,2,frozen_encoder_ensemble,5,130,120.0,37.92680358886719
femto,2,frozen_encoder_ensemble,5,131,119.0,36.6951904296875
femto,2,frozen_encoder_ensemble,5,132,118.00000762939453,36.757835388183594
femto,2,frozen_encoder_ensemble,5,133,117.0,37.410518646240234
femto,2,frozen_encoder_ensemble,5,134,116.0,37.79732131958008
femto,2,frozen_encoder_ensemble,5,135,115.0,37.22572326660156
femto,2,frozen_encoder_ensemble,5,136,114.0,37.300140380859375
femto,2,frozen_encoder_ensemble,5,137,113.0,37.317466735839844
femto,2,frozen_encoder_ensemble,5,138,112.0,37.14569091796875
femto,2,frozen_encoder_ensemble,5,139,111.0,37.36821746826172
femto,2,frozen_encoder_ensemble,5,140,110.0,37.61299133300781
femto,2,frozen_encoder_ensemble,5,141,109.0,37.311710357666016
femto,2,frozen_encoder_ensemble,5,142,108.0,37.126312255859375
femto,2,frozen_encoder_ensemble,5,143,107.0,37.177207946777344
femto,2,frozen_encoder_ensemble,5,144,106.0,37.64459991455078
femto,2,frozen_encoder_ensemble,5,145,105.0,37.55562973022461
femto,2,frozen_encoder_ensemble,5,146,104.0,37.097023010253906
femto,2,frozen_encoder_ensemble,5,147,103.0,37.58014678955078
femto,2,frozen_encoder_ensemble,5,148,102.0,37.368873596191406
femto,2,frozen_encoder_ensemble,5,149,101.0,37.43577575683594
femto,2,frozen_encoder_ensemble,5,150,100.0,37.34642028808594
femto,2,frozen_encoder_ensemble,5,151,99.0,37.30332946777344
femto,2,frozen_encoder_ensemble,5,152,98.0,38.00283432006836
femto,2,frozen_encoder_ensemble,5,153,97.0,37.77573776245117
femto,2,frozen_encoder_ensemble,5,154,96.0,38.50956726074219
femto,2,frozen_encoder_ensemble,5,155,95.0,38.51542663574219
femto,2,frozen_encoder_ensemble,5,156,94.0,38.329200744628906
femto,2,frozen_encoder_ensemble,5,157,93.0,38.383262634277344
femto,2,frozen_encoder_ensemble,5,158,92.0,38.39820861816406
femto,2,frozen_encoder_ensemble,5,159,91.0,38.37517547607422
femto,2,frozen_encoder_ensemble,5,160,90.0,38.24663543701172
femto,2,frozen_encoder_ensemble,5,161,89.0,38.48462677001953
femto,2,frozen_encoder_ensemble,5,162,88.0,38.15563201904297
femto,2,frozen_encoder_ensemble,5,163,87.0,38.631561279296875
femto,2,frozen_encoder_ensemble,5,164,86.0,38.613372802734375
femto,2,frozen_encoder_ensemble,5,165,85.0,37.731719970703125
femto,2,frozen_encoder_ensemble,5,166,84.0,37.49803924560547
femto,2,frozen_encoder_ensemble,5,167,83.0,38.547855377197266
femto,2,frozen_encoder_ensemble,5,168,82.0,38.80785369873047
femto,2,frozen_encoder_ensemble,5,169,81.0,38.613609313964844
femto,2,frozen_encoder_ensemble,5,170,80.0,39.097267150878906
femto,2,frozen_encoder_ensemble,5,171,79.0,38.983177185058594
femto,2,frozen_encoder_ensemble,5,172,78.0,38.772422790527344
femto,2,frozen_encoder_ensemble,5,173,77.0,38.319908142089844
femto,2,frozen_encoder_ensemble,5,174,76.0,38.60622024536133
femto,2,frozen_encoder_ensemble,5,175,75.0,38.911563873291016
femto,2,frozen_encoder_ensemble,5,176,74.0,38.61189270019531
femto,2,frozen_encoder_ensemble,5,177,73.0,38.65913391113281
femto,2,frozen_encoder_ensemble,5,178,72.0,38.97099304199219
femto,2,frozen_encoder_ensemble,5,179,71.0,38.471893310546875
femto,2,frozen_encoder_ensemble,5,180,70.0,38.068275451660156
femto,2,frozen_encoder_ensemble,5,181,69.0,38.353187561035156
femto,2,frozen_encoder_ensemble,5,182,68.0,38.702293395996094
femto,2,frozen_encoder_ensemble,5,183,67.0,38.43289566040039
femto,2,frozen_encoder_ensemble,5,184,66.0,38.17768859863281
femto,2,frozen_encoder_ensemble,5,185,65.0,37.925575256347656
femto,2,frozen_encoder_ensemble,5,186,64.0,38.394081115722656
femto,2,frozen_encoder_ensemble,5,187,63.0,38.23341369628906
femto,2,frozen_encoder_ensemble,5,188,62.000003814697266,38.338287353515625
femto,2,frozen_encoder_ensemble,5,189,61.0,38.03913879394531
femto,2,frozen_encoder_ensemble,5,190,60.0,37.98542404174805
femto,2,frozen_encoder_ensemble,5,191,59.000003814697266,37.87025451660156
femto,2,frozen_encoder_ensemble,5,192,58.0,37.51393508911133
femto,2,frozen_encoder_ensemble,5,193,57.0,37.766944885253906
femto,2,frozen_encoder_ensemble,5,194,56.0,36.5855827331543
femto,2,frozen_encoder_ensemble,5,195,55.0,36.74418640136719
femto,2,frozen_encoder_ensemble,5,196,54.0,36.18367004394531
femto,2,frozen_encoder_ensemble,5,197,53.0,35.594215393066406
femto,2,frozen_encoder_ensemble,5,198,52.0,35.97323989868164
femto,2,frozen_encoder_ensemble,5,199,51.0,36.06694030761719
femto,2,frozen_encoder_ensemble,5,200,50.0,36.00035095214844
femto,2,frozen_encoder_ensemble,5,201,49.0,35.664058685302734
femto,2,frozen_encoder_ensemble,5,202,48.0,35.08641815185547
femto,2,frozen_encoder_ensemble,5,203,47.0,35.22026824951172
femto,2,frozen_encoder_ensemble,5,204,46.0,35.06941223144531
femto,2,frozen_encoder_ensemble,5,205,45.0,34.77952194213867
femto,2,frozen_encoder_ensemble,5,206,44.0,33.32505798339844
femto,2,frozen_encoder_ensemble,5,207,43.0,33.44102478027344
femto,2,frozen_encoder_ensemble,5,208,42.0,33.007667541503906
femto,2,frozen_encoder_ensemble,5,209,41.0,32.70198440551758
femto,2,frozen_encoder_ensemble,5,210,40.0,32.22118377685547
femto,2,frozen_encoder_ensemble,5,211,39.0,32.58666229248047
femto,2,frozen_encoder_ensemble,5,212,38.0,31.33438491821289
femto,2,frozen_encoder_ensemble,5,213,37.0,30.662738800048828
femto,2,frozen_encoder_ensemble,5,214,36.0,29.920886993408203
femto,2,frozen_encoder_ensemble,5,215,35.0,30.019351959228516
femto,2,frozen_encoder_ensemble,5,216,34.0,30.068334579467773
femto,2,frozen_encoder_ensemble,5,217,33.0,28.60723876953125
femto,2,frozen_encoder_ensemble,5,218,32.0,27.975845336914062
femto,2,frozen_encoder_ensemble,5,219,31.000001907348633,27.363014221191406
femto,2,frozen_encoder_ensemble,5,220,30.0,27.87902069091797
femto,2,frozen_encoder_ensemble,5,221,29.0,26.406892776489258
femto,2,frozen_encoder_ensemble,5,222,28.0,26.05690574645996
femto,2,frozen_encoder_ensemble,5,223,27.0,25.71247100830078
femto,2,frozen_encoder_ensemble,5,224,26.0,27.0496883392334
femto,2,frozen_encoder_ensemble,5,225,25.0,26.750661849975586
femto,2,frozen_encoder_ensemble,5,226,24.0,26.16020965576172
femto,2,frozen_encoder_ensemble,5,227,23.0,24.854570388793945
femto,2,frozen_encoder_ensemble,5,228,22.0,24.358661651611328
femto,2,frozen_encoder_ensemble,5,229,21.0,25.10381317138672
femto,2,frozen_encoder_ensemble,5,230,20.0,24.755205154418945
femto,2,frozen_encoder_ensemble,5,231,19.0,24.06607437133789
femto,2,frozen_encoder_ensemble,5,232,18.0,23.728368759155273
femto,2,frozen_encoder_ensemble,5,233,17.0,23.140121459960938
femto,2,frozen_encoder_ensemble,5,234,16.0,23.0587158203125
femto,2,frozen_encoder_ensemble,5,235,15.0,22.454547882080078
femto,2,frozen_encoder_ensemble,5,236,14.0,22.069766998291016
femto,2,frozen_encoder_ensemble,5,237,13.0,21.75739860534668
femto,2,frozen_encoder_ensemble,5,238,12.0,20.739145278930664
femto,2,frozen_encoder_ensemble,5,239,11.0,21.097354888916016
femto,2,frozen_encoder_ensemble,5,240,10.0,20.69559669494629
femto,2,frozen_encoder_ensemble,5,241,9.0,20.607505798339844
femto,2,frozen_encoder_ensemble,5,242,8.0,20.499595642089844
femto,2,frozen_encoder_ensemble,5,243,7.0,20.304485321044922
femto,2,frozen_encoder_ensemble,5,244,6.0,20.165435791015625
femto,2,frozen_encoder_ensemble,5,245,5.0,20.47772979736328
femto,2,frozen_encoder_ensemble,5,246,4.0,20.053634643554688
femto,2,frozen_encoder_ensemble,5,247,3.0,19.91936492919922
femto,2,frozen_encoder_ensemble,5,248,2.0,19.287656784057617
femto,2,frozen_encoder_ensemble,5,249,1.0,19.487449645996094
femto,2,frozen_encoder_ensemble,5,250,0.0,19.668838500976562
femto,2,frozen_encoder_ensemble,5,251,0.0,19.192861557006836
femto,2,frozen_encoder_ensemble,5,252,0.0,19.366973876953125
femto,2,frozen_encoder_ensemble,5,253,0.0,19.3416748046875
femto,2,frozen_encoder_ensemble,5,254,0.0,19.131410598754883
femto,2,frozen_encoder_ensemble,5,255,0.0,18.586490631103516
femto,2,frozen_encoder_ensemble,5,256,0.0,18.431575775146484
femto,2,frozen_encoder_ensemble,5,257,0.0,17.95693588256836
femto,2,frozen_encoder_ensemble,5,258,0.0,17.784595489501953
femto,2,frozen_encoder_ensemble,5,259,0.0,17.319732666015625
femto,2,frozen_encoder_ensemble,5,260,0.0,17.417009353637695
femto,2,frozen_encoder_ensemble,5,261,0.0,17.24305534362793
femto,2,frozen_encoder_ensemble,5,262,0.0,16.866899490356445
femto,2,frozen_encoder_ensemble,5,263,0.0,17.375732421875
femto,2,frozen_encoder_ensemble,5,264,0.0,17.19718360900879
femto,2,frozen_encoder_ensemble,5,265,0.0,16.995561599731445
femto,2,frozen_encoder_ensemble,5,266,0.0,17.063766479492188
femto,2,frozen_encoder_ensemble,5,267,0.0,17.517459869384766
femto,2,frozen_encoder_ensemble,5,268,0.0,17.111661911010742
femto,2,frozen_encoder_ensemble,5,269,0.0,16.876136779785156
femto,2,frozen_encoder_ensemble,5,270,0.0,16.74346351623535
femto,2,frozen_encoder_ensemble,5,271,0.0,16.482324600219727
femto,2,frozen_encoder_ensemble,5,272,0.0,16.667200088500977
femto,2,frozen_encoder_ensemble,5,273,0.0,16.820791244506836
femto,2,frozen_encoder_ensemble,5,274,0.0,16.784883499145508
femto,2,frozen_encoder_ensemble,5,275,0.0,16.565725326538086
femto,2,frozen_encoder_ensemble,5,276,0.0,16.54268455505371
femto,2,frozen_encoder_ensemble,5,277,0.0,16.694847106933594
femto,2,frozen_encoder_ensemble,5,278,0.0,16.606231689453125
femto,2,frozen_encoder_ensemble,5,279,0.0,16.591508865356445
femto,2,frozen_encoder_ensemble,5,280,0.0,16.536006927490234
femto,2,frozen_encoder_ensemble,5,281,0.0,16.663448333740234
femto,2,frozen_encoder_ensemble,5,282,0.0,16.77210807800293
femto,2,frozen_encoder_ensemble,5,283,0.0,16.890655517578125
femto,2,frozen_encoder_ensemble,5,284,0.0,16.95899200439453
femto,2,frozen_encoder_ensemble,5,285,0.0,17.300670623779297
femto,2,frozen_encoder_ensemble,5,286,0.0,17.25234603881836
femto,2,frozen_encoder_ensemble,5,287,0.0,17.204879760742188
femto,2,frozen_encoder_ensemble,5,288,0.0,17.337142944335938
femto,2,frozen_encoder_ensemble,5,289,0.0,17.37709617614746
femto,2,frozen_encoder_ensemble,5,290,0.0,17.242128372192383
femto,2,frozen_encoder_ensemble,5,291,0.0,17.445749282836914
femto,2,frozen_encoder_ensemble,5,292,0.0,17.350614547729492
femto,2,frozen_encoder_ensemble,5,293,0.0,17.49306869506836
femto,2,frozen_encoder_ensemble,5,294,0.0,17.833646774291992
femto,2,frozen_encoder_ensemble,5,295,0.0,17.789409637451172
femto,2,frozen_encoder_ensemble,5,296,0.0,17.819629669189453
femto,2,frozen_encoder_ensemble,5,297,0.0,17.788612365722656
femto,2,frozen_encoder_ensemble,5,298,0.0,17.837251663208008
femto,2,frozen_encoder_ensemble,5,299,0.0,17.87862205505371
femto,2,scratch_ensemble,5,19,231.0,50.263736724853516
femto,2,scratch_ensemble,5,20,230.0,50.24040985107422
femto,2,scratch_ensemble,5,21,229.0,50.272857666015625
femto,2,scratch_ensemble,5,22,228.0,50.3938102722168
femto,2,scratch_ensemble,5,23,227.0,50.204261779785156
femto,2,scratch_ensemble,5,24,226.0,50.343746185302734
femto,2,scratch_ensemble,5,25,225.0,50.48919677734375
femto,2,scratch_ensemble,5,26,224.0,50.682613372802734
femto,2,scratch_ensemble,5,27,223.0,50.392913818359375
femto,2,scratch_ensemble,5,28,222.0,50.0624885559082
femto,2,scratch_ensemble,5,29,221.0,50.11016082763672
femto,2,scratch_ensemble,5,30,220.0,50.375465393066406
femto,2,scratch_ensemble,5,31,219.0,50.156036376953125
femto,2,scratch_ensemble,5,32,218.0,50.17720031738281
femto,2,scratch_ensemble,5,33,217.0,50.29600524902344
femto,2,scratch_ensemble,5,34,216.0,50.128684997558594
femto,2,scratch_ensemble,5,35,215.0,50.613525390625
femto,2,scratch_ensemble,5,36,214.0,50.73925018310547
femto,2,scratch_ensemble,5,37,213.0,50.755645751953125
femto,2,scratch_ensemble,5,38,212.0,50.62761688232422
femto,2,scratch_ensemble,5,39,211.0,50.85160446166992
femto,2,scratch_ensemble,5,40,210.0,50.74152374267578
femto,2,scratch_ensemble,5,41,209.0,50.45765686035156
femto,2,scratch_ensemble,5,42,208.0,50.3702507019043
femto,2,scratch_ensemble,5,43,207.0,50.491737365722656
femto,2,scratch_ensemble,5,44,206.0,50.44622802734375
femto,2,scratch_ensemble,5,45,205.0,50.45820236206055
femto,2,scratch_ensemble,5,46,204.0,50.638023376464844
femto,2,scratch_ensemble,5,47,203.0,50.196712493896484
femto,2,scratch_ensemble,5,48,202.0,50.142967224121094
femto,2,scratch_ensemble,5,49,201.0,50.61509704589844
femto,2,scratch_ensemble,5,50,200.0,50.708187103271484
femto,2,scratch_ensemble,5,51,199.0,50.401527404785156
femto,2,scratch_ensemble,5,52,198.0,50.62751388549805
femto,2,scratch_ensemble,5,53,197.0,50.74330520629883
femto,2,scratch_ensemble,5,54,196.0,50.16606903076172
femto,2,scratch_ensemble,5,55,195.0,49.99812316894531
femto,2,scratch_ensemble,5,56,194.0,49.921165466308594
femto,2,scratch_ensemble,5,57,193.0,50.09334945678711
femto,2,scratch_ensemble,5,58,192.0,50.11642837524414
femto,2,scratch_ensemble,5,59,191.0,50.73839569091797
femto,2,scratch_ensemble,5,60,190.0,50.66716003417969
femto,2,scratch_ensemble,5,61,189.0,50.6081428527832
femto,2,scratch_ensemble,5,62,188.0,50.11528778076172
femto,2,scratch_ensemble,5,63,187.0,50.235904693603516
femto,2,scratch_ensemble,5,64,186.0,50.43296813964844
femto,2,scratch_ensemble,5,65,185.0,50.508567810058594
femto,2,scratch_ensemble,5,66,184.0,50.48424530029297
femto,2,scratch_ensemble,5,67,183.0,51.21159744262695
femto,2,scratch_ensemble,5,68,182.0,51.513309478759766
femto,2,scratch_ensemble,5,69,181.0,50.57316589355469
femto,2,scratch_ensemble,5,70,180.0,50.77489471435547
femto,2,scratch_ensemble,5,71,179.0,50.023590087890625
femto,2,scratch_ensemble,5,72,178.0,50.089290618896484
femto,2,scratch_ensemble,5,73,177.0,50.06379699707031
femto,2,scratch_ensemble,5,74,176.0,49.85350799560547
femto,2,scratch_ensemble,5,75,175.0,50.586612701416016
femto,2,scratch_ensemble,5,76,174.0,50.55271911621094
femto,2,scratch_ensemble,5,77,173.0,50.056175231933594
femto,2,scratch_ensemble,5,78,172.0,50.62957763671875
femto,2,scratch_ensemble,5,79,171.0,50.582275390625
femto,2,scratch_ensemble,5,80,170.0,50.849098205566406
femto,2,scratch_ensemble,5,81,169.0,50.793190002441406
femto,2,scratch_ensemble,5,82,168.0,50.5208625793457
femto,2,scratch_ensemble,5,83,167.0,50.30339050292969
femto,2,scratch_ensemble,5,84,166.0,50.458038330078125
femto,2,scratch_ensemble,5,85,165.0,50.9080696105957
femto,2,scratch_ensemble,5,86,164.0,51.189937591552734
femto,2,scratch_ensemble,5,87,163.0,51.45527648925781
femto,2,scratch_ensemble,5,88,162.0,51.2578010559082
femto,2,scratch_ensemble,5,89,161.0,51.50011444091797
femto,2,scratch_ensemble,5,90,160.0,51.212223052978516
femto,2,scratch_ensemble,5,91,159.0,50.751922607421875
femto,2,scratch_ensemble,5,92,158.0,50.170684814453125
femto,2,scratch_ensemble,5,93,157.0,50.58738327026367
femto,2,scratch_ensemble,5,94,156.0,50.2092399597168
femto,2,scratch_ensemble,5,95,155.0,50.37854766845703
femto,2,scratch_ensemble,5,96,154.0,50.29754638671875
femto,2,scratch_ensemble,5,97,153.0,50.685935974121094
femto,2,scratch_ensemble,5,98,152.0,50.66397476196289
femto,2,scratch_ensemble,5,99,151.0,51.050514221191406
femto,2,scratch_ensemble,5,100,150.0,51.15517807006836
femto,2,scratch_ensemble,5,101,149.0,50.31278991699219
femto,2,scratch_ensemble,5,102,148.0,50.99385452270508
femto,2,scratch_ensemble,5,103,147.0,51.23567199707031
femto,2,scratch_ensemble,5,104,146.0,51.20750427246094
femto,2,scratch_ensemble,5,105,145.0,50.47044372558594
femto,2,scratch_ensemble,5,106,144.0,50.79936599731445
femto,2,scratch_ensemble,5,107,143.0,50.24744415283203
femto,2,scratch_ensemble,5,108,142.0,49.567115783691406
femto,2,scratch_ensemble,5,109,141.0,49.84939956665039
femto,2,scratch_ensemble,5,110,140.0,49.444190979003906
femto,2,scratch_ensemble,5,111,139.0,49.587669372558594
femto,2,scratch_ensemble,5,112,138.0,49.832740783691406
femto,2,scratch_ensemble,5,113,137.0,49.23849868774414
femto,2,scratch_ensemble,5,114,136.0,48.213409423828125
femto,2,scratch_ensemble,5,115,135.0,49.221275329589844
femto,2,scratch_ensemble,5,116,134.0,50.18911361694336
femto,2,scratch_ensemble,5,117,133.0,49.62452697753906
femto,2,scratch_ensemble,5,118,132.0,50.00617218017578
femto,2,scratch_ensemble,5,119,131.0,48.848854064941406
femto,2,scratch_ensemble,5,120,130.0,48.9376220703125
femto,2,scratch_ensemble,5,121,129.0,49.249916076660156
femto,2,scratch_ensemble,5,122,128.0,49.023345947265625
femto,2,scratch_ensemble,5,123,127.00000762939453,48.18523025512695
femto,2,scratch_ensemble,5,124,126.0,48.1448974609375
femto,2,scratch_ensemble,5,125,125.0,47.39079284667969
femto,2,scratch_ensemble,5,126,124.00000762939453,47.63629150390625
femto,2,scratch_ensemble,5,127,123.0,48.27680206298828
femto,2,scratch_ensemble,5,128,122.0,46.99945068359375
femto,2,scratch_ensemble,5,129,121.00000762939453,47.52861785888672
femto,2,scratch_ensemble,5,130,120.0,48.67597961425781
femto,2,scratch_ensemble,5,131,119.0,47.07982635498047
femto,2,scratch_ensemble,5,132,118.00000762939453,45.230125427246094
femto,2,scratch_ensemble,5,133,117.0,45.588871002197266
femto,2,scratch_ensemble,5,134,116.0,46.40103530883789
femto,2,scratch_ensemble,5,135,115.0,45.90997314453125
femto,2,scratch_ensemble,5,136,114.0,45.56106948852539
femto,2,scratch_ensemble,5,137,113.0,44.80377960205078
femto,2,scratch_ensemble,5,138,112.0,43.229034423828125
femto,2,scratch_ensemble,5,139,111.0,44.27259826660156
femto,2,scratch_ensemble,5,140,110.0,43.71267318725586
femto,2,scratch_ensemble,5,141,109.0,44.45310592651367
femto,2,scratch_ensemble,5,142,108.0,44.51145553588867
femto,2,scratch_ensemble,5,143,107.0,42.03122329711914
femto,2,scratch_ensemble,5,144,106.0,42.9265022277832
femto,2,scratch_ensemble,5,145,105.0,43.049678802490234
femto,2,scratch_ensemble,5,146,104.0,42.07358169555664
femto,2,scratch_ensemble,5,147,103.0,43.47850036621094
femto,2,scratch_ensemble,5,148,102.0,43.42087173461914
femto,2,scratch_ensemble,5,149,101.0,43.63927459716797
femto,2,scratch_ensemble,5,150,100.0,42.804203033447266
femto,2,scratch_ensemble,5,151,99.0,41.8122673034668
femto,2,scratch_ensemble,5,152,98.0,42.22374725341797
femto,2,scratch_ensemble,5,153,97.0,41.553436279296875
femto,2,scratch_ensemble,5,154,96.0,41.635860443115234
femto,2,scratch_ensemble,5,155,95.0,42.18482971191406
femto,2,scratch_ensemble,5,156,94.0,41.41788101196289
femto,2,scratch_ensemble,5,157,93.0,40.86286163330078
femto,2,scratch_ensemble,5,158,92.0,40.20259475708008
femto,2,scratch_ensemble,5,159,91.0,39.75263595581055
femto,2,scratch_ensemble,5,160,90.0,39.565792083740234
femto,2,scratch_ensemble,5,161,89.0,39.110198974609375
femto,2,scratch_ensemble,5,162,88.0,38.606441497802734
femto,2,scratch_ensemble,5,163,87.0,39.152774810791016
femto,2,scratch_ensemble,5,164,86.0,39.71434020996094
femto,2,scratch_ensemble,5,165,85.0,37.70642852783203
femto,2,scratch_ensemble,5,166,84.0,38.075950622558594
femto,2,scratch_ensemble,5,167,83.0,38.58999252319336
femto,2,scratch_ensemble,5,168,82.0,39.509552001953125
femto,2,scratch_ensemble,5,169,81.0,37.91971969604492
femto,2,scratch_ensemble,5,170,80.0,37.815242767333984
femto,2,scratch_ensemble,5,171,79.0,37.754817962646484
femto,2,scratch_ensemble,5,172,78.0,36.721378326416016
femto,2,scratch_ensemble,5,173,77.0,34.05711364746094
femto,2,scratch_ensemble,5,174,76.0,34.20493698120117
femto,2,scratch_ensemble,5,175,75.0,34.530418395996094
femto,2,scratch_ensemble,5,176,74.0,34.548805236816406
femto,2,scratch_ensemble,5,177,73.0,33.88523864746094
femto,2,scratch_ensemble,5,178,72.0,33.85429763793945
femto,2,scratch_ensemble,5,179,71.0,33.15074157714844
femto,2,scratch_ensemble,5,180,70.0,32.80005645751953
femto,2,scratch_ensemble,5,181,69.0,32.21729278564453
femto,2,scratch_ensemble,5,182,68.0,31.581357955932617
femto,2,scratch_ensemble,5,183,67.0,31.262392044067383
femto,2,scratch_ensemble,5,184,66.0,30.273597717285156
femto,2,scratch_ensemble,5,185,65.0,29.900550842285156
femto,2,scratch_ensemble,5,186,64.0,29.331436157226562
femto,2,scratch_ensemble,5,187,63.0,28.775390625
femto,2,scratch_ensemble,5,188,62.000003814697266,27.85463523864746
femto,2,scratch_ensemble,5,189,61.0,27.652912139892578
femto,2,scratch_ensemble,5,190,60.0,26.67119598388672
femto,2,scratch_ensemble,5,191,59.000003814697266,26.47182273864746
femto,2,scratch_ensemble,5,192,58.0,25.849502563476562
femto,2,scratch_ensemble,5,193,57.0,24.905494689941406
femto,2,scratch_ensemble,5,194,56.0,24.72539710998535
femto,2,scratch_ensemble,5,195,55.0,24.065092086791992
femto,2,scratch_ensemble,5,196,54.0,23.613739013671875
femto,2,scratch_ensemble,5,197,53.0,22.913063049316406
femto,2,scratch_ensemble,5,198,52.0,22.17992401123047
femto,2,scratch_ensemble,5,199,51.0,21.584468841552734
femto,2,scratch_ensemble,5,200,50.0,21.01007080078125
femto,2,scratch_ensemble,5,201,49.0,20.506175994873047
femto,2,scratch_ensemble,5,202,48.0,20.03900909423828
femto,2,scratch_ensemble,5,203,47.0,19.527088165283203
femto,2,scratch_ensemble,5,204,46.0,19.04833984375
femto,2,scratch_ensemble,5,205,45.0,18.667865753173828
femto,2,scratch_ensemble,5,206,44.0,18.2536563873291
femto,2,scratch_ensemble,5,207,43.0,17.689611434936523
femto,2,scratch_ensemble,5,208,42.0,17.244524002075195
femto,2,scratch_ensemble,5,209,41.0,16.733600616455078
femto,2,scratch_ensemble,5,210,40.0,16.331056594848633
femto,2,scratch_ensemble,5,211,39.0,15.985161781311035
femto,2,scratch_ensemble,5,212,38.0,15.674955368041992
femto,2,scratch_ensemble,5,213,37.0,15.214385986328125
femto,2,scratch_ensemble,5,214,36.0,14.780099868774414
femto,2,scratch_ensemble,5,215,35.0,14.423141479492188
femto,2,scratch_ensemble,5,216,34.0,14.16370677947998
femto,2,scratch_ensemble,5,217,33.0,13.878087997436523
femto,2,scratch_ensemble,5,218,32.0,13.487141609191895
femto,2,scratch_ensemble,5,219,31.000001907348633,13.321517944335938
femto,2,scratch_ensemble,5,220,30.0,13.103279113769531
femto,2,scratch_ensemble,5,221,29.0,12.722403526306152
femto,2,scratch_ensemble,5,222,28.0,12.425558090209961
femto,2,scratch_ensemble,5,223,27.0,12.099626541137695
femto,2,scratch_ensemble,5,224,26.0,12.192880630493164
femto,2,scratch_ensemble,5,225,25.0,12.368114471435547
femto,2,scratch_ensemble,5,226,24.0,12.14249324798584
femto,2,scratch_ensemble,5,227,23.0,11.966207504272461
femto,2,scratch_ensemble,5,228,22.0,11.706521987915039
femto,2,scratch_ensemble,5,229,21.0,11.531381607055664
femto,2,scratch_ensemble,5,230,20.0,11.543413162231445
femto,2,scratch_ensemble,5,231,19.0,11.500258445739746
femto,2,scratch_ensemble,5,232,18.0,11.397066116333008
femto,2,scratch_ensemble,5,233,17.0,11.158352851867676
femto,2,scratch_ensemble,5,234,16.0,10.994794845581055
femto,2,scratch_ensemble,5,235,15.0,10.98835277557373
femto,2,scratch_ensemble,5,236,14.0,10.9447021484375
femto,2,scratch_ensemble,5,237,13.0,10.84921646118164
femto,2,scratch_ensemble,5,238,12.0,10.430032730102539
femto,2,scratch_ensemble,5,239,11.0,10.635570526123047
femto,2,scratch_ensemble,5,240,10.0,10.444032669067383
femto,2,scratch_ensemble,5,241,9.0,10.48793888092041
femto,2,scratch_ensemble,5,242,8.0,10.43966293334961
femto,2,scratch_ensemble,5,243,7.0,10.652934074401855
femto,2,scratch_ensemble,5,244,6.0,10.663869857788086
femto,2,scratch_ensemble,5,245,5.0,10.773781776428223
femto,2,scratch_ensemble,5,246,4.0,10.609550476074219
femto,2,scratch_ensemble,5,247,3.0,10.640506744384766
femto,2,scratch_ensemble,5,248,2.0,10.584156036376953
femto,2,scratch_ensemble,5,249,1.0,10.763648986816406
femto,2,scratch_ensemble,5,250,0.0,11.013425827026367
femto,2,scratch_ensemble,5,251,0.0,10.926309585571289
femto,2,scratch_ensemble,5,252,0.0,11.070365905761719
femto,2,scratch_ensemble,5,253,0.0,11.39719009399414
femto,2,scratch_ensemble,5,254,0.0,11.525652885437012
femto,2,scratch_ensemble,5,255,0.0,11.726754188537598
femto,2,scratch_ensemble,5,256,0.0,11.618558883666992
femto,2,scratch_ensemble,5,257,0.0,11.938709259033203
femto,2,scratch_ensemble,5,258,0.0,11.865824699401855
femto,2,scratch_ensemble,5,259,0.0,11.938413619995117
femto,2,scratch_ensemble,5,260,0.0,12.116443634033203
femto,2,scratch_ensemble,5,261,0.0,12.25927448272705
femto,2,scratch_ensemble,5,262,0.0,12.236631393432617
femto,2,scratch_ensemble,5,263,0.0,12.580763816833496
femto,2,scratch_ensemble,5,264,0.0,12.624845504760742
femto,2,scratch_ensemble,5,265,0.0,12.883535385131836
femto,2,scratch_ensemble,5,266,0.0,13.22886848449707
femto,2,scratch_ensemble,5,267,0.0,13.280733108520508
femto,2,scratch_ensemble,5,268,0.0,13.622854232788086
femto,2,scratch_ensemble,5,269,0.0,13.67992115020752
femto,2,scratch_ensemble,5,270,0.0,13.918172836303711
femto,2,scratch_ensemble,5,271,0.0,13.954715728759766
femto,2,scratch_ensemble,5,272,0.0,14.260066032409668
femto,2,scratch_ensemble,5,273,0.0,14.397369384765625
femto,2,scratch_ensemble,5,274,0.0,14.596500396728516
femto,2,scratch_ensemble,5,275,0.0,14.781622886657715
femto,2,scratch_ensemble,5,276,0.0,15.007783889770508
femto,2,scratch_ensemble,5,277,0.0,15.254447937011719
femto,2,scratch_ensemble,5,278,0.0,15.393184661865234
femto,2,scratch_ensemble,5,279,0.0,15.603347778320312
femto,2,scratch_ensemble,5,280,0.0,15.817157745361328
femto,2,scratch_ensemble,5,281,0.0,15.974701881408691
femto,2,scratch_ensemble,5,282,0.0,16.20395278930664
femto,2,scratch_ensemble,5,283,0.0,16.53293228149414
femto,2,scratch_ensemble,5,284,0.0,16.862564086914062
femto,2,scratch_ensemble,5,285,0.0,17.091928482055664
femto,2,scratch_ensemble,5,286,0.0,17.384357452392578
femto,2,scratch_ensemble,5,287,0.0,17.585861206054688
femto,2,scratch_ensemble,5,288,0.0,17.905380249023438
femto,2,scratch_ensemble,5,289,0.0,18.28390121459961
femto,2,scratch_ensemble,5,290,0.0,18.587566375732422
femto,2,scratch_ensemble,5,291,0.0,18.89317512512207
femto,2,scratch_ensemble,5,292,0.0,19.182321548461914
femto,2,scratch_ensemble,5,293,0.0,19.49104118347168
femto,2,scratch_ensemble,5,294,0.0,19.768280029296875
femto,2,scratch_ensemble,5,295,0.0,20.08684539794922
femto,2,scratch_ensemble,5,296,0.0,20.358657836914062
femto,2,scratch_ensemble,5,297,0.0,20.59071159362793
femto,2,scratch_ensemble,5,298,0.0,20.829246520996094
femto,2,scratch_ensemble,5,299,0.0,20.97220230102539
femto,2,ridge_ensemble,5,19,231.0,248.4330596923828
femto,2,ridge_ensemble,5,20,230.0,247.29409790039062
femto,2,ridge_ensemble,5,21,229.0,246.28634643554688
femto,2,ridge_ensemble,5,22,228.0,245.3134765625
femto,2,ridge_ensemble,5,23,227.0,244.0780487060547
femto,2,ridge_ensemble,5,24,226.0,243.01161193847656
femto,2,ridge_ensemble,5,25,225.0,241.8900909423828
femto,2,ridge_ensemble,5,26,224.0,240.86085510253906
femto,2,ridge_ensemble,5,27,223.0,239.77679443359375
femto,2,ridge_ensemble,5,28,222.0,238.69862365722656
femto,2,ridge_ensemble,5,29,221.0,237.5498504638672
femto,2,ridge_ensemble,5,30,220.0,236.43580627441406
femto,2,ridge_ensemble,5,31,219.0,235.4617156982422
femto,2,ridge_ensemble,5,32,218.0,234.3867950439453
femto,2,ridge_ensemble,5,33,217.0,233.32725524902344
femto,2,ridge_ensemble,5,34,216.0,232.2930145263672
femto,2,ridge_ensemble,5,35,215.0,231.0382843017578
femto,2,ridge_ensemble,5,36,214.0,230.01702880859375
femto,2,ridge_ensemble,5,37,213.0,228.9562225341797
femto,2,ridge_ensemble,5,38,212.0,227.9229736328125
femto,2,ridge_ensemble,5,39,211.0,226.63876342773438
femto,2,ridge_ensemble,5,40,210.0,225.7232666015625
femto,2,ridge_ensemble,5,41,209.0,224.655029296875
femto,2,ridge_ensemble,5,42,208.0,223.486572265625
femto,2,ridge_ensemble,5,43,207.0,222.37905883789062
femto,2,ridge_ensemble,5,44,206.0,221.39761352539062
femto,2,ridge_ensemble,5,45,205.0,220.16043090820312
femto,2,ridge_ensemble,5,46,204.0,219.06700134277344
femto,2,ridge_ensemble,5,47,203.0,218.09654235839844
femto,2,ridge_ensemble,5,48,202.0,216.92942810058594
femto,2,ridge_ensemble,5,49,201.0,215.9314727783203
femto,2,ridge_ensemble,5,50,200.0,214.81976318359375
femto,2,ridge_ensemble,5,51,199.0,213.78028869628906
femto,2,ridge_ensemble,5,52,198.0,212.63949584960938
femto,2,ridge_ensemble,5,53,197.0,211.6297149658203
femto,2,ridge_ensemble,5,54,196.0,210.60462951660156
femto,2,ridge_ensemble,5,55,195.0,209.36070251464844
femto,2,ridge_ensemble,5,56,194.0,208.31036376953125
femto,2,ridge_ensemble,5,57,193.0,207.2026824951172
femto,2,ridge_ensemble,5,58,192.0,206.16285705566406
femto,2,ridge_ensemble,5,59,191.0,205.03648376464844
femto,2,ridge_ensemble,5,60,190.0,204.1724853515625
femto,2,ridge_ensemble,5,61,189.0,202.99598693847656
femto,2,ridge_ensemble,5,62,188.0,202.07296752929688
femto,2,ridge_ensemble,5,63,187.0,200.810302734375
femto,2,ridge_ensemble,5,64,186.0,199.76275634765625
femto,2,ridge_ensemble,5,65,185.0,198.55271911621094
femto,2,ridge_ensemble,5,66,184.0,197.48153686523438
femto,2,ridge_ensemble,5,67,183.0,196.37240600585938
femto,2,ridge_ensemble,5,68,182.0,195.5206756591797
femto,2,ridge_ensemble,5,69,181.0,194.24188232421875
femto,2,ridge_ensemble,5,70,180.0,193.2972869873047
femto,2,ridge_ensemble,5,71,179.0,192.1536865234375
femto,2,ridge_ensemble,5,72,178.0,191.10711669921875
femto,2,ridge_ensemble,5,73,177.0,190.1165313720703
femto,2,ridge_ensemble,5,74,176.0,188.98472595214844
femto,2,ridge_ensemble,5,75,175.0,187.8999481201172
femto,2,ridge_ensemble,5,76,174.0,186.738037109375
femto,2,ridge_ensemble,5,77,173.0,185.58078002929688
femto,2,ridge_ensemble,5,78,172.0,184.4240264892578
femto,2,ridge_ensemble,5,79,171.0,183.39976501464844
femto,2,ridge_ensemble,5,80,170.0,182.47467041015625
femto,2,ridge_ensemble,5,81,169.0,181.30230712890625
femto,2,ridge_ensemble,5,82,168.0,180.2696075439453
femto,2,ridge_ensemble,5,83,167.0,179.05300903320312
femto,2,ridge_ensemble,5,84,166.0,178.0265350341797
femto,2,ridge_ensemble,5,85,165.0,177.03794860839844
femto,2,ridge_ensemble,5,86,164.0,175.74119567871094
femto,2,ridge_ensemble,5,87,163.0,174.71246337890625
femto,2,ridge_ensemble,5,88,162.0,173.6591796875
femto,2,ridge_ensemble,5,89,161.0,172.73370361328125
femto,2,ridge_ensemble,5,90,160.0,171.69198608398438
femto,2,ridge_ensemble,5,91,159.0,170.47300720214844
femto,2,ridge_ensemble,5,92,158.0,169.39193725585938
femto,2,ridge_ensemble,5,93,157.0,168.27281188964844
femto,2,ridge_ensemble,5,94,156.0,167.185546875
femto,2,ridge_ensemble,5,95,155.0,166.07513427734375
femto,2,ridge_ensemble,5,96,154.0,165.01319885253906
femto,2,ridge_ensemble,5,97,153.0,163.93186950683594
femto,2,ridge_ensemble,5,98,152.0,162.87147521972656
femto,2,ridge_ensemble,5,99,151.0,161.8385772705078
femto,2,ridge_ensemble,5,100,150.0,160.66432189941406
femto,2,ridge_ensemble,5,101,149.0,159.5171661376953
femto,2,ridge_ensemble,5,102,148.0,158.48472595214844
femto,2,ridge_ensemble,5,103,147.0,157.45851135253906
femto,2,ridge_ensemble,5,104,146.0,156.4108428955078
femto,2,ridge_ensemble,5,105,145.0,155.26043701171875
femto,2,ridge_ensemble,5,106,144.0,154.2718505859375
femto,2,ridge_ensemble,5,107,143.0,152.9961395263672
femto,2,ridge_ensemble,5,108,142.0,152.03648376464844
femto,2,ridge_ensemble,5,109,141.0,150.9326629638672
femto,2,ridge_ensemble,5,110,140.0,149.9819793701172
femto,2,ridge_ensemble,5,111,139.0,148.72567749023438
femto,2,ridge_ensemble,5,112,138.0,147.7654266357422
femto,2,ridge_ensemble,5,113,137.0,146.61599731445312
femto,2,ridge_ensemble,5,114,136.0,145.62835693359375
femto,2,ridge_ensemble,5,115,135.0,144.4102325439453
femto,2,ridge_ensemble,5,116,134.0,143.3585205078125
femto,2,ridge_ensemble,5,117,133.0,142.25454711914062
femto,2,ridge_ensemble,5,118,132.0,141.13063049316406
femto,2,ridge_ensemble,5,119,131.0,140.0065460205078
femto,2,ridge_ensemble,5,120,130.0,139.03799438476562
femto,2,ridge_ensemble,5,121,129.0,137.90892028808594
femto,2,ridge_ensemble,5,122,128.0,136.91969299316406
femto,2,ridge_ensemble,5,123,127.00000762939453,135.7589569091797
femto,2,ridge_ensemble,5,124,126.0,134.6819610595703
femto,2,ridge_ensemble,5,125,125.0,133.60107421875
femto,2,ridge_ensemble,5,126,124.00000762939453,132.44647216796875
femto,2,ridge_ensemble,5,127,123.0,131.39512634277344
femto,2,ridge_ensemble,5,128,122.0,130.45008850097656
femto,2,ridge_ensemble,5,129,121.00000762939453,129.18817138671875
femto,2,ridge_ensemble,5,130,120.0,128.19175720214844
femto,2,ridge_ensemble,5,131,119.0,126.98297119140625
femto,2,ridge_ensemble,5,132,118.00000762939453,125.93929290771484
femto,2,ridge_ensemble,5,133,117.0,124.81554412841797
femto,2,ridge_ensemble,5,134,116.0,123.82044219970703
femto,2,ridge_ensemble,5,135,115.0,122.866943359375
femto,2,ridge_ensemble,5,136,114.0,121.6623764038086
femto,2,ridge_ensemble,5,137,113.0,120.3934097290039
femto,2,ridge_ensemble,5,138,112.0,119.46842956542969
femto,2,ridge_ensemble,5,139,111.0,118.37992858886719
femto,2,ridge_ensemble,5,140,110.0,117.17803955078125
femto,2,ridge_ensemble,5,141,109.0,116.1467514038086
femto,2,ridge_ensemble,5,142,108.0,115.10147857666016
femto,2,ridge_ensemble,5,143,107.0,113.93870544433594
femto,2,ridge_ensemble,5,144,106.0,112.88119506835938
femto,2,ridge_ensemble,5,145,105.0,111.87001037597656
femto,2,ridge_ensemble,5,146,104.0,110.6443862915039
femto,2,ridge_ensemble,5,147,103.0,109.75830078125
femto,2,ridge_ensemble,5,148,102.0,108.53701782226562
femto,2,ridge_ensemble,5,149,101.0,107.4838638305664
femto,2,ridge_ensemble,5,150,100.0,106.3485107421875
femto,2,ridge_ensemble,5,151,99.0,105.26909637451172
femto,2,ridge_ensemble,5,152,98.0,104.2840805053711
femto,2,ridge_ensemble,5,153,97.0,103.185791015625
femto,2,ridge_ensemble,5,154,96.0,101.91981506347656
femto,2,ridge_ensemble,5,155,95.0,100.96392059326172
femto,2,ridge_ensemble,5,156,94.0,99.79790496826172
femto,2,ridge_ensemble,5,157,93.0,98.73772430419922
femto,2,ridge_ensemble,5,158,92.0,97.79319763183594
femto,2,ridge_ensemble,5,159,91.0,96.55351257324219
femto,2,ridge_ensemble,5,160,90.0,95.50791931152344
femto,2,ridge_ensemble,5,161,89.0,94.39277648925781
femto,2,ridge_ensemble,5,162,88.0,93.24063873291016
femto,2,ridge_ensemble,5,163,87.0,92.23998260498047
femto,2,ridge_ensemble,5,164,86.0,91.13844299316406
femto,2,ridge_ensemble,5,165,85.0,90.13681030273438
femto,2,ridge_ensemble,5,166,84.0,89.07845306396484
femto,2,ridge_ensemble,5,167,83.0,87.92570495605469
femto,2,ridge_ensemble,5,168,82.0,86.75746154785156
femto,2,ridge_ensemble,5,169,81.0,85.82173156738281
femto,2,ridge_ensemble,5,170,80.0,84.64376068115234
femto,2,ridge_ensemble,5,171,79.0,83.58148956298828
femto,2,ridge_ensemble,5,172,78.0,82.45592498779297
femto,2,ridge_ensemble,5,173,77.0,81.25599670410156
femto,2,ridge_ensemble,5,174,76.0,80.17134094238281
femto,2,ridge_ensemble,5,175,75.0,79.18379211425781
femto,2,ridge_ensemble,5,176,74.0,78.1107177734375
femto,2,ridge_ensemble,5,177,73.0,77.0682373046875
femto,2,ridge_ensemble,5,178,72.0,75.94365692138672
femto,2,ridge_ensemble,5,179,71.0,74.76909637451172
femto,2,ridge_ensemble,5,180,70.0,73.90231323242188
femto,2,ridge_ensemble,5,181,69.0,72.5010986328125
femto,2,ridge_ensemble,5,182,68.0,71.42127990722656
femto,2,ridge_ensemble,5,183,67.0,70.29309844970703
femto,2,ridge_ensemble,5,184,66.0,69.23196411132812
femto,2,ridge_ensemble,5,185,65.0,68.3414535522461
femto,2,ridge_ensemble,5,186,64.0,67.00684356689453
femto,2,ridge_ensemble,5,187,63.0,66.05859375
femto,2,ridge_ensemble,5,188,62.000003814697266,64.85295867919922
femto,2,ridge_ensemble,5,189,61.0,63.923133850097656
femto,2,ridge_ensemble,5,190,60.0,62.71078872680664
femto,2,ridge_ensemble,5,191,59.000003814697266,61.72825622558594
femto,2,ridge_ensemble,5,192,58.0,60.52708053588867
femto,2,ridge_ensemble,5,193,57.0,59.35841369628906
femto,2,ridge_ensemble,5,194,56.0,58.34899139404297
femto,2,ridge_ensemble,5,195,55.0,57.2235221862793
femto,2,ridge_ensemble,5,196,54.0,56.085731506347656
femto,2,ridge_ensemble,5,197,53.0,55.12815475463867
femto,2,ridge_ensemble,5,198,52.0,53.98031234741211
femto,2,ridge_ensemble,5,199,51.0,52.86479187011719
femto,2,ridge_ensemble,5,200,50.0,51.747798919677734
femto,2,ridge_ensemble,5,201,49.0,50.603511810302734
femto,2,ridge_ensemble,5,202,48.0,49.46611785888672
femto,2,ridge_ensemble,5,203,47.0,48.54728317260742
femto,2,ridge_ensemble,5,204,46.0,47.319854736328125
femto,2,ridge_ensemble,5,205,45.0,46.21768569946289
femto,2,ridge_ensemble,5,206,44.0,45.18406295776367
femto,2,ridge_ensemble,5,207,43.0,44.24028778076172
femto,2,ridge_ensemble,5,208,42.0,43.06389617919922
femto,2,ridge_ensemble,5,209,41.0,42.04555892944336
femto,2,ridge_ensemble,5,210,40.0,40.882991790771484
femto,2,ridge_ensemble,5,211,39.0,39.763465881347656
femto,2,ridge_ensemble,5,212,38.0,38.69523620605469
femto,2,ridge_ensemble,5,213,37.0,37.55527877807617
femto,2,ridge_ensemble,5,214,36.0,36.479496002197266
femto,2,ridge_ensemble,5,215,35.0,35.30288314819336
femto,2,ridge_ensemble,5,216,34.0,34.40126419067383
femto,2,ridge_ensemble,5,217,33.0,33.223236083984375
femto,2,ridge_ensemble,5,218,32.0,32.16248321533203
femto,2,ridge_ensemble,5,219,31.000001907348633,31.083723068237305
femto,2,ridge_ensemble,5,220,30.0,29.855972290039062
femto,2,ridge_ensemble,5,221,29.0,28.918968200683594
femto,2,ridge_ensemble,5,222,28.0,27.781282424926758
femto,2,ridge_ensemble,5,223,27.0,26.621023178100586
femto,2,ridge_ensemble,5,224,26.0,25.541397094726562
femto,2,ridge_ensemble,5,225,25.0,24.4686279296875
femto,2,ridge_ensemble,5,226,24.0,23.3651180267334
femto,2,ridge_ensemble,5,227,23.0,22.340505599975586
femto,2,ridge_ensemble,5,228,22.0,21.232654571533203
femto,2,ridge_ensemble,5,229,21.0,20.065412521362305
femto,2,ridge_ensemble,5,230,20.0,19.08808708190918
femto,2,ridge_ensemble,5,231,19.0,17.957595825195312
femto,2,ridge_ensemble,5,232,18.0,16.935232162475586
femto,2,ridge_ensemble,5,233,17.0,15.661751747131348
femto,2,ridge_ensemble,5,234,16.0,14.649535179138184
femto,2,ridge_ensemble,5,235,15.0,13.533669471740723
femto,2,ridge_ensemble,5,236,14.0,12.526578903198242
femto,2,ridge_ensemble,5,237,13.0,11.342850685119629
femto,2,ridge_ensemble,5,238,12.0,10.404167175292969
femto,2,ridge_ensemble,5,239,11.0,9.127775192260742
femto,2,ridge_ensemble,5,240,10.0,8.07434368133545
femto,2,ridge_ensemble,5,241,9.0,6.8454132080078125
femto,2,ridge_ensemble,5,242,8.0,5.939690113067627
femto,2,ridge_ensemble,5,243,7.0,4.690126419067383
femto,2,ridge_ensemble,5,244,6.0,3.740952253341675
femto,2,ridge_ensemble,5,245,5.0,2.4790990352630615
femto,2,ridge_ensemble,5,246,4.0,1.6048543453216553
femto,2,ridge_ensemble,5,247,3.0,0.3195715844631195
femto,2,ridge_ensemble,5,248,2.0,0.0
femto,2,ridge_ensemble,5,249,1.0,0.0
femto,2,ridge_ensemble,5,250,0.0,0.0
femto,2,ridge_ensemble,5,251,0.0,0.0
femto,2,ridge_ensemble,5,252,0.0,0.0
femto,2,ridge_ensemble,5,253,0.0,0.0
femto,2,ridge_ensemble,5,254,0.0,0.0
femto,2,ridge_ensemble,5,255,0.0,0.0
femto,2,ridge_ensemble,5,256,0.0,0.0
femto,2,ridge_ensemble,5,257,0.0,0.0
femto,2,ridge_ensemble,5,258,0.0,0.0
femto,2,ridge_ensemble,5,259,0.0,0.0
femto,2,ridge_ensemble,5,260,0.0,0.0
femto,2,ridge_ensemble,5,261,0.0,0.0
femto,2,ridge_ensemble,5,262,0.0,0.0
femto,2,ridge_ensemble,5,263,0.0,0.0
femto,2,ridge_ensemble,5,264,0.0,0.0
femto,2,ridge_ensemble,5,265,0.0,0.0
femto,2,ridge_ensemble,5,266,0.0,0.0
femto,2,ridge_ensemble,5,267,0.0,0.0
femto,2,ridge_ensemble,5,268,0.0,0.0
femto,2,ridge_ensemble,5,269,0.0,0.0
femto,2,ridge_ensemble,5,270,0.0,0.0
femto,2,ridge_ensemble,5,271,0.0,0.0
femto,2,ridge_ensemble,5,272,0.0,0.0
femto,2,ridge_ensemble,5,273,0.0,0.0
femto,2,ridge_ensemble,5,274,0.0,0.0
femto,2,ridge_ensemble,5,275,0.0,0.0
femto,2,ridge_ensemble,5,276,0.0,0.0
femto,2,ridge_ensemble,5,277,0.0,0.0
femto,2,ridge_ensemble,5,278,0.0,0.0
femto,2,ridge_ensemble,5,279,0.0,0.0
femto,2,ridge_ensemble,5,280,0.0,0.0
femto,2,ridge_ensemble,5,281,0.0,0.0
femto,2,ridge_ensemble,5,282,0.0,0.0
femto,2,ridge_ensemble,5,283,0.0,0.0
femto,2,ridge_ensemble,5,284,0.0,0.0
femto,2,ridge_ensemble,5,285,0.0,0.0
femto,2,ridge_ensemble,5,286,0.0,0.0
femto,2,ridge_ensemble,5,287,0.0,0.0
femto,2,ridge_ensemble,5,288,0.0,0.0
femto,2,ridge_ensemble,5,289,0.0,0.0
femto,2,ridge_ensemble,5,290,0.0,0.0
femto,2,ridge_ensemble,5,291,0.0,0.0
femto,2,ridge_ensemble,5,292,0.0,0.0
femto,2,ridge_ensemble,5,293,0.0,0.0
femto,2,ridge_ensemble,5,294,0.0,0.0
femto,2,ridge_ensemble,5,295,0.0,0.0
femto,2,ridge_ensemble,5,296,0.0,0.0
femto,2,ridge_ensemble,5,297,0.0,0.0
femto,2,ridge_ensemble,5,298,0.0,0.0
femto,2,ridge_ensemble,5,299,0.0,0.0
femto,3,transfer_ensemble,5,19,231.0,68.99490356445312
femto,3,transfer_ensemble,5,20,230.0,69.135498046875
femto,3,transfer_ensemble,5,21,229.0,69.18670654296875
femto,3,transfer_ensemble,5,22,228.0,69.20567321777344
femto,3,transfer_ensemble,5,23,227.0,69.35407257080078
femto,3,transfer_ensemble,5,24,226.0,69.26416015625
femto,3,transfer_ensemble,5,25,225.0,69.2702865600586
femto,3,transfer_ensemble,5,26,224.0,69.26244354248047
femto,3,transfer_ensemble,5,27,223.0,69.48200988769531
femto,3,transfer_ensemble,5,28,222.0,69.56400299072266
femto,3,transfer_ensemble,5,29,221.0,69.51290893554688
femto,3,transfer_ensemble,5,30,220.0,69.42994689941406
femto,3,transfer_ensemble,5,31,219.0,69.58033752441406
femto,3,transfer_ensemble,5,32,218.0,69.6050033569336
femto,3,transfer_ensemble,5,33,217.0,69.61631774902344
femto,3,transfer_ensemble,5,34,216.0,69.74673461914062
femto,3,transfer_ensemble,5,35,215.0,69.41729736328125
femto,3,transfer_ensemble,5,36,214.0,69.40705871582031
femto,3,transfer_ensemble,5,37,213.0,69.4696044921875
femto,3,transfer_ensemble,5,38,212.0,69.6068115234375
femto,3,transfer_ensemble,5,39,211.0,69.45413208007812
femto,3,transfer_ensemble,5,40,210.0,69.60934448242188
femto,3,transfer_ensemble,5,41,209.0,69.7203140258789
femto,3,transfer_ensemble,5,42,208.0,69.77310180664062
femto,3,transfer_ensemble,5,43,207.0,69.73469543457031
femto,3,transfer_ensemble,5,44,206.0,69.82025146484375
femto,3,transfer_ensemble,5,45,205.0,69.74276733398438
femto,3,transfer_ensemble,5,46,204.0,69.60166931152344
femto,3,transfer_ensemble,5,47,203.0,69.81501770019531
femto,3,transfer_ensemble,5,48,202.0,69.85369873046875
femto,3,transfer_ensemble,5,49,201.0,69.64607238769531
femto,3,transfer_ensemble,5,50,200.0,69.66952514648438
femto,3,transfer_ensemble,5,51,199.0,69.8185806274414
femto,3,transfer_ensemble,5,52,198.0,69.51708984375
femto,3,transfer_ensemble,5,53,197.0,69.63314819335938
femto,3,transfer_ensemble,5,54,196.0,69.89991760253906
femto,3,transfer_ensemble,5,55,195.0,69.84872436523438
femto,3,transfer_ensemble,5,56,194.0,69.90797424316406
femto,3,transfer_ensemble,5,57,193.0,69.84500885009766
femto,3,transfer_ensemble,5,58,192.0,69.83020782470703
femto,3,transfer_ensemble,5,59,191.0,69.50035095214844
femto,3,transfer_ensemble,5,60,190.0,69.74797821044922
femto,3,transfer_ensemble,5,61,189.0,69.7744140625
femto,3,transfer_ensemble,5,62,188.0,70.04776000976562
femto,3,transfer_ensemble,5,63,187.0,69.97480773925781
femto,3,transfer_ensemble,5,64,186.0,69.92485809326172
femto,3,transfer_ensemble,5,65,185.0,69.90633392333984
femto,3,transfer_ensemble,5,66,184.0,69.88422393798828
femto,3,transfer_ensemble,5,67,183.0,69.53112030029297
femto,3,transfer_ensemble,5,68,182.0,69.58403015136719
femto,3,transfer_ensemble,5,69,181.0,69.79737091064453
femto,3,transfer_ensemble,5,70,180.0,69.57984924316406
femto,3,transfer_ensemble,5,71,179.0,69.82135009765625
femto,3,transfer_ensemble,5,72,178.0,69.70530700683594
femto,3,transfer_ensemble,5,73,177.0,69.7982406616211
femto,3,transfer_ensemble,5,74,176.0,69.9164047241211
femto,3,transfer_ensemble,5,75,175.0,69.48760223388672
femto,3,transfer_ensemble,5,76,174.0,69.63677978515625
femto,3,transfer_ensemble,5,77,173.0,69.7481918334961
femto,3,transfer_ensemble,5,78,172.0,69.46229553222656
femto,3,transfer_ensemble,5,79,171.0,69.53303527832031
femto,3,transfer_ensemble,5,80,170.0,69.41886901855469
femto,3,transfer_ensemble,5,81,169.0,69.45161437988281
femto,3,transfer_ensemble,5,82,168.0,69.62492370605469
femto,3,transfer_ensemble,5,83,167.0,69.41653442382812
femto,3,transfer_ensemble,5,84,166.0,69.3768539428711
femto,3,transfer_ensemble,5,85,165.0,69.17152404785156
femto,3,transfer_ensemble,5,86,164.0,68.92982482910156
femto,3,transfer_ensemble,5,87,163.0,68.74795532226562
femto,3,transfer_ensemble,5,88,162.0,68.93950653076172
femto,3,transfer_ensemble,5,89,161.0,68.90095520019531
femto,3,transfer_ensemble,5,90,160.0,69.06727600097656
femto,3,transfer_ensemble,5,91,159.0,69.26544952392578
femto,3,transfer_ensemble,5,92,158.0,69.1273193359375
femto,3,transfer_ensemble,5,93,157.0,68.96359252929688
femto,3,transfer_ensemble,5,94,156.0,69.17300415039062
femto,3,transfer_ensemble,5,95,155.0,68.8940658569336
femto,3,transfer_ensemble,5,96,154.0,68.65121459960938
femto,3,transfer_ensemble,5,97,153.0,68.48675537109375
femto,3,transfer_ensemble,5,98,152.0,68.44400787353516
femto,3,transfer_ensemble,5,99,151.0,68.43474578857422
femto,3,transfer_ensemble,5,100,150.0,68.48040771484375
femto,3,transfer_ensemble,5,101,149.0,68.55667114257812
femto,3,transfer_ensemble,5,102,148.0,68.03219604492188
femto,3,transfer_ensemble,5,103,147.0,67.83036804199219
femto,3,transfer_ensemble,5,104,146.0,67.63955688476562
femto,3,transfer_ensemble,5,105,145.0,67.41981506347656
femto,3,transfer_ensemble,5,106,144.0,67.6211166381836
femto,3,transfer_ensemble,5,107,143.0,67.20841217041016
femto,3,transfer_ensemble,5,108,142.0,66.89727783203125
femto,3,transfer_ensemble,5,109,141.0,66.67291259765625
femto,3,transfer_ensemble,5,110,140.0,67.12533569335938
femto,3,transfer_ensemble,5,111,139.0,67.33856201171875
femto,3,transfer_ensemble,5,112,138.0,67.54598999023438
femto,3,transfer_ensemble,5,113,137.0,67.5067138671875
femto,3,transfer_ensemble,5,114,136.0,66.4549789428711
femto,3,transfer_ensemble,5,115,135.0,66.4691390991211
femto,3,transfer_ensemble,5,116,134.0,66.25220489501953
femto,3,transfer_ensemble,5,117,133.0,65.80140686035156
femto,3,transfer_ensemble,5,118,132.0,65.82970428466797
femto,3,transfer_ensemble,5,119,131.0,65.70899200439453
femto,3,transfer_ensemble,5,120,130.0,65.2198486328125
femto,3,transfer_ensemble,5,121,129.0,65.43943786621094
femto,3,transfer_ensemble,5,122,128.0,65.66522216796875
femto,3,transfer_ensemble,5,123,127.00000762939453,66.014404296875
femto,3,transfer_ensemble,5,124,126.0,65.06891632080078
femto,3,transfer_ensemble,5,125,125.0,65.02629089355469
femto,3,transfer_ensemble,5,126,124.00000762939453,65.18611145019531
femto,3,transfer_ensemble,5,127,123.0,64.75968933105469
femto,3,transfer_ensemble,5,128,122.0,64.22584533691406
femto,3,transfer_ensemble,5,129,121.00000762939453,64.25740051269531
femto,3,transfer_ensemble,5,130,120.0,64.2470474243164
femto,3,transfer_ensemble,5,131,119.0,64.05463409423828
femto,3,transfer_ensemble,5,132,118.00000762939453,62.8740234375
femto,3,transfer_ensemble,5,133,117.0,62.761756896972656
femto,3,transfer_ensemble,5,134,116.0,62.94291687011719
femto,3,transfer_ensemble,5,135,115.0,63.097328186035156
femto,3,transfer_ensemble,5,136,114.0,62.92937088012695
femto,3,transfer_ensemble,5,137,113.0,62.443241119384766
femto,3,transfer_ensemble,5,138,112.0,61.54535675048828
femto,3,transfer_ensemble,5,139,111.0,62.28697204589844
femto,3,transfer_ensemble,5,140,110.0,61.66173553466797
femto,3,transfer_ensemble,5,141,109.0,62.43531036376953
femto,3,transfer_ensemble,5,142,108.0,62.70829391479492
femto,3,transfer_ensemble,5,143,107.0,60.88539123535156
femto,3,transfer_ensemble,5,144,106.0,61.31725311279297
femto,3,transfer_ensemble,5,145,105.0,61.56162643432617
femto,3,transfer_ensemble,5,146,104.0,61.41273880004883
femto,3,transfer_ensemble,5,147,103.0,62.08710479736328
femto,3,transfer_ensemble,5,148,102.0,62.191497802734375
femto,3,transfer_ensemble,5,149,101.0,62.34665298461914
femto,3,transfer_ensemble,5,150,100.0,61.97315216064453
femto,3,transfer_ensemble,5,151,99.0,61.59075927734375
femto,3,transfer_ensemble,5,152,98.0,61.386932373046875
femto,3,transfer_ensemble,5,153,97.0,61.108917236328125
femto,3,transfer_ensemble,5,154,96.0,60.496437072753906
femto,3,transfer_ensemble,5,155,95.0,60.621337890625
femto,3,transfer_ensemble,5,156,94.0,60.23671340942383
femto,3,transfer_ensemble,5,157,93.0,59.94244384765625
femto,3,transfer_ensemble,5,158,92.0,59.71300506591797
femto,3,transfer_ensemble,5,159,91.0,59.65739822387695
femto,3,transfer_ensemble,5,160,90.0,59.89836120605469
femto,3,transfer_ensemble,5,161,89.0,59.65174102783203
femto,3,transfer_ensemble,5,162,88.0,59.73897933959961
femto,3,transfer_ensemble,5,163,87.0,60.00629425048828
femto,3,transfer_ensemble,5,164,86.0,60.36003875732422
femto,3,transfer_ensemble,5,165,85.0,59.50775146484375
femto,3,transfer_ensemble,5,166,84.0,60.600128173828125
femto,3,transfer_ensemble,5,167,83.0,60.194313049316406
femto,3,transfer_ensemble,5,168,82.0,59.6676025390625
femto,3,transfer_ensemble,5,169,81.0,58.38532638549805
femto,3,transfer_ensemble,5,170,80.0,58.031044006347656
femto,3,transfer_ensemble,5,171,79.0,58.302757263183594
femto,3,transfer_ensemble,5,172,78.0,58.15605926513672
femto,3,transfer_ensemble,5,173,77.0,56.04902267456055
femto,3,transfer_ensemble,5,174,76.0,57.01902389526367
femto,3,transfer_ensemble,5,175,75.0,57.84107971191406
femto,3,transfer_ensemble,5,176,74.0,58.511741638183594
femto,3,transfer_ensemble,5,177,73.0,58.2645263671875
femto,3,transfer_ensemble,5,178,72.0,58.19801330566406
femto,3,transfer_ensemble,5,179,71.0,58.02688980102539
femto,3,transfer_ensemble,5,180,70.0,58.528804779052734
femto,3,transfer_ensemble,5,181,69.0,58.27910614013672
femto,3,transfer_ensemble,5,182,68.0,57.56394958496094
femto,3,transfer_ensemble,5,183,67.0,57.527809143066406
femto,3,transfer_ensemble,5,184,66.0,56.8167724609375
femto,3,transfer_ensemble,5,185,65.0,57.14965057373047
femto,3,transfer_ensemble,5,186,64.0,56.49882507324219
femto,3,transfer_ensemble,5,187,63.0,56.02882385253906
femto,3,transfer_ensemble,5,188,62.000003814697266,54.934532165527344
femto,3,transfer_ensemble,5,189,61.0,55.09330749511719
femto,3,transfer_ensemble,5,190,60.0,53.72998809814453
femto,3,transfer_ensemble,5,191,59.000003814697266,53.9084587097168
femto,3,transfer_ensemble,5,192,58.0,53.4584846496582
femto,3,transfer_ensemble,5,193,57.0,52.112937927246094
femto,3,transfer_ensemble,5,194,56.0,52.47730255126953
femto,3,transfer_ensemble,5,195,55.0,51.98259353637695
femto,3,transfer_ensemble,5,196,54.0,51.72331237792969
femto,3,transfer_ensemble,5,197,53.0,51.020408630371094
femto,3,transfer_ensemble,5,198,52.0,50.26982879638672
femto,3,transfer_ensemble,5,199,51.0,49.351966857910156
femto,3,transfer_ensemble,5,200,50.0,48.16016387939453
femto,3,transfer_ensemble,5,201,49.0,47.17479705810547
femto,3,transfer_ensemble,5,202,48.0,46.48474884033203
femto,3,transfer_ensemble,5,203,47.0,45.73242950439453
femto,3,transfer_ensemble,5,204,46.0,44.77068328857422
femto,3,transfer_ensemble,5,205,45.0,43.947391510009766
femto,3,transfer_ensemble,5,206,44.0,43.36354446411133
femto,3,transfer_ensemble,5,207,43.0,42.654598236083984
femto,3,transfer_ensemble,5,208,42.0,41.626129150390625
femto,3,transfer_ensemble,5,209,41.0,40.62976837158203
femto,3,transfer_ensemble,5,210,40.0,39.828128814697266
femto,3,transfer_ensemble,5,211,39.0,38.99435043334961
femto,3,transfer_ensemble,5,212,38.0,38.18304443359375
femto,3,transfer_ensemble,5,213,37.0,37.34418487548828
femto,3,transfer_ensemble,5,214,36.0,36.51921081542969
femto,3,transfer_ensemble,5,215,35.0,35.79289245605469
femto,3,transfer_ensemble,5,216,34.0,35.10981369018555
femto,3,transfer_ensemble,5,217,33.0,34.447235107421875
femto,3,transfer_ensemble,5,218,32.0,33.83222961425781
femto,3,transfer_ensemble,5,219,31.000001907348633,32.911643981933594
femto,3,transfer_ensemble,5,220,30.0,32.0262336730957
femto,3,transfer_ensemble,5,221,29.0,31.548797607421875
femto,3,transfer_ensemble,5,222,28.0,30.759193420410156
femto,3,transfer_ensemble,5,223,27.0,30.141504287719727
femto,3,transfer_ensemble,5,224,26.0,29.479215621948242
femto,3,transfer_ensemble,5,225,25.0,28.82239532470703
femto,3,transfer_ensemble,5,226,24.0,28.15322494506836
femto,3,transfer_ensemble,5,227,23.0,27.48584747314453
femto,3,transfer_ensemble,5,228,22.0,26.808185577392578
femto,3,transfer_ensemble,5,229,21.0,26.390960693359375
femto,3,transfer_ensemble,5,230,20.0,25.904918670654297
femto,3,transfer_ensemble,5,231,19.0,25.379531860351562
femto,3,transfer_ensemble,5,232,18.0,24.82195472717285
femto,3,transfer_ensemble,5,233,17.0,24.3575382232666
femto,3,transfer_ensemble,5,234,16.0,23.91098403930664
femto,3,transfer_ensemble,5,235,15.0,23.404827117919922
femto,3,transfer_ensemble,5,236,14.0,22.937015533447266
femto,3,transfer_ensemble,5,237,13.0,22.534841537475586
femto,3,transfer_ensemble,5,238,12.0,22.406654357910156
femto,3,transfer_ensemble,5,239,11.0,21.927135467529297
femto,3,transfer_ensemble,5,240,10.0,21.549312591552734
femto,3,transfer_ensemble,5,241,9.0,21.14580535888672
femto,3,transfer_ensemble,5,242,8.0,20.797466278076172
femto,3,transfer_ensemble,5,243,7.0,20.401222229003906
femto,3,transfer_ensemble,5,244,6.0,20.09982681274414
femto,3,transfer_ensemble,5,245,5.0,19.783031463623047
femto,3,transfer_ensemble,5,246,4.0,19.565189361572266
femto,3,transfer_ensemble,5,247,3.0,19.246442794799805
femto,3,transfer_ensemble,5,248,2.0,19.004180908203125
femto,3,transfer_ensemble,5,249,1.0,18.68529510498047
femto,3,transfer_ensemble,5,250,0.0,18.408994674682617
femto,3,transfer_ensemble,5,251,0.0,18.190187454223633
femto,3,transfer_ensemble,5,252,0.0,17.903057098388672
femto,3,transfer_ensemble,5,253,0.0,17.65378761291504
femto,3,transfer_ensemble,5,254,0.0,17.394561767578125
femto,3,transfer_ensemble,5,255,0.0,17.153602600097656
femto,3,transfer_ensemble,5,256,0.0,16.977264404296875
femto,3,transfer_ensemble,5,257,0.0,16.800029754638672
femto,3,transfer_ensemble,5,258,0.0,16.632266998291016
femto,3,transfer_ensemble,5,259,0.0,16.495635986328125
femto,3,transfer_ensemble,5,260,0.0,16.344594955444336
femto,3,transfer_ensemble,5,261,0.0,16.197566986083984
femto,3,transfer_ensemble,5,262,0.0,16.110498428344727
femto,3,transfer_ensemble,5,263,0.0,15.989100456237793
femto,3,transfer_ensemble,5,264,0.0,15.91142463684082
femto,3,transfer_ensemble,5,265,0.0,15.831298828125
femto,3,transfer_ensemble,5,266,0.0,15.773492813110352
femto,3,transfer_ensemble,5,267,0.0,15.6837797164917
femto,3,transfer_ensemble,5,268,0.0,15.666816711425781
femto,3,transfer_ensemble,5,269,0.0,15.584178924560547
femto,3,transfer_ensemble,5,270,0.0,15.572521209716797
femto,3,transfer_ensemble,5,271,0.0,15.60718059539795
femto,3,transfer_ensemble,5,272,0.0,15.614873886108398
femto,3,transfer_ensemble,5,273,0.0,15.589651107788086
femto,3,transfer_ensemble,5,274,0.0,15.610342025756836
femto,3,transfer_ensemble,5,275,0.0,15.636985778808594
femto,3,transfer_ensemble,5,276,0.0,15.706853866577148
femto,3,transfer_ensemble,5,277,0.0,15.745848655700684
femto,3,transfer_ensemble,5,278,0.0,15.827509880065918
femto,3,transfer_ensemble,5,279,0.0,15.916378021240234
femto,3,transfer_ensemble,5,280,0.0,16.026643753051758
femto,3,transfer_ensemble,5,281,0.0,16.13250160217285
femto,3,transfer_ensemble,5,282,0.0,16.256324768066406
femto,3,transfer_ensemble,5,283,0.0,16.378774642944336
femto,3,transfer_ensemble,5,284,0.0,16.51156997680664
femto,3,transfer_ensemble,5,285,0.0,16.670040130615234
femto,3,transfer_ensemble,5,286,0.0,16.86111831665039
femto,3,transfer_ensemble,5,287,0.0,17.099294662475586
femto,3,transfer_ensemble,5,288,0.0,17.362855911254883
femto,3,transfer_ensemble,5,289,0.0,17.625198364257812
femto,3,transfer_ensemble,5,290,0.0,17.96700096130371
femto,3,transfer_ensemble,5,291,0.0,18.30768585205078
femto,3,transfer_ensemble,5,292,0.0,18.698467254638672
femto,3,transfer_ensemble,5,293,0.0,19.051563262939453
femto,3,transfer_ensemble,5,294,0.0,19.426179885864258
femto,3,transfer_ensemble,5,295,0.0,19.80291748046875
femto,3,transfer_ensemble,5,296,0.0,20.174488067626953
femto,3,transfer_ensemble,5,297,0.0,20.53076934814453
femto,3,transfer_ensemble,5,298,0.0,20.90379524230957
femto,3,transfer_ensemble,5,299,0.0,21.279478073120117
femto,3,frozen_encoder_ensemble,5,19,231.0,40.969337463378906
femto,3,frozen_encoder_ensemble,5,20,230.0,40.81097412109375
femto,3,frozen_encoder_ensemble,5,21,229.0,40.78398895263672
femto,3,frozen_encoder_ensemble,5,22,228.0,40.8922119140625
femto,3,frozen_encoder_ensemble,5,23,227.0,41.07035827636719
femto,3,frozen_encoder_ensemble,5,24,226.0,41.06792068481445
femto,3,frozen_encoder_ensemble,5,25,225.0,40.93141174316406
femto,3,frozen_encoder_ensemble,5,26,224.0,40.8593635559082
femto,3,frozen_encoder_ensemble,5,27,223.0,40.95439147949219
femto,3,frozen_encoder_ensemble,5,28,222.0,40.968544006347656
femto,3,frozen_encoder_ensemble,5,29,221.0,40.97832107543945
femto,3,frozen_encoder_ensemble,5,30,220.0,40.91731262207031
femto,3,frozen_encoder_ensemble,5,31,219.0,41.00592803955078
femto,3,frozen_encoder_ensemble,5,32,218.0,41.020965576171875
femto,3,frozen_encoder_ensemble,5,33,217.0,40.770896911621094
femto,3,frozen_encoder_ensemble,5,34,216.0,40.791351318359375
femto,3,frozen_encoder_ensemble,5,35,215.0,40.40290069580078
femto,3,frozen_encoder_ensemble,5,36,214.0,40.47589111328125
femto,3,frozen_encoder_ensemble,5,37,213.0,40.71471405029297
femto,3,frozen_encoder_ensemble,5,38,212.0,40.77827072143555
femto,3,frozen_encoder_ensemble,5,39,211.0,40.598899841308594
femto,3,frozen_encoder_ensemble,5,40,210.0,40.675025939941406
femto,3,frozen_encoder_ensemble,5,41,209.0,40.85628128051758
femto,3,frozen_encoder_ensemble,5,42,208.0,40.802276611328125
femto,3,frozen_encoder_ensemble,5,43,207.0,40.63824462890625
femto,3,frozen_encoder_ensemble,5,44,206.0,40.6058349609375
femto,3,frozen_encoder_ensemble,5,45,205.0,40.58891677856445
femto,3,frozen_encoder_ensemble,5,46,204.0,40.328155517578125
femto,3,frozen_encoder_ensemble,5,47,203.0,40.689231872558594
femto,3,frozen_encoder_ensemble,5,48,202.0,40.53658676147461
femto,3,frozen_encoder_ensemble,5,49,201.0,40.2526969909668
femto,3,frozen_encoder_ensemble,5,50,200.0,40.385826110839844
femto,3,frozen_encoder_ensemble,5,51,199.0,40.635746002197266
femto,3,frozen_encoder_ensemble,5,52,198.0,40.041290283203125
femto,3,frozen_encoder_ensemble,5,53,197.0,40.1798095703125
femto,3,frozen_encoder_ensemble,5,54,196.0,40.4335823059082
femto,3,frozen_encoder_ensemble,5,55,195.0,40.5307731628418
femto,3,frozen_encoder_ensemble,5,56,194.0,40.39106369018555
femto,3,frozen_encoder_ensemble,5,57,193.0,40.29185485839844
femto,3,frozen_encoder_ensemble,5,58,192.0,40.1150016784668
femto,3,frozen_encoder_ensemble,5,59,191.0,39.81123352050781
femto,3,frozen_encoder_ensemble,5,60,190.0,40.127281188964844
femto,3,frozen_encoder_ensemble,5,61,189.0,40.39784240722656
femto,3,frozen_encoder_ensemble,5,62,188.0,40.46237564086914
femto,3,frozen_encoder_ensemble,5,63,187.0,40.43740463256836
femto,3,frozen_encoder_ensemble,5,64,186.0,40.22724151611328
femto,3,frozen_encoder_ensemble,5,65,185.0,40.140892028808594
femto,3,frozen_encoder_ensemble,5,66,184.0,40.231788635253906
femto,3,frozen_encoder_ensemble,5,67,183.0,39.816619873046875
femto,3,frozen_encoder_ensemble,5,68,182.0,39.97559356689453
femto,3,frozen_encoder_ensemble,5,69,181.0,40.06269836425781
femto,3,frozen_encoder_ensemble,5,70,180.0,39.591121673583984
femto,3,frozen_encoder_ensemble,5,71,179.0,40.08940887451172
femto,3,frozen_encoder_ensemble,5,72,178.0,39.67990493774414
femto,3,frozen_encoder_ensemble,5,73,177.0,39.6614990234375
femto,3,frozen_encoder_ensemble,5,74,176.0,39.947715759277344
femto,3,frozen_encoder_ensemble,5,75,175.0,39.398475646972656
femto,3,frozen_encoder_ensemble,5,76,174.0,39.728126525878906
femto,3,frozen_encoder_ensemble,5,77,173.0,39.654212951660156
femto,3,frozen_encoder_ensemble,5,78,172.0,39.545433044433594
femto,3,frozen_encoder_ensemble,5,79,171.0,39.53801727294922
femto,3,frozen_encoder_ensemble,5,80,170.0,39.29288864135742
femto,3,frozen_encoder_ensemble,5,81,169.0,39.259517669677734
femto,3,frozen_encoder_ensemble,5,82,168.0,39.489253997802734
femto,3,frozen_encoder_ensemble,5,83,167.0,39.00885772705078
femto,3,frozen_encoder_ensemble,5,84,166.0,39.10649871826172
femto,3,frozen_encoder_ensemble,5,85,165.0,38.93046569824219
femto,3,frozen_encoder_ensemble,5,86,164.0,38.628448486328125
femto,3,frozen_encoder_ensemble,5,87,163.0,38.425682067871094
femto,3,frozen_encoder_ensemble,5,88,162.0,38.72227478027344
femto,3,frozen_encoder_ensemble,5,89,161.0,38.80158615112305
femto,3,frozen_encoder_ensemble,5,90,160.0,38.84950256347656
femto,3,frozen_encoder_ensemble,5,91,159.0,39.03782653808594
femto,3,frozen_encoder_ensemble,5,92,158.0,38.50706481933594
femto,3,frozen_encoder_ensemble,5,93,157.0,38.387474060058594
femto,3,frozen_encoder_ensemble,5,94,156.0,38.707305908203125
femto,3,frozen_encoder_ensemble,5,95,155.0,38.34128952026367
femto,3,frozen_encoder_ensemble,5,96,154.0,37.92089080810547
femto,3,frozen_encoder_ensemble,5,97,153.0,37.897178649902344
femto,3,frozen_encoder_ensemble,5,98,152.0,37.847816467285156
femto,3,frozen_encoder_ensemble,5,99,151.0,38.102088928222656
femto,3,frozen_encoder_ensemble,5,100,150.0,38.144317626953125
femto,3,frozen_encoder_ensemble,5,101,149.0,37.95429611206055
femto,3,frozen_encoder_ensemble,5,102,148.0,37.52785873413086
femto,3,frozen_encoder_ensemble,5,103,147.0,37.38862991333008
femto,3,frozen_encoder_ensemble,5,104,146.0,37.090248107910156
femto,3,frozen_encoder_ensemble,5,105,145.0,36.647483825683594
femto,3,frozen_encoder_ensemble,5,106,144.0,37.04424285888672
femto,3,frozen_encoder_ensemble,5,107,143.0,36.46649169921875
femto,3,frozen_encoder_ensemble,5,108,142.0,36.01470184326172
femto,3,frozen_encoder_ensemble,5,109,141.0,35.917198181152344
femto,3,frozen_encoder_ensemble,5,110,140.0,36.336219787597656
femto,3,frozen_encoder_ensemble,5,111,139.0,36.73755645751953
femto,3,frozen_encoder_ensemble,5,112,138.0,36.95638656616211
femto,3,frozen_encoder_ensemble,5,113,137.0,36.60426330566406
femto,3,frozen_encoder_ensemble,5,114,136.0,35.41701126098633
femto,3,frozen_encoder_ensemble,5,115,135.0,35.74267578125
femto,3,frozen_encoder_ensemble,5,116,134.0,35.89226531982422
femto,3,frozen_encoder_ensemble,5,117,133.0,35.27369689941406
femto,3,frozen_encoder_ensemble,5,118,132.0,35.41449737548828
femto,3,frozen_encoder_ensemble,5,119,131.0,35.005714416503906
femto,3,frozen_encoder_ensemble,5,120,130.0,34.643089294433594
femto,3,frozen_encoder_ensemble,5,121,129.0,34.91130828857422
femto,3,frozen_encoder_ensemble,5,122,128.0,34.98044204711914
femto,3,frozen_encoder_ensemble,5,123,127.00000762939453,35.1356086730957
femto,3,frozen_encoder_ensemble,5,124,126.0,34.42091369628906
femto,3,frozen_encoder_ensemble,5,125,125.0,34.22706604003906
femto,3,frozen_encoder_ensemble,5,126,124.00000762939453,34.389915466308594
femto,3,frozen_encoder_ensemble,5,127,123.0,34.26582336425781
femto,3,frozen_encoder_ensemble,5,128,122.0,33.688350677490234
femto,3,frozen_encoder_ensemble,5,129,121.00000762939453,33.83195495605469
femto,3,frozen_encoder_ensemble,5,130,120.0,34.233768463134766
femto,3,frozen_encoder_ensemble,5,131,119.0,33.67359924316406
femto,3,frozen_encoder_ensemble,5,132,118.00000762939453,32.81060028076172
femto,3,frozen_encoder_ensemble,5,133,117.0,32.8419189453125
femto,3,frozen_encoder_ensemble,5,134,116.0,33.13330841064453
femto,3,frozen_encoder_ensemble,5,135,115.0,33.04742431640625
femto,3,frozen_encoder_ensemble,5,136,114.0,32.8474235534668
femto,3,frozen_encoder_ensemble,5,137,113.0,32.564476013183594
femto,3,frozen_encoder_ensemble,5,138,112.0,32.19440460205078
femto,3,frozen_encoder_ensemble,5,139,111.0,32.6728401184082
femto,3,frozen_encoder_ensemble,5,140,110.0,32.40919494628906
femto,3,frozen_encoder_ensemble,5,141,109.0,32.780174255371094
femto,3,frozen_encoder_ensemble,5,142,108.0,32.74455642700195
femto,3,frozen_encoder_ensemble,5,143,107.0,32.10816955566406
femto,3,frozen_encoder_ensemble,5,144,106.0,32.3325309753418
femto,3,frozen_encoder_ensemble,5,145,105.0,32.29431915283203
femto,3,frozen_encoder_ensemble,5,146,104.0,32.0278205871582
femto,3,frozen_encoder_ensemble,5,147,103.0,32.566410064697266
femto,3,frozen_encoder_ensemble,5,148,102.0,32.45361328125
femto,3,frozen_encoder_ensemble,5,149,101.0,32.488441467285156
femto,3,frozen_encoder_ensemble,5,150,100.0,32.2225456237793
femto,3,frozen_encoder_ensemble,5,151,99.0,31.994216918945312
femto,3,frozen_encoder_ensemble,5,152,98.0,32.19894027709961
femto,3,frozen_encoder_ensemble,5,153,97.0,31.9847354888916
femto,3,frozen_encoder_ensemble,5,154,96.0,32.15363311767578
femto,3,frozen_encoder_ensemble,5,155,95.0,32.25563430786133
femto,3,frozen_encoder_ensemble,5,156,94.0,31.9669132232666
femto,3,frozen_encoder_ensemble,5,157,93.0,31.90093994140625
femto,3,frozen_encoder_ensemble,5,158,92.0,31.82457733154297
femto,3,frozen_encoder_ensemble,5,159,91.0,31.818572998046875
femto,3,frozen_encoder_ensemble,5,160,90.0,31.881305694580078
femto,3,frozen_encoder_ensemble,5,161,89.0,31.972244262695312
femto,3,frozen_encoder_ensemble,5,162,88.0,31.902666091918945
femto,3,frozen_encoder_ensemble,5,163,87.0,32.382999420166016
femto,3,frozen_encoder_ensemble,5,164,86.0,32.66489791870117
femto,3,frozen_encoder_ensemble,5,165,85.0,32.04443359375
femto,3,frozen_encoder_ensemble,5,166,84.0,32.45941162109375
femto,3,frozen_encoder_ensemble,5,167,83.0,33.194549560546875
femto,3,frozen_encoder_ensemble,5,168,82.0,33.902469635009766
femto,3,frozen_encoder_ensemble,5,169,81.0,32.83570098876953
femto,3,frozen_encoder_ensemble,5,170,80.0,33.158042907714844
femto,3,frozen_encoder_ensemble,5,171,79.0,33.05658721923828
femto,3,frozen_encoder_ensemble,5,172,78.0,32.7474365234375
femto,3,frozen_encoder_ensemble,5,173,77.0,32.14712905883789
femto,3,frozen_encoder_ensemble,5,174,76.0,32.462371826171875
femto,3,frozen_encoder_ensemble,5,175,75.0,33.19435501098633
femto,3,frozen_encoder_ensemble,5,176,74.0,33.48207473754883
femto,3,frozen_encoder_ensemble,5,177,73.0,33.46002197265625
femto,3,frozen_encoder_ensemble,5,178,72.0,34.10197448730469
femto,3,frozen_encoder_ensemble,5,179,71.0,33.70863342285156
femto,3,frozen_encoder_ensemble,5,180,70.0,33.89263916015625
femto,3,frozen_encoder_ensemble,5,181,69.0,34.1754150390625
femto,3,frozen_encoder_ensemble,5,182,68.0,34.521602630615234
femto,3,frozen_encoder_ensemble,5,183,67.0,34.59910202026367
femto,3,frozen_encoder_ensemble,5,184,66.0,34.15008544921875
femto,3,frozen_encoder_ensemble,5,185,65.0,34.46482849121094
femto,3,frozen_encoder_ensemble,5,186,64.0,35.19771957397461
femto,3,frozen_encoder_ensemble,5,187,63.0,35.081748962402344
femto,3,frozen_encoder_ensemble,5,188,62.000003814697266,34.836578369140625
femto,3,frozen_encoder_ensemble,5,189,61.0,35.62517547607422
femto,3,frozen_encoder_ensemble,5,190,60.0,34.784912109375
femto,3,frozen_encoder_ensemble,5,191,59.000003814697266,35.63542938232422
femto,3,frozen_encoder_ensemble,5,192,58.0,35.55736541748047
femto,3,frozen_encoder_ensemble,5,193,57.0,35.14934158325195
femto,3,frozen_encoder_ensemble,5,194,56.0,35.69992446899414
femto,3,frozen_encoder_ensemble,5,195,55.0,35.77988815307617
femto,3,frozen_encoder_ensemble,5,196,54.0,36.415191650390625
femto,3,frozen_encoder_ensemble,5,197,53.0,35.731475830078125
femto,3,frozen_encoder_ensemble,5,198,52.0,35.90498352050781
femto,3,frozen_encoder_ensemble,5,199,51.0,36.02620315551758
femto,3,frozen_encoder_ensemble,5,200,50.0,36.0330810546875
femto,3,frozen_encoder_ensemble,5,201,49.0,35.43985366821289
femto,3,frozen_encoder_ensemble,5,202,48.0,35.68804168701172
femto,3,frozen_encoder_ensemble,5,203,47.0,35.5921516418457
femto,3,frozen_encoder_ensemble,5,204,46.0,35.082366943359375
femto,3,frozen_encoder_ensemble,5,205,45.0,35.34891128540039
femto,3,frozen_encoder_ensemble,5,206,44.0,35.18497085571289
femto,3,frozen_encoder_ensemble,5,207,43.0,35.359981536865234
femto,3,frozen_encoder_ensemble,5,208,42.0,35.473182678222656
femto,3,frozen_encoder_ensemble,5,209,41.0,35.09478759765625
femto,3,frozen_encoder_ensemble,5,210,40.0,34.95319747924805
femto,3,frozen_encoder_ensemble,5,211,39.0,34.45530700683594
femto,3,frozen_encoder_ensemble,5,212,38.0,34.63264465332031
femto,3,frozen_encoder_ensemble,5,213,37.0,34.52883529663086
femto,3,frozen_encoder_ensemble,5,214,36.0,34.4012451171875
femto,3,frozen_encoder_ensemble,5,215,35.0,34.2327766418457
femto,3,frozen_encoder_ensemble,5,216,34.0,34.04369354248047
femto,3,frozen_encoder_ensemble,5,217,33.0,33.95545196533203
femto,3,frozen_encoder_ensemble,5,218,32.0,33.69047546386719
femto,3,frozen_encoder_ensemble,5,219,31.000001907348633,33.837120056152344
femto,3,frozen_encoder_ensemble,5,220,30.0,33.53202819824219
femto,3,frozen_encoder_ensemble,5,221,29.0,33.367156982421875
femto,3,frozen_encoder_ensemble,5,222,28.0,33.252750396728516
femto,3,frozen_encoder_ensemble,5,223,27.0,33.02398681640625
femto,3,frozen_encoder_ensemble,5,224,26.0,32.64003372192383
femto,3,frozen_encoder_ensemble,5,225,25.0,32.483642578125
femto,3,frozen_encoder_ensemble,5,226,24.0,32.18065643310547
femto,3,frozen_encoder_ensemble,5,227,23.0,32.150001525878906
femto,3,frozen_encoder_ensemble,5,228,22.0,31.996200561523438
femto,3,frozen_encoder_ensemble,5,229,21.0,31.652706146240234
femto,3,frozen_encoder_ensemble,5,230,20.0,31.54339599609375
femto,3,frozen_encoder_ensemble,5,231,19.0,31.466190338134766
femto,3,frozen_encoder_ensemble,5,232,18.0,31.304527282714844
femto,3,frozen_encoder_ensemble,5,233,17.0,31.12616729736328
femto,3,frozen_encoder_ensemble,5,234,16.0,30.935806274414062
femto,3,frozen_encoder_ensemble,5,235,15.0,30.831958770751953
femto,3,frozen_encoder_ensemble,5,236,14.0,30.715435028076172
femto,3,frozen_encoder_ensemble,5,237,13.0,30.57828140258789
femto,3,frozen_encoder_ensemble,5,238,12.0,30.531904220581055
femto,3,frozen_encoder_ensemble,5,239,11.0,30.366107940673828
femto,3,frozen_encoder_ensemble,5,240,10.0,30.20624542236328
femto,3,frozen_encoder_ensemble,5,241,9.0,30.05069351196289
femto,3,frozen_encoder_ensemble,5,242,8.0,29.907367706298828
femto,3,frozen_encoder_ensemble,5,243,7.0,29.765356063842773
femto,3,frozen_encoder_ensemble,5,244,6.0,29.64698028564453
femto,3,frozen_encoder_ensemble,5,245,5.0,29.444904327392578
femto,3,frozen_encoder_ensemble,5,246,4.0,29.342403411865234
femto,3,frozen_encoder_ensemble,5,247,3.0,29.192501068115234
femto,3,frozen_encoder_ensemble,5,248,2.0,29.148033142089844
femto,3,frozen_encoder_ensemble,5,249,1.0,28.993574142456055
femto,3,frozen_encoder_ensemble,5,250,0.0,28.842761993408203
femto,3,frozen_encoder_ensemble,5,251,0.0,28.75786590576172
femto,3,frozen_encoder_ensemble,5,252,0.0,28.599416732788086
femto,3,frozen_encoder_ensemble,5,253,0.0,28.486400604248047
femto,3,frozen_encoder_ensemble,5,254,0.0,28.359996795654297
femto,3,frozen_encoder_ensemble,5,255,0.0,28.28166961669922
femto,3,frozen_encoder_ensemble,5,256,0.0,28.195478439331055
femto,3,frozen_encoder_ensemble,5,257,0.0,28.142454147338867
femto,3,frozen_encoder_ensemble,5,258,0.0,28.0706787109375
femto,3,frozen_encoder_ensemble,5,259,0.0,28.029579162597656
femto,3,frozen_encoder_ensemble,5,260,0.0,27.941280364990234
femto,3,frozen_encoder_ensemble,5,261,0.0,27.86208724975586
femto,3,frozen_encoder_ensemble,5,262,0.0,27.83333969116211
femto,3,frozen_encoder_ensemble,5,263,0.0,27.716777801513672
femto,3,frozen_encoder_ensemble,5,264,0.0,27.667705535888672
femto,3,frozen_encoder_ensemble,5,265,0.0,27.623085021972656
femto,3,frozen_encoder_ensemble,5,266,0.0,27.561866760253906
femto,3,frozen_encoder_ensemble,5,267,0.0,27.44930648803711
femto,3,frozen_encoder_ensemble,5,268,0.0,27.444177627563477
femto,3,frozen_encoder_ensemble,5,269,0.0,27.38821792602539
femto,3,frozen_encoder_ensemble,5,270,0.0,27.367042541503906
femto,3,frozen_encoder_ensemble,5,271,0.0,27.394229888916016
femto,3,frozen_encoder_ensemble,5,272,0.0,27.352725982666016
femto,3,frozen_encoder_ensemble,5,273,0.0,27.297393798828125
femto,3,frozen_encoder_ensemble,5,274,0.0,27.28594207763672
femto,3,frozen_encoder_ensemble,5,275,0.0,27.286176681518555
femto,3,frozen_encoder_ensemble,5,276,0.0,27.29800033569336
femto,3,frozen_encoder_ensemble,5,277,0.0,27.266807556152344
femto,3,frozen_encoder_ensemble,5,278,0.0,27.288776397705078
femto,3,frozen_encoder_ensemble,5,279,0.0,27.30704116821289
femto,3,frozen_encoder_ensemble,5,280,0.0,27.334514617919922
femto,3,frozen_encoder_ensemble,5,281,0.0,27.35068702697754
femto,3,frozen_encoder_ensemble,5,282,0.0,27.37300682067871
femto,3,frozen_encoder_ensemble,5,283,0.0,27.380735397338867
femto,3,frozen_encoder_ensemble,5,284,0.0,27.38745880126953
femto,3,frozen_encoder_ensemble,5,285,0.0,27.394773483276367
femto,3,frozen_encoder_ensemble,5,286,0.0,27.45482063293457
femto,3,frozen_encoder_ensemble,5,287,0.0,27.54888916015625
femto,3,frozen_encoder_ensemble,5,288,0.0,27.63359260559082
femto,3,frozen_encoder_ensemble,5,289,0.0,27.70716094970703
femto,3,frozen_encoder_ensemble,5,290,0.0,27.848896026611328
femto,3,frozen_encoder_ensemble,5,291,0.0,27.94424819946289
femto,3,frozen_encoder_ensemble,5,292,0.0,28.10796356201172
femto,3,frozen_encoder_ensemble,5,293,0.0,28.215293884277344
femto,3,frozen_encoder_ensemble,5,294,0.0,28.3111515045166
femto,3,frozen_encoder_ensemble,5,295,0.0,28.455245971679688
femto,3,frozen_encoder_ensemble,5,296,0.0,28.585037231445312
femto,3,frozen_encoder_ensemble,5,297,0.0,28.717609405517578
femto,3,frozen_encoder_ensemble,5,298,0.0,28.849990844726562
femto,3,frozen_encoder_ensemble,5,299,0.0,28.999284744262695
femto,3,scratch_ensemble,5,19,231.0,58.90081024169922
femto,3,scratch_ensemble,5,20,230.0,59.64881134033203
femto,3,scratch_ensemble,5,21,229.0,59.82572937011719
femto,3,scratch_ensemble,5,22,228.0,59.53319549560547
femto,3,scratch_ensemble,5,23,227.0,59.33734893798828
femto,3,scratch_ensemble,5,24,226.0,59.08667755126953
femto,3,scratch_ensemble,5,25,225.0,59.457244873046875
femto,3,scratch_ensemble,5,26,224.0,59.61310577392578
femto,3,scratch_ensemble,5,27,223.0,59.82279968261719
femto,3,scratch_ensemble,5,28,222.0,59.95344543457031
femto,3,scratch_ensemble,5,29,221.0,59.81242370605469
femto,3,scratch_ensemble,5,30,220.0,59.7898063659668
femto,3,scratch_ensemble,5,31,219.0,59.84700393676758
femto,3,scratch_ensemble,5,32,218.0,59.811012268066406
femto,3,scratch_ensemble,5,33,217.0,60.49897766113281
femto,3,scratch_ensemble,5,34,216.0,60.73215866088867
femto,3,scratch_ensemble,5,35,215.0,61.22654724121094
femto,3,scratch_ensemble,5,36,214.0,61.090553283691406
femto,3,scratch_ensemble,5,37,213.0,60.582801818847656
femto,3,scratch_ensemble,5,38,212.0,60.65070343017578
femto,3,scratch_ensemble,5,39,211.0,60.84373474121094
femto,3,scratch_ensemble,5,40,210.0,60.9076042175293
femto,3,scratch_ensemble,5,41,209.0,60.602333068847656
femto,3,scratch_ensemble,5,42,208.0,60.81257629394531
femto,3,scratch_ensemble,5,43,207.0,61.168487548828125
femto,3,scratch_ensemble,5,44,206.0,61.41138458251953
femto,3,scratch_ensemble,5,45,205.0,61.34603500366211
femto,3,scratch_ensemble,5,46,204.0,61.814666748046875
femto,3,scratch_ensemble,5,47,203.0,61.271453857421875
femto,3,scratch_ensemble,5,48,202.0,61.727684020996094
femto,3,scratch_ensemble,5,49,201.0,62.112281799316406
femto,3,scratch_ensemble,5,50,200.0,61.839881896972656
femto,3,scratch_ensemble,5,51,199.0,61.44074249267578
femto,3,scratch_ensemble,5,52,198.0,62.432456970214844
femto,3,scratch_ensemble,5,53,197.0,62.32162094116211
femto,3,scratch_ensemble,5,54,196.0,62.161903381347656
femto,3,scratch_ensemble,5,55,195.0,61.803001403808594
femto,3,scratch_ensemble,5,56,194.0,62.2315673828125
femto,3,scratch_ensemble,5,57,193.0,62.37684631347656
femto,3,scratch_ensemble,5,58,192.0,62.803192138671875
femto,3,scratch_ensemble,5,59,191.0,63.10829162597656
femto,3,scratch_ensemble,5,60,190.0,62.721065521240234
femto,3,scratch_ensemble,5,61,189.0,62.034332275390625
femto,3,scratch_ensemble,5,62,188.0,62.26040267944336
femto,3,scratch_ensemble,5,63,187.0,62.16459655761719
femto,3,scratch_ensemble,5,64,186.0,62.599422454833984
femto,3,scratch_ensemble,5,65,185.0,62.811424255371094
femto,3,scratch_ensemble,5,66,184.0,62.54439926147461
femto,3,scratch_ensemble,5,67,183.0,63.12520980834961
femto,3,scratch_ensemble,5,68,182.0,62.790000915527344
femto,3,scratch_ensemble,5,69,181.0,62.85976791381836
femto,3,scratch_ensemble,5,70,180.0,63.662879943847656
femto,3,scratch_ensemble,5,71,179.0,62.81700134277344
femto,3,scratch_ensemble,5,72,178.0,63.62721633911133
femto,3,scratch_ensemble,5,73,177.0,63.839725494384766
femto,3,scratch_ensemble,5,74,176.0,63.355262756347656
femto,3,scratch_ensemble,5,75,175.0,64.18717193603516
femto,3,scratch_ensemble,5,76,174.0,63.58946990966797
femto,3,scratch_ensemble,5,77,173.0,63.88066864013672
femto,3,scratch_ensemble,5,78,172.0,63.753116607666016
femto,3,scratch_ensemble,5,79,171.0,63.85160827636719
femto,3,scratch_ensemble,5,80,170.0,64.29887390136719
femto,3,scratch_ensemble,5,81,169.0,64.42535400390625
femto,3,scratch_ensemble,5,82,168.0,64.10550689697266
femto,3,scratch_ensemble,5,83,167.0,64.93214416503906
femto,3,scratch_ensemble,5,84,166.0,64.707763671875
femto,3,scratch_ensemble,5,85,165.0,64.94515991210938
femto,3,scratch_ensemble,5,86,164.0,65.44046020507812
femto,3,scratch_ensemble,5,87,163.0,65.76620483398438
femto,3,scratch_ensemble,5,88,162.0,65.25296783447266
femto,3,scratch_ensemble,5,89,161.0,64.9975814819336
femto,3,scratch_ensemble,5,90,160.0,65.01239013671875
femto,3,scratch_ensemble,5,91,159.0,64.7496337890625
femto,3,scratch_ensemble,5,92,158.0,65.6773910522461
femto,3,scratch_ensemble,5,93,157.0,65.9223861694336
femto,3,scratch_ensemble,5,94,156.0,65.43037414550781
femto,3,scratch_ensemble,5,95,155.0,65.9306411743164
femto,3,scratch_ensemble,5,96,154.0,66.57818603515625
femto,3,scratch_ensemble,5,97,153.0,66.57185363769531
femto,3,scratch_ensemble,5,98,152.0,66.63870239257812
femto,3,scratch_ensemble,5,99,151.0,66.12251281738281
femto,3,scratch_ensemble,5,100,150.0,66.07823181152344
femto,3,scratch_ensemble,5,101,149.0,66.32221984863281
femto,3,scratch_ensemble,5,102,148.0,66.95991516113281
femto,3,scratch_ensemble,5,103,147.0,67.00497436523438
femto,3,scratch_ensemble,5,104,146.0,67.44491577148438
femto,3,scratch_ensemble,5,105,145.0,67.9208984375
femto,3,scratch_ensemble,5,106,144.0,67.45174407958984
femto,3,scratch_ensemble,5,107,143.0,68.17838287353516
femto,3,scratch_ensemble,5,108,142.0,68.64810180664062
femto,3,scratch_ensemble,5,109,141.0,68.89533233642578
femto,3,scratch_ensemble,5,110,140.0,68.36341857910156
femto,3,scratch_ensemble,5,111,139.0,67.8150405883789
femto,3,scratch_ensemble,5,112,138.0,67.68736267089844
femto,3,scratch_ensemble,5,113,137.0,68.15013122558594
femto,3,scratch_ensemble,5,114,136.0,69.26840209960938
femto,3,scratch_ensemble,5,115,135.0,69.03962707519531
femto,3,scratch_ensemble,5,116,134.0,68.91450500488281
femto,3,scratch_ensemble,5,117,133.0,69.49046325683594
femto,3,scratch_ensemble,5,118,132.0,69.27723693847656
femto,3,scratch_ensemble,5,119,131.0,69.41860961914062
femto,3,scratch_ensemble,5,120,130.0,70.1275634765625
femto,3,scratch_ensemble,5,121,129.0,69.80989837646484
femto,3,scratch_ensemble,5,122,128.0,69.78120422363281
femto,3,scratch_ensemble,5,123,127.00000762939453,69.3863525390625
femto,3,scratch_ensemble,5,124,126.0,70.44157409667969
femto,3,scratch_ensemble,5,125,125.0,70.16596984863281
femto,3,scratch_ensemble,5,126,124.00000762939453,70.16694641113281
femto,3,scratch_ensemble,5,127,123.0,70.6048583984375
femto,3,scratch_ensemble,5,128,122.0,70.62966918945312
femto,3,scratch_ensemble,5,129,121.00000762939453,70.61982727050781
femto,3,scratch_ensemble,5,130,120.0,70.39959716796875
femto,3,scratch_ensemble,5,131,119.0,70.27230834960938
femto,3,scratch_ensemble,5,132,118.00000762939453,70.51732635498047
femto,3,scratch_ensemble,5,133,117.0,70.73629760742188
femto,3,scratch_ensemble,5,134,116.0,70.78765869140625
femto,3,scratch_ensemble,5,135,115.0,70.73709106445312
femto,3,scratch_ensemble,5,136,114.0,70.93975830078125
femto,3,scratch_ensemble,5,137,113.0,70.99565124511719
femto,3,scratch_ensemble,5,138,112.0,70.46922302246094
femto,3,scratch_ensemble,5,139,111.0,70.36198425292969
femto,3,scratch_ensemble,5,140,110.0,70.59086608886719
femto,3,scratch_ensemble,5,141,109.0,70.20982360839844
femto,3,scratch_ensemble,5,142,108.0,70.48881530761719
femto,3,scratch_ensemble,5,143,107.0,69.85765075683594
femto,3,scratch_ensemble,5,144,106.0,70.02154541015625
femto,3,scratch_ensemble,5,145,105.0,70.06504821777344
femto,3,scratch_ensemble,5,146,104.0,69.96159362792969
femto,3,scratch_ensemble,5,147,103.0,70.16949462890625
femto,3,scratch_ensemble,5,148,102.0,70.32420349121094
femto,3,scratch_ensemble,5,149,101.0,70.57996368408203
femto,3,scratch_ensemble,5,150,100.0,70.4710464477539
femto,3,scratch_ensemble,5,151,99.0,70.15911865234375
femto,3,scratch_ensemble,5,152,98.0,70.24422454833984
femto,3,scratch_ensemble,5,153,97.0,69.85118103027344
femto,3,scratch_ensemble,5,154,96.0,69.37643432617188
femto,3,scratch_ensemble,5,155,95.0,69.11674499511719
femto,3,scratch_ensemble,5,156,94.0,68.7457275390625
femto,3,scratch_ensemble,5,157,93.0,68.53097534179688
femto,3,scratch_ensemble,5,158,92.0,68.07492065429688
femto,3,scratch_ensemble,5,159,91.0,67.76199340820312
femto,3,scratch_ensemble,5,160,90.0,67.66127014160156
femto,3,scratch_ensemble,5,161,89.0,67.3056640625
femto,3,scratch_ensemble,5,162,88.0,66.9412841796875
femto,3,scratch_ensemble,5,163,87.0,66.76304626464844
femto,3,scratch_ensemble,5,164,86.0,66.56961059570312
femto,3,scratch_ensemble,5,165,85.0,65.67816925048828
femto,3,scratch_ensemble,5,166,84.0,65.40675354003906
femto,3,scratch_ensemble,5,167,83.0,65.09202575683594
femto,3,scratch_ensemble,5,168,82.0,63.823246002197266
femto,3,scratch_ensemble,5,169,81.0,63.234901428222656
femto,3,scratch_ensemble,5,170,80.0,62.46825408935547
femto,3,scratch_ensemble,5,171,79.0,62.18450927734375
femto,3,scratch_ensemble,5,172,78.0,61.7597770690918
femto,3,scratch_ensemble,5,173,77.0,60.28142547607422
femto,3,scratch_ensemble,5,174,76.0,60.21345520019531
femto,3,scratch_ensemble,5,175,75.0,60.01210021972656
femto,3,scratch_ensemble,5,176,74.0,59.864986419677734
femto,3,scratch_ensemble,5,177,73.0,59.68058395385742
femto,3,scratch_ensemble,5,178,72.0,58.89793014526367
femto,3,scratch_ensemble,5,179,71.0,58.221923828125
femto,3,scratch_ensemble,5,180,70.0,57.72676086425781
femto,3,scratch_ensemble,5,181,69.0,57.018089294433594
femto,3,scratch_ensemble,5,182,68.0,56.16602325439453
femto,3,scratch_ensemble,5,183,67.0,55.21459197998047
femto,3,scratch_ensemble,5,184,66.0,54.523685455322266
femto,3,scratch_ensemble,5,185,65.0,53.78681564331055
femto,3,scratch_ensemble,5,186,64.0,52.53345489501953
femto,3,scratch_ensemble,5,187,63.0,51.682701110839844
femto,3,scratch_ensemble,5,188,62.000003814697266,50.766265869140625
femto,3,scratch_ensemble,5,189,61.0,49.123313903808594
femto,3,scratch_ensemble,5,190,60.0,48.834617614746094
femto,3,scratch_ensemble,5,191,59.000003814697266,47.39918518066406
femto,3,scratch_ensemble,5,192,58.0,46.3859977722168
femto,3,scratch_ensemble,5,193,57.0,45.81041717529297
femto,3,scratch_ensemble,5,194,56.0,44.149322509765625
femto,3,scratch_ensemble,5,195,55.0,43.499351501464844
femto,3,scratch_ensemble,5,196,54.0,41.889183044433594
femto,3,scratch_ensemble,5,197,53.0,41.67076873779297
femto,3,scratch_ensemble,5,198,52.0,40.70063018798828
femto,3,scratch_ensemble,5,199,51.0,39.56293487548828
femto,3,scratch_ensemble,5,200,50.0,38.211708068847656
femto,3,scratch_ensemble,5,201,49.0,37.56199264526367
femto,3,scratch_ensemble,5,202,48.0,36.01670837402344
femto,3,scratch_ensemble,5,203,47.0,35.47692108154297
femto,3,scratch_ensemble,5,204,46.0,34.961708068847656
femto,3,scratch_ensemble,5,205,45.0,33.450401306152344
femto,3,scratch_ensemble,5,206,44.0,32.422542572021484
femto,3,scratch_ensemble,5,207,43.0,31.467649459838867
femto,3,scratch_ensemble,5,208,42.0,29.992210388183594
femto,3,scratch_ensemble,5,209,41.0,29.39076805114746
femto,3,scratch_ensemble,5,210,40.0,28.465927124023438
femto,3,scratch_ensemble,5,211,39.0,28.473915100097656
femto,3,scratch_ensemble,5,212,38.0,26.728763580322266
femto,3,scratch_ensemble,5,213,37.0,25.88714599609375
femto,3,scratch_ensemble,5,214,36.0,25.10123062133789
femto,3,scratch_ensemble,5,215,35.0,24.561634063720703
femto,3,scratch_ensemble,5,216,34.0,24.12543487548828
femto,3,scratch_ensemble,5,217,33.0,23.33454132080078
femto,3,scratch_ensemble,5,218,32.0,23.269756317138672
femto,3,scratch_ensemble,5,219,31.000001907348633,21.484500885009766
femto,3,scratch_ensemble,5,220,30.0,21.159385681152344
femto,3,scratch_ensemble,5,221,29.0,21.039323806762695
femto,3,scratch_ensemble,5,222,28.0,20.10279083251953
femto,3,scratch_ensemble,5,223,27.0,19.912761688232422
femto,3,scratch_ensemble,5,224,26.0,19.875106811523438
femto,3,scratch_ensemble,5,225,25.0,19.082244873046875
femto,3,scratch_ensemble,5,226,24.0,18.905990600585938
femto,3,scratch_ensemble,5,227,23.0,17.898887634277344
femto,3,scratch_ensemble,5,228,22.0,17.399477005004883
femto,3,scratch_ensemble,5,229,21.0,17.864667892456055
femto,3,scratch_ensemble,5,230,20.0,17.24842071533203
femto,3,scratch_ensemble,5,231,19.0,16.551795959472656
femto,3,scratch_ensemble,5,232,18.0,16.212329864501953
femto,3,scratch_ensemble,5,233,17.0,16.144655227661133
femto,3,scratch_ensemble,5,234,16.0,16.063404083251953
femto,3,scratch_ensemble,5,235,15.0,15.383801460266113
femto,3,scratch_ensemble,5,236,14.0,15.008848190307617
femto,3,scratch_ensemble,5,237,13.0,14.823631286621094
femto,3,scratch_ensemble,5,238,12.0,15.39029312133789
femto,3,scratch_ensemble,5,239,11.0,14.548086166381836
femto,3,scratch_ensemble,5,240,10.0,14.670759201049805
femto,3,scratch_ensemble,5,241,9.0,14.297506332397461
femto,3,scratch_ensemble,5,242,8.0,14.274362564086914
femto,3,scratch_ensemble,5,243,7.0,13.691682815551758
femto,3,scratch_ensemble,5,244,6.0,13.63076400756836
femto,3,scratch_ensemble,5,245,5.0,13.64583683013916
femto,3,scratch_ensemble,5,246,4.0,13.875953674316406
femto,3,scratch_ensemble,5,247,3.0,13.66011905670166
femto,3,scratch_ensemble,5,248,2.0,13.442278861999512
femto,3,scratch_ensemble,5,249,1.0,13.123939514160156
femto,3,scratch_ensemble,5,250,0.0,12.89002799987793
femto,3,scratch_ensemble,5,251,0.0,13.035833358764648
femto,3,scratch_ensemble,5,252,0.0,12.896766662597656
femto,3,scratch_ensemble,5,253,0.0,12.442025184631348
femto,3,scratch_ensemble,5,254,0.0,12.341175079345703
femto,3,scratch_ensemble,5,255,0.0,11.899524688720703
femto,3,scratch_ensemble,5,256,0.0,12.220346450805664
femto,3,scratch_ensemble,5,257,0.0,11.554636001586914
femto,3,scratch_ensemble,5,258,0.0,11.816396713256836
femto,3,scratch_ensemble,5,259,0.0,11.599170684814453
femto,3,scratch_ensemble,5,260,0.0,11.49058723449707
femto,3,scratch_ensemble,5,261,0.0,11.419209480285645
femto,3,scratch_ensemble,5,262,0.0,11.560802459716797
femto,3,scratch_ensemble,5,263,0.0,11.406331062316895
femto,3,scratch_ensemble,5,264,0.0,11.592963218688965
femto,3,scratch_ensemble,5,265,0.0,11.28404426574707
femto,3,scratch_ensemble,5,266,0.0,11.05998420715332
femto,3,scratch_ensemble,5,267,0.0,11.63146686553955
femto,3,scratch_ensemble,5,268,0.0,11.118162155151367
femto,3,scratch_ensemble,5,269,0.0,11.270248413085938
femto,3,scratch_ensemble,5,270,0.0,11.078607559204102
femto,3,scratch_ensemble,5,271,0.0,11.237948417663574
femto,3,scratch_ensemble,5,272,0.0,11.115466117858887
femto,3,scratch_ensemble,5,273,0.0,11.373891830444336
femto,3,scratch_ensemble,5,274,0.0,11.378726959228516
femto,3,scratch_ensemble,5,275,0.0,11.308982849121094
femto,3,scratch_ensemble,5,276,0.0,11.25390625
femto,3,scratch_ensemble,5,277,0.0,11.317645072937012
femto,3,scratch_ensemble,5,278,0.0,11.483426094055176
femto,3,scratch_ensemble,5,279,0.0,11.492146492004395
femto,3,scratch_ensemble,5,280,0.0,11.52430248260498
femto,3,scratch_ensemble,5,281,0.0,11.772150039672852
femto,3,scratch_ensemble,5,282,0.0,11.87665843963623
femto,3,scratch_ensemble,5,283,0.0,11.81937313079834
femto,3,scratch_ensemble,5,284,0.0,11.83031177520752
femto,3,scratch_ensemble,5,285,0.0,12.250341415405273
femto,3,scratch_ensemble,5,286,0.0,12.273022651672363
femto,3,scratch_ensemble,5,287,0.0,12.485004425048828
femto,3,scratch_ensemble,5,288,0.0,12.533967971801758
femto,3,scratch_ensemble,5,289,0.0,12.498552322387695
femto,3,scratch_ensemble,5,290,0.0,12.592403411865234
femto,3,scratch_ensemble,5,291,0.0,12.94942855834961
femto,3,scratch_ensemble,5,292,0.0,13.081401824951172
femto,3,scratch_ensemble,5,293,0.0,13.287996292114258
femto,3,scratch_ensemble,5,294,0.0,13.79259967803955
femto,3,scratch_ensemble,5,295,0.0,13.846524238586426
femto,3,scratch_ensemble,5,296,0.0,14.060418128967285
femto,3,scratch_ensemble,5,297,0.0,14.249154090881348
femto,3,scratch_ensemble,5,298,0.0,14.469810485839844
femto,3,scratch_ensemble,5,299,0.0,14.848947525024414
femto,3,ridge_ensemble,5,19,231.0,243.67005920410156
femto,3,ridge_ensemble,5,20,230.0,242.17694091796875
femto,3,ridge_ensemble,5,21,229.0,241.17401123046875
femto,3,ridge_ensemble,5,22,228.0,240.43008422851562
femto,3,ridge_ensemble,5,23,227.0,239.51219177246094
femto,3,ridge_ensemble,5,24,226.0,238.41310119628906
femto,3,ridge_ensemble,5,25,225.0,236.99871826171875
femto,3,ridge_ensemble,5,26,224.0,236.0930633544922
femto,3,ridge_ensemble,5,27,223.0,235.56228637695312
femto,3,ridge_ensemble,5,28,222.0,234.25125122070312
femto,3,ridge_ensemble,5,29,221.0,233.33848571777344
femto,3,ridge_ensemble,5,30,220.0,232.16957092285156
femto,3,ridge_ensemble,5,31,219.0,231.23912048339844
femto,3,ridge_ensemble,5,32,218.0,230.26898193359375
femto,3,ridge_ensemble,5,33,217.0,228.96206665039062
femto,3,ridge_ensemble,5,34,216.0,228.03611755371094
femto,3,ridge_ensemble,5,35,215.0,226.42462158203125
femto,3,ridge_ensemble,5,36,214.0,225.76353454589844
femto,3,ridge_ensemble,5,37,213.0,225.23416137695312
femto,3,ridge_ensemble,5,38,212.0,223.99093627929688
femto,3,ridge_ensemble,5,39,211.0,222.5006103515625
femto,3,ridge_ensemble,5,40,210.0,221.83859252929688
femto,3,ridge_ensemble,5,41,209.0,221.11712646484375
femto,3,ridge_ensemble,5,42,208.0,219.6021270751953
femto,3,ridge_ensemble,5,43,207.0,218.68032836914062
femto,3,ridge_ensemble,5,44,206.0,217.52301025390625
femto,3,ridge_ensemble,5,45,205.0,216.73388671875
femto,3,ridge_ensemble,5,46,204.0,214.9975128173828
femto,3,ridge_ensemble,5,47,203.0,214.6884002685547
femto,3,ridge_ensemble,5,48,202.0,213.53663635253906
femto,3,ridge_ensemble,5,49,201.0,212.08987426757812
femto,3,ridge_ensemble,5,50,200.0,211.29635620117188
femto,3,ridge_ensemble,5,51,199.0,210.62936401367188
femto,3,ridge_ensemble,5,52,198.0,208.70285034179688
femto,3,ridge_ensemble,5,53,197.0,208.2339324951172
femto,3,ridge_ensemble,5,54,196.0,207.40354919433594
femto,3,ridge_ensemble,5,55,195.0,206.50405883789062
femto,3,ridge_ensemble,5,56,194.0,205.118896484375
femto,3,ridge_ensemble,5,57,193.0,204.0362091064453
femto,3,ridge_ensemble,5,58,192.0,202.87814331054688
femto,3,ridge_ensemble,5,59,191.0,201.50111389160156
femto,3,ridge_ensemble,5,60,190.0,201.1328125
femto,3,ridge_ensemble,5,61,189.0,200.2069091796875
femto,3,ridge_ensemble,5,62,188.0,199.1063690185547
femto,3,ridge_ensemble,5,63,187.0,197.95726013183594
femto,3,ridge_ensemble,5,64,186.0,196.61216735839844
femto,3,ridge_ensemble,5,65,185.0,195.6935272216797
femto,3,ridge_ensemble,5,66,184.0,194.87689208984375
femto,3,ridge_ensemble,5,67,183.0,193.333984375
femto,3,ridge_ensemble,5,68,182.0,192.55458068847656
femto,3,ridge_ensemble,5,69,181.0,191.62074279785156
femto,3,ridge_ensemble,5,70,180.0,190.00404357910156
femto,3,ridge_ensemble,5,71,179.0,190.0014190673828
femto,3,ridge_ensemble,5,72,178.0,188.00637817382812
femto,3,ridge_ensemble,5,73,177.0,187.36155700683594
femto,3,ridge_ensemble,5,74,176.0,186.5028076171875
femto,3,ridge_ensemble,5,75,175.0,184.51470947265625
femto,3,ridge_ensemble,5,76,174.0,184.30303955078125
femto,3,ridge_ensemble,5,77,173.0,183.20584106445312
femto,3,ridge_ensemble,5,78,172.0,182.1200408935547
femto,3,ridge_ensemble,5,79,171.0,181.143798828125
femto,3,ridge_ensemble,5,80,170.0,179.43707275390625
femto,3,ridge_ensemble,5,81,169.0,178.84886169433594
femto,3,ridge_ensemble,5,82,168.0,178.077880859375
femto,3,ridge_ensemble,5,83,167.0,176.27659606933594
femto,3,ridge_ensemble,5,84,166.0,175.60377502441406
femto,3,ridge_ensemble,5,85,165.0,174.23838806152344
femto,3,ridge_ensemble,5,86,164.0,173.1461944580078
femto,3,ridge_ensemble,5,87,163.0,172.05294799804688
femto,3,ridge_ensemble,5,88,162.0,171.3588409423828
femto,3,ridge_ensemble,5,89,161.0,170.35015869140625
femto,3,ridge_ensemble,5,90,160.0,169.3516082763672
femto,3,ridge_ensemble,5,91,159.0,168.5628662109375
femto,3,ridge_ensemble,5,92,158.0,166.85906982421875
femto,3,ridge_ensemble,5,93,157.0,166.0734405517578
femto,3,ridge_ensemble,5,94,156.0,165.27789306640625
femto,3,ridge_ensemble,5,95,155.0,163.9099578857422
femto,3,ridge_ensemble,5,96,154.0,162.67288208007812
femto,3,ridge_ensemble,5,97,153.0,161.60653686523438
femto,3,ridge_ensemble,5,98,152.0,160.4955291748047
femto,3,ridge_ensemble,5,99,151.0,159.69541931152344
femto,3,ridge_ensemble,5,100,150.0,158.80404663085938
femto,3,ridge_ensemble,5,101,149.0,157.78695678710938
femto,3,ridge_ensemble,5,102,148.0,156.29544067382812
femto,3,ridge_ensemble,5,103,147.0,155.24583435058594
femto,3,ridge_ensemble,5,104,146.0,154.0502166748047
femto,3,ridge_ensemble,5,105,145.0,152.88624572753906
femto,3,ridge_ensemble,5,106,144.0,152.33189392089844
femto,3,ridge_ensemble,5,107,143.0,150.5357666015625
femto,3,ridge_ensemble,5,108,142.0,149.3798828125
femto,3,ridge_ensemble,5,109,141.0,148.59356689453125
femto,3,ridge_ensemble,5,110,140.0,147.84921264648438
femto,3,ridge_ensemble,5,111,139.0,146.8372039794922
femto,3,ridge_ensemble,5,112,138.0,145.76931762695312
femto,3,ridge_ensemble,5,113,137.0,144.77413940429688
femto,3,ridge_ensemble,5,114,136.0,142.8357696533203
femto,3,ridge_ensemble,5,115,135.0,142.3217010498047
femto,3,ridge_ensemble,5,116,134.0,141.241943359375
femto,3,ridge_ensemble,5,117,133.0,139.718505859375
femto,3,ridge_ensemble,5,118,132.0,139.04917907714844
femto,3,ridge_ensemble,5,119,131.0,137.96658325195312
femto,3,ridge_ensemble,5,120,130.0,136.55426025390625
femto,3,ridge_ensemble,5,121,129.0,135.9625701904297
femto,3,ridge_ensemble,5,122,128.0,134.8819122314453
femto,3,ridge_ensemble,5,123,127.00000762939453,133.9215545654297
femto,3,ridge_ensemble,5,124,126.0,132.2205810546875
femto,3,ridge_ensemble,5,125,125.0,131.5479736328125
femto,3,ridge_ensemble,5,126,124.00000762939453,130.47598266601562
femto,3,ridge_ensemble,5,127,123.0,129.30596923828125
femto,3,ridge_ensemble,5,128,122.0,127.93760681152344
femto,3,ridge_ensemble,5,129,121.00000762939453,127.28634643554688
femto,3,ridge_ensemble,5,130,120.0,126.20821380615234
femto,3,ridge_ensemble,5,131,119.0,124.9209213256836
femto,3,ridge_ensemble,5,132,118.00000762939453,122.99153900146484
femto,3,ridge_ensemble,5,133,117.0,122.43467712402344
femto,3,ridge_ensemble,5,134,116.0,121.5814208984375
femto,3,ridge_ensemble,5,135,115.0,120.40245056152344
femto,3,ridge_ensemble,5,136,114.0,119.17860412597656
femto,3,ridge_ensemble,5,137,113.0,117.93387603759766
femto,3,ridge_ensemble,5,138,112.0,116.42279815673828
femto,3,ridge_ensemble,5,139,111.0,116.30036926269531
femto,3,ridge_ensemble,5,140,110.0,114.54545593261719
femto,3,ridge_ensemble,5,141,109.0,114.44097137451172
femto,3,ridge_ensemble,5,142,108.0,113.1006851196289
femto,3,ridge_ensemble,5,143,107.0,110.66361236572266
femto,3,ridge_ensemble,5,144,106.0,110.8627700805664
femto,3,ridge_ensemble,5,145,105.0,109.9360580444336
femto,3,ridge_ensemble,5,146,104.0,108.4357681274414
femto,3,ridge_ensemble,5,147,103.0,108.03472137451172
femto,3,ridge_ensemble,5,148,102.0,106.93000030517578
femto,3,ridge_ensemble,5,149,101.0,105.76866149902344
femto,3,ridge_ensemble,5,150,100.0,104.68419647216797
femto,3,ridge_ensemble,5,151,99.0,103.4520492553711
femto,3,ridge_ensemble,5,152,98.0,102.36231231689453
femto,3,ridge_ensemble,5,153,97.0,101.26432800292969
femto,3,ridge_ensemble,5,154,96.0,100.27206420898438
femto,3,ridge_ensemble,5,155,95.0,99.61576080322266
femto,3,ridge_ensemble,5,156,94.0,98.26953125
femto,3,ridge_ensemble,5,157,93.0,96.9975814819336
femto,3,ridge_ensemble,5,158,92.0,96.12673950195312
femto,3,ridge_ensemble,5,159,91.0,95.18740844726562
femto,3,ridge_ensemble,5,160,90.0,94.29986572265625
femto,3,ridge_ensemble,5,161,89.0,93.19937896728516
femto,3,ridge_ensemble,5,162,88.0,92.3826675415039
femto,3,ridge_ensemble,5,163,87.0,91.64129638671875
femto,3,ridge_ensemble,5,164,86.0,90.92613220214844
femto,3,ridge_ensemble,5,165,85.0,88.95011138916016
femto,3,ridge_ensemble,5,166,84.0,89.16559600830078
femto,3,ridge_ensemble,5,167,83.0,87.78614044189453
femto,3,ridge_ensemble,5,168,82.0,86.77727508544922
femto,3,ridge_ensemble,5,169,81.0,85.2195816040039
femto,3,ridge_ensemble,5,170,80.0,84.32490539550781
femto,3,ridge_ensemble,5,171,79.0,83.56254577636719
femto,3,ridge_ensemble,5,172,78.0,82.50995635986328
femto,3,ridge_ensemble,5,173,77.0,79.70757293701172
femto,3,ridge_ensemble,5,174,76.0,79.99156188964844
femto,3,ridge_ensemble,5,175,75.0,78.83716583251953
femto,3,ridge_ensemble,5,176,74.0,77.57476806640625
femto,3,ridge_ensemble,5,177,73.0,76.14733123779297
femto,3,ridge_ensemble,5,178,72.0,75.54696655273438
femto,3,ridge_ensemble,5,179,71.0,74.61851501464844
femto,3,ridge_ensemble,5,180,70.0,73.57170867919922
femto,3,ridge_ensemble,5,181,69.0,73.15129852294922
femto,3,ridge_ensemble,5,182,68.0,71.60956573486328
femto,3,ridge_ensemble,5,183,67.0,70.79316711425781
femto,3,ridge_ensemble,5,184,66.0,69.25926971435547
femto,3,ridge_ensemble,5,185,65.0,68.38229370117188
femto,3,ridge_ensemble,5,186,64.0,66.91936492919922
femto,3,ridge_ensemble,5,187,63.0,66.17158508300781
femto,3,ridge_ensemble,5,188,62.000003814697266,64.80108642578125
femto,3,ridge_ensemble,5,189,61.0,64.16564178466797
femto,3,ridge_ensemble,5,190,60.0,62.9106559753418
femto,3,ridge_ensemble,5,191,59.000003814697266,62.13505554199219
femto,3,ridge_ensemble,5,192,58.0,60.90981674194336
femto,3,ridge_ensemble,5,193,57.0,59.28798294067383
femto,3,ridge_ensemble,5,194,56.0,58.495628356933594
femto,3,ridge_ensemble,5,195,55.0,57.84329605102539
femto,3,ridge_ensemble,5,196,54.0,57.019229888916016
femto,3,ridge_ensemble,5,197,53.0,55.4128532409668
femto,3,ridge_ensemble,5,198,52.0,54.42495346069336
femto,3,ridge_ensemble,5,199,51.0,53.08930206298828
femto,3,ridge_ensemble,5,200,50.0,51.9440803527832
femto,3,ridge_ensemble,5,201,49.0,51.097923278808594
femto,3,ridge_ensemble,5,202,48.0,50.087890625
femto,3,ridge_ensemble,5,203,47.0,48.9395637512207
femto,3,ridge_ensemble,5,204,46.0,48.03262710571289
femto,3,ridge_ensemble,5,205,45.0,47.37422180175781
femto,3,ridge_ensemble,5,206,44.0,46.19514465332031
femto,3,ridge_ensemble,5,207,43.0,44.72843551635742
femto,3,ridge_ensemble,5,208,42.0,44.22523880004883
femto,3,ridge_ensemble,5,209,41.0,42.907108306884766
femto,3,ridge_ensemble,5,210,40.0,41.647125244140625
femto,3,ridge_ensemble,5,211,39.0,40.865325927734375
femto,3,ridge_ensemble,5,212,38.0,40.07242202758789
femto,3,ridge_ensemble,5,213,37.0,38.912628173828125
femto,3,ridge_ensemble,5,214,36.0,37.42775344848633
femto,3,ridge_ensemble,5,215,35.0,36.58457565307617
femto,3,ridge_ensemble,5,216,34.0,35.56122970581055
femto,3,ridge_ensemble,5,217,33.0,34.7254753112793
femto,3,ridge_ensemble,5,218,32.0,33.65654754638672
femto,3,ridge_ensemble,5,219,31.000001907348633,32.749244689941406
femto,3,ridge_ensemble,5,220,30.0,30.87336540222168
femto,3,ridge_ensemble,5,221,29.0,31.11117935180664
femto,3,ridge_ensemble,5,222,28.0,29.450870513916016
femto,3,ridge_ensemble,5,223,27.0,28.573753356933594
femto,3,ridge_ensemble,5,224,26.0,26.791719436645508
femto,3,ridge_ensemble,5,225,25.0,25.779645919799805
femto,3,ridge_ensemble,5,226,24.0,24.863445281982422
femto,3,ridge_ensemble,5,227,23.0,24.240943908691406
femto,3,ridge_ensemble,5,228,22.0,22.917797088623047
femto,3,ridge_ensemble,5,229,21.0,22.152936935424805
femto,3,ridge_ensemble,5,230,20.0,20.579795837402344
femto,3,ridge_ensemble,5,231,19.0,19.862457275390625
femto,3,ridge_ensemble,5,232,18.0,18.32583999633789
femto,3,ridge_ensemble,5,233,17.0,17.391189575195312
femto,3,ridge_ensemble,5,234,16.0,16.313344955444336
femto,3,ridge_ensemble,5,235,15.0,15.234102249145508
femto,3,ridge_ensemble,5,236,14.0,14.420011520385742
femto,3,ridge_ensemble,5,237,13.0,13.599581718444824
femto,3,ridge_ensemble,5,238,12.0,12.596415519714355
femto,3,ridge_ensemble,5,239,11.0,11.074387550354004
femto,3,ridge_ensemble,5,240,10.0,9.799887657165527
femto,3,ridge_ensemble,5,241,9.0,8.94927978515625
femto,3,ridge_ensemble,5,242,8.0,7.764870643615723
femto,3,ridge_ensemble,5,243,7.0,6.7108354568481445
femto,3,ridge_ensemble,5,244,6.0,5.528933048248291
femto,3,ridge_ensemble,5,245,5.0,4.477879524230957
femto,3,ridge_ensemble,5,246,4.0,3.570220947265625
femto,3,ridge_ensemble,5,247,3.0,2.5036983489990234
femto,3,ridge_ensemble,5,248,2.0,1.3689868450164795
femto,3,ridge_ensemble,5,249,1.0,0.4609972834587097
femto,3,ridge_ensemble,5,250,0.0,0.0
femto,3,ridge_ensemble,5,251,0.0,0.0
femto,3,ridge_ensemble,5,252,0.0,0.0
femto,3,ridge_ensemble,5,253,0.0,0.0
femto,3,ridge_ensemble,5,254,0.0,0.0
femto,3,ridge_ensemble,5,255,0.0,0.0
femto,3,ridge_ensemble,5,256,0.0,0.0
femto,3,ridge_ensemble,5,257,0.0,0.0
femto,3,ridge_ensemble,5,258,0.0,0.0
femto,3,ridge_ensemble,5,259,0.0,0.0
femto,3,ridge_ensemble,5,260,0.0,0.0
femto,3,ridge_ensemble,5,261,0.0,0.0
femto,3,ridge_ensemble,5,262,0.0,0.0
femto,3,ridge_ensemble,5,263,0.0,0.0
femto,3,ridge_ensemble,5,264,0.0,0.0
femto,3,ridge_ensemble,5,265,0.0,0.0
femto,3,ridge_ensemble,5,266,0.0,0.04004768282175064
femto,3,ridge_ensemble,5,267,0.0,0.0
femto,3,ridge_ensemble,5,268,0.0,0.56456458568573
femto,3,ridge_ensemble,5,269,0.0,0.05460866168141365
femto,3,ridge_ensemble,5,270,0.0,0.31136441230773926
femto,3,ridge_ensemble,5,271,0.0,0.49115216732025146
femto,3,ridge_ensemble,5,272,0.0,0.38216447830200195
femto,3,ridge_ensemble,5,273,0.0,0.0
femto,3,ridge_ensemble,5,274,0.0,0.2271975576877594
femto,3,ridge_ensemble,5,275,0.0,0.1683134138584137
femto,3,ridge_ensemble,5,276,0.0,0.5149542689323425
femto,3,ridge_ensemble,5,277,0.0,0.19893261790275574
femto,3,ridge_ensemble,5,278,0.0,0.5642586946487427
femto,3,ridge_ensemble,5,279,0.0,0.4785146415233612
femto,3,ridge_ensemble,5,280,0.0,0.7742533683776855
femto,3,ridge_ensemble,5,281,0.0,0.489757239818573
femto,3,ridge_ensemble,5,282,0.0,0.6440146565437317
femto,3,ridge_ensemble,5,283,0.0,0.6074976921081543
femto,3,ridge_ensemble,5,284,0.0,0.8184084892272949
femto,3,ridge_ensemble,5,285,0.0,0.5250948667526245
femto,3,ridge_ensemble,5,286,0.0,1.0692392587661743
femto,3,ridge_ensemble,5,287,0.0,1.487178087234497
femto,3,ridge_ensemble,5,288,0.0,2.0405378341674805
femto,3,ridge_ensemble,5,289,0.0,2.38783597946167
femto,3,ridge_ensemble,5,290,0.0,3.1488852500915527
femto,3,ridge_ensemble,5,291,0.0,3.0214195251464844
femto,3,ridge_ensemble,5,292,0.0,4.168024063110352
femto,3,ridge_ensemble,5,293,0.0,4.479363441467285
femto,3,ridge_ensemble,5,294,0.0,4.582389831542969
femto,3,ridge_ensemble,5,295,0.0,5.475849628448486
femto,3,ridge_ensemble,5,296,0.0,5.9234843254089355
femto,3,ridge_ensemble,5,297,0.0,6.49319314956665
femto,3,ridge_ensemble,5,298,0.0,7.156923770904541
femto,3,ridge_ensemble,5,299,0.0,7.713791370391846
ims,1,transfer_ensemble,5,19,231.0,68.84391784667969
ims,1,transfer_ensemble,5,20,230.0,69.8843994140625
ims,1,transfer_ensemble,5,21,229.0,70.07552337646484
ims,1,transfer_ensemble,5,22,228.0,69.70874786376953
ims,1,transfer_ensemble,5,23,227.0,69.04100036621094
ims,1,transfer_ensemble,5,24,226.0,68.81272888183594
ims,1,transfer_ensemble,5,25,225.0,69.508056640625
ims,1,transfer_ensemble,5,26,224.0,69.92169189453125
ims,1,transfer_ensemble,5,27,223.0,69.76343536376953
ims,1,transfer_ensemble,5,28,222.0,69.482666015625
ims,1,transfer_ensemble,5,29,221.0,69.25223541259766
ims,1,transfer_ensemble,5,30,220.0,69.48565673828125
ims,1,transfer_ensemble,5,31,219.0,69.27338409423828
ims,1,transfer_ensemble,5,32,218.0,69.18212890625
ims,1,transfer_ensemble,5,33,217.0,70.40962219238281
ims,1,transfer_ensemble,5,34,216.0,70.45924377441406
ims,1,transfer_ensemble,5,35,215.0,71.87979888916016
ims,1,transfer_ensemble,5,36,214.0,71.75643157958984
ims,1,transfer_ensemble,5,37,213.0,70.8831787109375
ims,1,transfer_ensemble,5,38,212.0,70.75527954101562
ims,1,transfer_ensemble,5,39,211.0,71.2598648071289
ims,1,transfer_ensemble,5,40,210.0,71.15008544921875
ims,1,transfer_ensemble,5,41,209.0,70.27822875976562
ims,1,transfer_ensemble,5,42,208.0,70.4139404296875
ims,1,transfer_ensemble,5,43,207.0,71.07620239257812
ims,1,transfer_ensemble,5,44,206.0,71.34580993652344
ims,1,transfer_ensemble,5,45,205.0,71.17404174804688
ims,1,transfer_ensemble,5,46,204.0,72.19444274902344
ims,1,transfer_ensemble,5,47,203.0,70.722900390625
ims,1,transfer_ensemble,5,48,202.0,71.335693359375
ims,1,transfer_ensemble,5,49,201.0,72.50745391845703
ims,1,transfer_ensemble,5,50,200.0,72.08938598632812
ims,1,transfer_ensemble,5,51,199.0,71.02801513671875
ims,1,transfer_ensemble,5,52,198.0,73.20618438720703
ims,1,transfer_ensemble,5,53,197.0,72.93745422363281
ims,1,transfer_ensemble,5,54,196.0,71.87200927734375
ims,1,transfer_ensemble,5,55,195.0,70.97203826904297
ims,1,transfer_ensemble,5,56,194.0,71.54255676269531
ims,1,transfer_ensemble,5,57,193.0,71.90069580078125
ims,1,transfer_ensemble,5,58,192.0,72.6819839477539
ims,1,transfer_ensemble,5,59,191.0,73.90003967285156
ims,1,transfer_ensemble,5,60,190.0,73.10276794433594
ims,1,transfer_ensemble,5,61,189.0,71.81999206542969
ims,1,transfer_ensemble,5,62,188.0,71.62210845947266
ims,1,transfer_ensemble,5,63,187.0,71.42591857910156
ims,1,transfer_ensemble,5,64,186.0,72.33854675292969
ims,1,transfer_ensemble,5,65,185.0,72.68174743652344
ims,1,transfer_ensemble,5,66,184.0,72.12471008300781
ims,1,transfer_ensemble,5,67,183.0,73.87570190429688
ims,1,transfer_ensemble,5,68,182.0,73.65599060058594
ims,1,transfer_ensemble,5,69,181.0,72.80154418945312
ims,1,transfer_ensemble,5,70,180.0,74.54900360107422
ims,1,transfer_ensemble,5,71,179.0,72.16561889648438
ims,1,transfer_ensemble,5,72,178.0,73.71337127685547
ims,1,transfer_ensemble,5,73,177.0,73.96522521972656
ims,1,transfer_ensemble,5,74,176.0,72.71891784667969
ims,1,transfer_ensemble,5,75,175.0,74.97386932373047
ims,1,transfer_ensemble,5,76,174.0,73.78199005126953
ims,1,transfer_ensemble,5,77,173.0,73.78736877441406
ims,1,transfer_ensemble,5,78,172.0,73.93097686767578
ims,1,transfer_ensemble,5,79,171.0,74.06907653808594
ims,1,transfer_ensemble,5,80,170.0,75.17823791503906
ims,1,transfer_ensemble,5,81,169.0,75.37471008300781
ims,1,transfer_ensemble,5,82,168.0,74.3994369506836
ims,1,transfer_ensemble,5,83,167.0,75.84677124023438
ims,1,transfer_ensemble,5,84,166.0,75.40497589111328
ims,1,transfer_ensemble,5,85,165.0,76.26683044433594
ims,1,transfer_ensemble,5,86,164.0,77.51795959472656
ims,1,transfer_ensemble,5,87,163.0,78.44300079345703
ims,1,transfer_ensemble,5,88,162.0,77.23771667480469
ims,1,transfer_ensemble,5,89,161.0,76.9497299194336
ims,1,transfer_ensemble,5,90,160.0,76.74028015136719
ims,1,transfer_ensemble,5,91,159.0,75.6115493774414
ims,1,transfer_ensemble,5,92,158.0,77.07559204101562
ims,1,transfer_ensemble,5,93,157.0,77.57384490966797
ims,1,transfer_ensemble,5,94,156.0,76.16325378417969
ims,1,transfer_ensemble,5,95,155.0,77.31180572509766
ims,1,transfer_ensemble,5,96,154.0,78.76106262207031
ims,1,transfer_ensemble,5,97,153.0,78.9252700805664
ims,1,transfer_ensemble,5,98,152.0,79.0958480834961
ims,1,transfer_ensemble,5,99,151.0,78.25860595703125
ims,1,transfer_ensemble,5,100,150.0,78.1959457397461
ims,1,transfer_ensemble,5,101,149.0,78.14498138427734
ims,1,transfer_ensemble,5,102,148.0,79.61300659179688
ims,1,transfer_ensemble,5,103,147.0,80.12080383300781
ims,1,transfer_ensemble,5,104,146.0,81.26343536376953
ims,1,transfer_ensemble,5,105,145.0,82.18519592285156
ims,1,transfer_ensemble,5,106,144.0,81.08219146728516
ims,1,transfer_ensemble,5,107,143.0,82.36141204833984
ims,1,transfer_ensemble,5,108,142.0,83.21524047851562
ims,1,transfer_ensemble,5,109,141.0,83.6530990600586
ims,1,transfer_ensemble,5,110,140.0,82.26463317871094
ims,1,transfer_ensemble,5,111,139.0,80.68759155273438
ims,1,transfer_ensemble,5,112,138.0,80.23884582519531
ims,1,transfer_ensemble,5,113,137.0,81.03917694091797
ims,1,transfer_ensemble,5,114,136.0,83.4563980102539
ims,1,transfer_ensemble,5,115,135.0,82.92374420166016
ims,1,transfer_ensemble,5,116,134.0,82.90386962890625
ims,1,transfer_ensemble,5,117,133.0,84.3262710571289
ims,1,transfer_ensemble,5,118,132.0,83.8913345336914
ims,1,transfer_ensemble,5,119,131.0,84.21694946289062
ims,1,transfer_ensemble,5,120,130.0,85.13514709472656
ims,1,transfer_ensemble,5,121,129.0,84.5748291015625
ims,1,transfer_ensemble,5,122,128.0,84.47608947753906
ims,1,transfer_ensemble,5,123,127.00000762939453,83.27851867675781
ims,1,transfer_ensemble,5,124,126.0,84.77165222167969
ims,1,transfer_ensemble,5,125,125.0,84.605712890625
ims,1,transfer_ensemble,5,126,124.00000762939453,84.25068664550781
ims,1,transfer_ensemble,5,127,123.0,84.73297882080078
ims,1,transfer_ensemble,5,128,122.0,85.34391021728516
ims,1,transfer_ensemble,5,129,121.00000762939453,85.01966857910156
ims,1,transfer_ensemble,5,130,120.0,84.3953857421875
ims,1,transfer_ensemble,5,131,119.0,84.57955932617188
ims,1,transfer_ensemble,5,132,118.00000762939453,84.6673583984375
ims,1,transfer_ensemble,5,133,117.0,84.52665710449219
ims,1,transfer_ensemble,5,134,116.0,84.41827392578125
ims,1,transfer_ensemble,5,135,115.0,84.56100463867188
ims,1,transfer_ensemble,5,136,114.0,84.52909851074219
ims,1,transfer_ensemble,5,137,113.0,84.332275390625
ims,1,transfer_ensemble,5,138,112.0,83.64021301269531
ims,1,transfer_ensemble,5,139,111.0,83.1109619140625
ims,1,transfer_ensemble,5,140,110.0,83.05856323242188
ims,1,transfer_ensemble,5,141,109.0,82.44660186767578
ims,1,transfer_ensemble,5,142,108.0,82.63777160644531
ims,1,transfer_ensemble,5,143,107.0,81.81642150878906
ims,1,transfer_ensemble,5,144,106.0,81.7864761352539
ims,1,transfer_ensemble,5,145,105.0,81.8585205078125
ims,1,transfer_ensemble,5,146,104.0,81.6475601196289
ims,1,transfer_ensemble,5,147,103.0,81.10759735107422
ims,1,transfer_ensemble,5,148,102.0,81.23788452148438
ims,1,transfer_ensemble,5,149,101.0,81.14697265625
ims,1,transfer_ensemble,5,150,100.0,81.19270324707031
ims,1,transfer_ensemble,5,151,99.0,80.79837036132812
ims,1,transfer_ensemble,5,152,98.0,80.31694793701172
ims,1,transfer_ensemble,5,153,97.0,80.04230499267578
ims,1,transfer_ensemble,5,154,96.0,78.85446166992188
ims,1,transfer_ensemble,5,155,95.0,78.3914794921875
ims,1,transfer_ensemble,5,156,94.0,78.14959716796875
ims,1,transfer_ensemble,5,157,93.0,77.85922241210938
ims,1,transfer_ensemble,5,158,92.0,77.40428924560547
ims,1,transfer_ensemble,5,159,91.0,76.92019653320312
ims,1,transfer_ensemble,5,160,90.0,76.66407012939453
ims,1,transfer_ensemble,5,161,89.0,75.94906616210938
ims,1,transfer_ensemble,5,162,88.0,75.58539581298828
ims,1,transfer_ensemble,5,163,87.0,74.67243957519531
ims,1,transfer_ensemble,5,164,86.0,74.06817626953125
ims,1,transfer_ensemble,5,165,85.0,73.97634887695312
ims,1,transfer_ensemble,5,166,84.0,73.10819244384766
ims,1,transfer_ensemble,5,167,83.0,71.90869903564453
ims,1,transfer_ensemble,5,168,82.0,70.09548950195312
ims,1,transfer_ensemble,5,169,81.0,70.510498046875
ims,1,transfer_ensemble,5,170,80.0,69.50057220458984
ims,1,transfer_ensemble,5,171,79.0,69.01643371582031
ims,1,transfer_ensemble,5,172,78.0,68.84843444824219
ims,1,transfer_ensemble,5,173,77.0,68.25391387939453
ims,1,transfer_ensemble,5,174,76.0,67.71485137939453
ims,1,transfer_ensemble,5,175,75.0,66.72239685058594
ims,1,transfer_ensemble,5,176,74.0,66.09263610839844
ims,1,transfer_ensemble,5,177,73.0,65.87093353271484
ims,1,transfer_ensemble,5,178,72.0,64.76089477539062
ims,1,transfer_ensemble,5,179,71.0,64.33274841308594
ims,1,transfer_ensemble,5,180,70.0,63.665870666503906
ims,1,transfer_ensemble,5,181,69.0,62.69641876220703
ims,1,transfer_ensemble,5,182,68.0,61.58576202392578
ims,1,transfer_ensemble,5,183,67.0,60.628807067871094
ims,1,transfer_ensemble,5,184,66.0,60.30005645751953
ims,1,transfer_ensemble,5,185,65.0,59.479915618896484
ims,1,transfer_ensemble,5,186,64.0,57.76496124267578
ims,1,transfer_ensemble,5,187,63.0,57.07257843017578
ims,1,transfer_ensemble,5,188,62.000003814697266,56.347328186035156
ims,1,transfer_ensemble,5,189,61.0,54.61553192138672
ims,1,transfer_ensemble,5,190,60.0,54.697166442871094
ims,1,transfer_ensemble,5,191,59.000003814697266,53.04762268066406
ims,1,transfer_ensemble,5,192,58.0,52.04009246826172
ims,1,transfer_ensemble,5,193,57.0,51.501136779785156
ims,1,transfer_ensemble,5,194,56.0,49.7211799621582
ims,1,transfer_ensemble,5,195,55.0,48.890296936035156
ims,1,transfer_ensemble,5,196,54.0,46.969818115234375
ims,1,transfer_ensemble,5,197,53.0,46.76739501953125
ims,1,transfer_ensemble,5,198,52.0,45.70648956298828
ims,1,transfer_ensemble,5,199,51.0,44.552452087402344
ims,1,transfer_ensemble,5,200,50.0,43.23790740966797
ims,1,transfer_ensemble,5,201,49.0,42.839542388916016
ims,1,transfer_ensemble,5,202,48.0,41.249141693115234
ims,1,transfer_ensemble,5,203,47.0,40.72050476074219
ims,1,transfer_ensemble,5,204,46.0,40.285430908203125
ims,1,transfer_ensemble,5,205,45.0,38.72027587890625
ims,1,transfer_ensemble,5,206,44.0,37.48725128173828
ims,1,transfer_ensemble,5,207,43.0,36.43323516845703
ims,1,transfer_ensemble,5,208,42.0,34.8029899597168
ims,1,transfer_ensemble,5,209,41.0,34.08335876464844
ims,1,transfer_ensemble,5,210,40.0,33.06702423095703
ims,1,transfer_ensemble,5,211,39.0,32.972900390625
ims,1,transfer_ensemble,5,212,38.0,31.16790008544922
ims,1,transfer_ensemble,5,213,37.0,30.01739501953125
ims,1,transfer_ensemble,5,214,36.0,28.87954330444336
ims,1,transfer_ensemble,5,215,35.0,28.12742042541504
ims,1,transfer_ensemble,5,216,34.0,27.580455780029297
ims,1,transfer_ensemble,5,217,33.0,26.36728286743164
ims,1,transfer_ensemble,5,218,32.0,25.69729995727539
ims,1,transfer_ensemble,5,219,31.000001907348633,23.993511199951172
ims,1,transfer_ensemble,5,220,30.0,23.41144561767578
ims,1,transfer_ensemble,5,221,29.0,22.634014129638672
ims,1,transfer_ensemble,5,222,28.0,21.597448348999023
ims,1,transfer_ensemble,5,223,27.0,20.976417541503906
ims,1,transfer_ensemble,5,224,26.0,20.957836151123047
ims,1,transfer_ensemble,5,225,25.0,20.329233169555664
ims,1,transfer_ensemble,5,226,24.0,19.816980361938477
ims,1,transfer_ensemble,5,227,23.0,18.68633460998535
ims,1,transfer_ensemble,5,228,22.0,17.823246002197266
ims,1,transfer_ensemble,5,229,21.0,17.91216468811035
ims,1,transfer_ensemble,5,230,20.0,17.293197631835938
ims,1,transfer_ensemble,5,231,19.0,16.438674926757812
ims,1,transfer_ensemble,5,232,18.0,15.839090347290039
ims,1,transfer_ensemble,5,233,17.0,15.26518440246582
ims,1,transfer_ensemble,5,234,16.0,14.833639144897461
ims,1,transfer_ensemble,5,235,15.0,14.007963180541992
ims,1,transfer_ensemble,5,236,14.0,13.39982795715332
ims,1,transfer_ensemble,5,237,13.0,12.837259292602539
ims,1,transfer_ensemble,5,238,12.0,12.462299346923828
ims,1,transfer_ensemble,5,239,11.0,11.89327335357666
ims,1,transfer_ensemble,5,240,10.0,11.518095970153809
ims,1,transfer_ensemble,5,241,9.0,10.993464469909668
ims,1,transfer_ensemble,5,242,8.0,10.660808563232422
ims,1,transfer_ensemble,5,243,7.0,10.156156539916992
ims,1,transfer_ensemble,5,244,6.0,9.871265411376953
ims,1,transfer_ensemble,5,245,5.0,9.67275333404541
ims,1,transfer_ensemble,5,246,4.0,9.433673858642578
ims,1,transfer_ensemble,5,247,3.0,9.045502662658691
ims,1,transfer_ensemble,5,248,2.0,8.570945739746094
ims,1,transfer_ensemble,5,249,1.0,8.194973945617676
ims,1,transfer_ensemble,5,250,0.0,7.900394916534424
ims,1,transfer_ensemble,5,251,0.0,7.585836410522461
ims,1,transfer_ensemble,5,252,0.0,7.304421901702881
ims,1,transfer_ensemble,5,253,0.0,6.916751861572266
ims,1,transfer_ensemble,5,254,0.0,6.559276103973389
ims,1,transfer_ensemble,5,255,0.0,6.050049781799316
ims,1,transfer_ensemble,5,256,0.0,5.805794715881348
ims,1,transfer_ensemble,5,257,0.0,5.274764060974121
ims,1,transfer_ensemble,5,258,0.0,4.9807586669921875
ims,1,transfer_ensemble,5,259,0.0,4.544829368591309
ims,1,transfer_ensemble,5,260,0.0,4.259760856628418
ims,1,transfer_ensemble,5,261,0.0,3.948692798614502
ims,1,transfer_ensemble,5,262,0.0,3.6534714698791504
ims,1,transfer_ensemble,5,263,0.0,3.524695873260498
ims,1,transfer_ensemble,5,264,0.0,3.34562349319458
ims,1,transfer_ensemble,5,265,0.0,3.075338125228882
ims,1,transfer_ensemble,5,266,0.0,2.880797863006592
ims,1,transfer_ensemble,5,267,0.0,2.9391398429870605
ims,1,transfer_ensemble,5,268,0.0,2.636234760284424
ims,1,transfer_ensemble,5,269,0.0,2.4409799575805664
ims,1,transfer_ensemble,5,270,0.0,2.229055404663086
ims,1,transfer_ensemble,5,271,0.0,2.066763401031494
ims,1,transfer_ensemble,5,272,0.0,1.949867606163025
ims,1,transfer_ensemble,5,273,0.0,1.8996106386184692
ims,1,transfer_ensemble,5,274,0.0,1.8100953102111816
ims,1,transfer_ensemble,5,275,0.0,1.6515556573867798
ims,1,transfer_ensemble,5,276,0.0,1.5572491884231567
ims,1,transfer_ensemble,5,277,0.0,1.503157615661621
ims,1,transfer_ensemble,5,278,0.0,1.4523118734359741
ims,1,transfer_ensemble,5,279,0.0,1.403106689453125
ims,1,transfer_ensemble,5,280,0.0,1.3588683605194092
ims,1,transfer_ensemble,5,281,0.0,1.384655475616455
ims,1,transfer_ensemble,5,282,0.0,1.4121415615081787
ims,1,transfer_ensemble,5,283,0.0,1.4242445230484009
ims,1,transfer_ensemble,5,284,0.0,1.4409639835357666
ims,1,transfer_ensemble,5,285,0.0,1.6224759817123413
ims,1,transfer_ensemble,5,286,0.0,1.6833442449569702
ims,1,transfer_ensemble,5,287,0.0,1.7719496488571167
ims,1,transfer_ensemble,5,288,0.0,1.8714619874954224
ims,1,transfer_ensemble,5,289,0.0,1.9364269971847534
ims,1,transfer_ensemble,5,290,0.0,2.0343942642211914
ims,1,transfer_ensemble,5,291,0.0,2.24729585647583
ims,1,transfer_ensemble,5,292,0.0,2.398069381713867
ims,1,transfer_ensemble,5,293,0.0,2.574305534362793
ims,1,transfer_ensemble,5,294,0.0,2.8815207481384277
ims,1,transfer_ensemble,5,295,0.0,3.0540225505828857
ims,1,transfer_ensemble,5,296,0.0,3.249154567718506
ims,1,transfer_ensemble,5,297,0.0,3.4157650470733643
ims,1,transfer_ensemble,5,298,0.0,3.6045260429382324
ims,1,transfer_ensemble,5,299,0.0,3.8231325149536133
ims,1,frozen_encoder_ensemble,5,19,231.0,43.191524505615234
ims,1,frozen_encoder_ensemble,5,20,230.0,43.9570426940918
ims,1,frozen_encoder_ensemble,5,21,229.0,44.0628776550293
ims,1,frozen_encoder_ensemble,5,22,228.0,43.79705047607422
ims,1,frozen_encoder_ensemble,5,23,227.0,43.399898529052734
ims,1,frozen_encoder_ensemble,5,24,226.0,43.22999572753906
ims,1,frozen_encoder_ensemble,5,25,225.0,43.69827651977539
ims,1,frozen_encoder_ensemble,5,26,224.0,43.95663070678711
ims,1,frozen_encoder_ensemble,5,27,223.0,43.909027099609375
ims,1,frozen_encoder_ensemble,5,28,222.0,43.73968505859375
ims,1,frozen_encoder_ensemble,5,29,221.0,43.556358337402344
ims,1,frozen_encoder_ensemble,5,30,220.0,43.670799255371094
ims,1,frozen_encoder_ensemble,5,31,219.0,43.583160400390625
ims,1,frozen_encoder_ensemble,5,32,218.0,43.52797317504883
ims,1,frozen_encoder_ensemble,5,33,217.0,44.384525299072266
ims,1,frozen_encoder_ensemble,5,34,216.0,44.427860260009766
ims,1,frozen_encoder_ensemble,5,35,215.0,45.31557083129883
ims,1,frozen_encoder_ensemble,5,36,214.0,45.15736389160156
ims,1,frozen_encoder_ensemble,5,37,213.0,44.544761657714844
ims,1,frozen_encoder_ensemble,5,38,212.0,44.513099670410156
ims,1,frozen_encoder_ensemble,5,39,211.0,44.80309295654297
ims,1,frozen_encoder_ensemble,5,40,210.0,44.76948165893555
ims,1,frozen_encoder_ensemble,5,41,209.0,44.20703887939453
ims,1,frozen_encoder_ensemble,5,42,208.0,44.327545166015625
ims,1,frozen_encoder_ensemble,5,43,207.0,44.76544952392578
ims,1,frozen_encoder_ensemble,5,44,206.0,44.95629119873047
ims,1,frozen_encoder_ensemble,5,45,205.0,44.794898986816406
ims,1,frozen_encoder_ensemble,5,46,204.0,45.4788932800293
ims,1,frozen_encoder_ensemble,5,47,203.0,44.508934020996094
ims,1,frozen_encoder_ensemble,5,48,202.0,44.97151565551758
ims,1,frozen_encoder_ensemble,5,49,201.0,45.72663879394531
ims,1,frozen_encoder_ensemble,5,50,200.0,45.37939453125
ims,1,frozen_encoder_ensemble,5,51,199.0,44.69845962524414
ims,1,frozen_encoder_ensemble,5,52,198.0,46.257957458496094
ims,1,frozen_encoder_ensemble,5,53,197.0,46.01659393310547
ims,1,frozen_encoder_ensemble,5,54,196.0,45.34613800048828
ims,1,frozen_encoder_ensemble,5,55,195.0,44.70420837402344
ims,1,frozen_encoder_ensemble,5,56,194.0,45.13270950317383
ims,1,frozen_encoder_ensemble,5,57,193.0,45.32805633544922
ims,1,frozen_encoder_ensemble,5,58,192.0,45.884483337402344
ims,1,frozen_encoder_ensemble,5,59,191.0,46.64256286621094
ims,1,frozen_encoder_ensemble,5,60,190.0,46.104759216308594
ims,1,frozen_encoder_ensemble,5,61,189.0,45.21196746826172
ims,1,frozen_encoder_ensemble,5,62,188.0,45.22602844238281
ims,1,frozen_encoder_ensemble,5,63,187.0,45.045169830322266
ims,1,frozen_encoder_ensemble,5,64,186.0,45.68364715576172
ims,1,frozen_encoder_ensemble,5,65,185.0,45.89052200317383
ims,1,frozen_encoder_ensemble,5,66,184.0,45.458412170410156
ims,1,frozen_encoder_ensemble,5,67,183.0,46.64860916137695
ims,1,frozen_encoder_ensemble,5,68,182.0,46.46440124511719
ims,1,frozen_encoder_ensemble,5,69,181.0,45.95656967163086
ims,1,frozen_encoder_ensemble,5,70,180.0,47.225189208984375
ims,1,frozen_encoder_ensemble,5,71,179.0,45.58306121826172
ims,1,frozen_encoder_ensemble,5,72,178.0,46.702232360839844
ims,1,frozen_encoder_ensemble,5,73,177.0,46.876319885253906
ims,1,frozen_encoder_ensemble,5,74,176.0,45.97724533081055
ims,1,frozen_encoder_ensemble,5,75,175.0,47.54300308227539
ims,1,frozen_encoder_ensemble,5,76,174.0,46.631568908691406
ims,1,frozen_encoder_ensemble,5,77,173.0,46.69883728027344
ims,1,frozen_encoder_ensemble,5,78,172.0,46.66138458251953
ims,1,frozen_encoder_ensemble,5,79,171.0,46.774253845214844
ims,1,frozen_encoder_ensemble,5,80,170.0,47.5747184753418
ims,1,frozen_encoder_ensemble,5,81,169.0,47.71124267578125
ims,1,frozen_encoder_ensemble,5,82,168.0,47.03227615356445
ims,1,frozen_encoder_ensemble,5,83,167.0,48.133731842041016
ims,1,frozen_encoder_ensemble,5,84,166.0,47.72032928466797
ims,1,frozen_encoder_ensemble,5,85,165.0,48.302642822265625
ims,1,frozen_encoder_ensemble,5,86,164.0,49.18735122680664
ims,1,frozen_encoder_ensemble,5,87,163.0,49.83788299560547
ims,1,frozen_encoder_ensemble,5,88,162.0,48.9162712097168
ims,1,frozen_encoder_ensemble,5,89,161.0,48.691322326660156
ims,1,frozen_encoder_ensemble,5,90,160.0,48.61267852783203
ims,1,frozen_encoder_ensemble,5,91,159.0,47.864009857177734
ims,1,frozen_encoder_ensemble,5,92,158.0,49.06654739379883
ims,1,frozen_encoder_ensemble,5,93,157.0,49.352298736572266
ims,1,frozen_encoder_ensemble,5,94,156.0,48.30735778808594
ims,1,frozen_encoder_ensemble,5,95,155.0,49.137779235839844
ims,1,frozen_encoder_ensemble,5,96,154.0,50.24201965332031
ims,1,frozen_encoder_ensemble,5,97,153.0,50.24935531616211
ims,1,frozen_encoder_ensemble,5,98,152.0,50.355712890625
ims,1,frozen_encoder_ensemble,5,99,151.0,49.65496063232422
ims,1,frozen_encoder_ensemble,5,100,150.0,49.62728500366211
ims,1,frozen_encoder_ensemble,5,101,149.0,49.720115661621094
ims,1,frozen_encoder_ensemble,5,102,148.0,50.76608657836914
ims,1,frozen_encoder_ensemble,5,103,147.0,51.090171813964844
ims,1,frozen_encoder_ensemble,5,104,146.0,51.998435974121094
ims,1,frozen_encoder_ensemble,5,105,145.0,52.79716491699219
ims,1,frozen_encoder_ensemble,5,106,144.0,51.87176513671875
ims,1,frozen_encoder_ensemble,5,107,143.0,52.90775680541992
ims,1,frozen_encoder_ensemble,5,108,142.0,53.64868927001953
ims,1,frozen_encoder_ensemble,5,109,141.0,53.935028076171875
ims,1,frozen_encoder_ensemble,5,110,140.0,52.89575958251953
ims,1,frozen_encoder_ensemble,5,111,139.0,51.59630584716797
ims,1,frozen_encoder_ensemble,5,112,138.0,51.26350402832031
ims,1,frozen_encoder_ensemble,5,113,137.0,52.0152587890625
ims,1,frozen_encoder_ensemble,5,114,136.0,54.08012390136719
ims,1,frozen_encoder_ensemble,5,115,135.0,53.46106719970703
ims,1,frozen_encoder_ensemble,5,116,134.0,53.2939453125
ims,1,frozen_encoder_ensemble,5,117,133.0,54.5140495300293
ims,1,frozen_encoder_ensemble,5,118,132.0,54.06207275390625
ims,1,frozen_encoder_ensemble,5,119,131.0,54.4529914855957
ims,1,frozen_encoder_ensemble,5,120,130.0,55.24034881591797
ims,1,frozen_encoder_ensemble,5,121,129.0,54.73944091796875
ims,1,frozen_encoder_ensemble,5,122,128.0,54.72643280029297
ims,1,frozen_encoder_ensemble,5,123,127.00000762939453,53.85814666748047
ims,1,frozen_encoder_ensemble,5,124,126.0,55.12566375732422
ims,1,frozen_encoder_ensemble,5,125,125.0,55.022300720214844
ims,1,frozen_encoder_ensemble,5,126,124.00000762939453,54.681396484375
ims,1,frozen_encoder_ensemble,5,127,123.0,55.0018310546875
ims,1,frozen_encoder_ensemble,5,128,122.0,55.682621002197266
ims,1,frozen_encoder_ensemble,5,129,121.00000762939453,55.35009765625
ims,1,frozen_encoder_ensemble,5,130,120.0,54.750518798828125
ims,1,frozen_encoder_ensemble,5,131,119.0,55.05342102050781
ims,1,frozen_encoder_ensemble,5,132,118.00000762939453,55.31381607055664
ims,1,frozen_encoder_ensemble,5,133,117.0,55.19801330566406
ims,1,frozen_encoder_ensemble,5,134,116.0,55.0906867980957
ims,1,frozen_encoder_ensemble,5,135,115.0,55.293861389160156
ims,1,frozen_encoder_ensemble,5,136,114.0,55.258949279785156
ims,1,frozen_encoder_ensemble,5,137,113.0,55.18852996826172
ims,1,frozen_encoder_ensemble,5,138,112.0,54.8281135559082
ims,1,frozen_encoder_ensemble,5,139,111.0,54.31818389892578
ims,1,frozen_encoder_ensemble,5,140,110.0,54.39874267578125
ims,1,frozen_encoder_ensemble,5,141,109.0,53.785064697265625
ims,1,frozen_encoder_ensemble,5,142,108.0,53.92034149169922
ims,1,frozen_encoder_ensemble,5,143,107.0,53.59089660644531
ims,1,frozen_encoder_ensemble,5,144,106.0,53.56848907470703
ims,1,frozen_encoder_ensemble,5,145,105.0,53.59917449951172
ims,1,frozen_encoder_ensemble,5,146,104.0,53.47816467285156
ims,1,frozen_encoder_ensemble,5,147,103.0,52.9234619140625
ims,1,frozen_encoder_ensemble,5,148,102.0,53.04548645019531
ims,1,frozen_encoder_ensemble,5,149,101.0,52.96155548095703
ims,1,frozen_encoder_ensemble,5,150,100.0,53.1224479675293
ims,1,frozen_encoder_ensemble,5,151,99.0,52.90292739868164
ims,1,frozen_encoder_ensemble,5,152,98.0,52.585594177246094
ims,1,frozen_encoder_ensemble,5,153,97.0,52.43907165527344
ims,1,frozen_encoder_ensemble,5,154,96.0,51.54545211791992
ims,1,frozen_encoder_ensemble,5,155,95.0,51.18535614013672
ims,1,frozen_encoder_ensemble,5,156,94.0,51.1033935546875
ims,1,frozen_encoder_ensemble,5,157,93.0,51.012306213378906
ims,1,frozen_encoder_ensemble,5,158,92.0,50.74810028076172
ims,1,frozen_encoder_ensemble,5,159,91.0,50.434814453125
ims,1,frozen_encoder_ensemble,5,160,90.0,50.2712516784668
ims,1,frozen_encoder_ensemble,5,161,89.0,49.783531188964844
ims,1,frozen_encoder_ensemble,5,162,88.0,49.561973571777344
ims,1,frozen_encoder_ensemble,5,163,87.0,48.85846710205078
ims,1,frozen_encoder_ensemble,5,164,86.0,48.39378356933594
ims,1,frozen_encoder_ensemble,5,165,85.0,48.540279388427734
ims,1,frozen_encoder_ensemble,5,166,84.0,47.873294830322266
ims,1,frozen_encoder_ensemble,5,167,83.0,47.04136276245117
ims,1,frozen_encoder_ensemble,5,168,82.0,45.674476623535156
ims,1,frozen_encoder_ensemble,5,169,81.0,46.258426666259766
ims,1,frozen_encoder_ensemble,5,170,80.0,45.58249282836914
ims,1,frozen_encoder_ensemble,5,171,79.0,45.214752197265625
ims,1,frozen_encoder_ensemble,5,172,78.0,45.212608337402344
ims,1,frozen_encoder_ensemble,5,173,77.0,45.131202697753906
ims,1,frozen_encoder_ensemble,5,174,76.0,44.6859245300293
ims,1,frozen_encoder_ensemble,5,175,75.0,43.927547454833984
ims,1,frozen_encoder_ensemble,5,176,74.0,43.49494171142578
ims,1,frozen_encoder_ensemble,5,177,73.0,43.45555114746094
ims,1,frozen_encoder_ensemble,5,178,72.0,42.700958251953125
ims,1,frozen_encoder_ensemble,5,179,71.0,42.496116638183594
ims,1,frozen_encoder_ensemble,5,180,70.0,42.13394546508789
ims,1,frozen_encoder_ensemble,5,181,69.0,41.51890563964844
ims,1,frozen_encoder_ensemble,5,182,68.0,40.827842712402344
ims,1,frozen_encoder_ensemble,5,183,67.0,40.26921844482422
ims,1,frozen_encoder_ensemble,5,184,66.0,40.21855926513672
ims,1,frozen_encoder_ensemble,5,185,65.0,39.8076057434082
ims,1,frozen_encoder_ensemble,5,186,64.0,38.6563606262207
ims,1,frozen_encoder_ensemble,5,187,63.0,38.348968505859375
ims,1,frozen_encoder_ensemble,5,188,62.000003814697266,37.98715591430664
ims,1,frozen_encoder_ensemble,5,189,61.0,36.93095779418945
ims,1,frozen_encoder_ensemble,5,190,60.0,37.18431091308594
ims,1,frozen_encoder_ensemble,5,191,59.000003814697266,36.191688537597656
ims,1,frozen_encoder_ensemble,5,192,58.0,35.6805534362793
ims,1,frozen_encoder_ensemble,5,193,57.0,35.43581771850586
ims,1,frozen_encoder_ensemble,5,194,56.0,34.540958404541016
ims,1,frozen_encoder_ensemble,5,195,55.0,34.13545227050781
ims,1,frozen_encoder_ensemble,5,196,54.0,33.04365158081055
ims,1,frozen_encoder_ensemble,5,197,53.0,33.21117401123047
ims,1,frozen_encoder_ensemble,5,198,52.0,32.57773971557617
ims,1,frozen_encoder_ensemble,5,199,51.0,31.89885711669922
ims,1,frozen_encoder_ensemble,5,200,50.0,31.13479995727539
ims,1,frozen_encoder_ensemble,5,201,49.0,31.097274780273438
ims,1,frozen_encoder_ensemble,5,202,48.0,30.27405548095703
ims,1,frozen_encoder_ensemble,5,203,47.0,30.110885620117188
ims,1,frozen_encoder_ensemble,5,204,46.0,29.966938018798828
ims,1,frozen_encoder_ensemble,5,205,45.0,29.083877563476562
ims,1,frozen_encoder_ensemble,5,206,44.0,28.743497848510742
ims,1,frozen_encoder_ensemble,5,207,43.0,28.208993911743164
ims,1,frozen_encoder_ensemble,5,208,42.0,27.33194923400879
ims,1,frozen_encoder_ensemble,5,209,41.0,27.100553512573242
ims,1,frozen_encoder_ensemble,5,210,40.0,26.680557250976562
ims,1,frozen_encoder_ensemble,5,211,39.0,26.706928253173828
ims,1,frozen_encoder_ensemble,5,212,38.0,25.920146942138672
ims,1,frozen_encoder_ensemble,5,213,37.0,25.492597579956055
ims,1,frozen_encoder_ensemble,5,214,36.0,25.080650329589844
ims,1,frozen_encoder_ensemble,5,215,35.0,24.727962493896484
ims,1,frozen_encoder_ensemble,5,216,34.0,24.50937271118164
ims,1,frozen_encoder_ensemble,5,217,33.0,24.204448699951172
ims,1,frozen_encoder_ensemble,5,218,32.0,24.06427001953125
ims,1,frozen_encoder_ensemble,5,219,31.000001907348633,23.270605087280273
ims,1,frozen_encoder_ensemble,5,220,30.0,22.913593292236328
ims,1,frozen_encoder_ensemble,5,221,29.0,22.958642959594727
ims,1,frozen_encoder_ensemble,5,222,28.0,22.53997230529785
ims,1,frozen_encoder_ensemble,5,223,27.0,22.38116455078125
ims,1,frozen_encoder_ensemble,5,224,26.0,22.137012481689453
ims,1,frozen_encoder_ensemble,5,225,25.0,21.921079635620117
ims,1,frozen_encoder_ensemble,5,226,24.0,21.83304786682129
ims,1,frozen_encoder_ensemble,5,227,23.0,21.615093231201172
ims,1,frozen_encoder_ensemble,5,228,22.0,21.31713104248047
ims,1,frozen_encoder_ensemble,5,229,21.0,21.31174087524414
ims,1,frozen_encoder_ensemble,5,230,20.0,21.156625747680664
ims,1,frozen_encoder_ensemble,5,231,19.0,20.921010971069336
ims,1,frozen_encoder_ensemble,5,232,18.0,20.764842987060547
ims,1,frozen_encoder_ensemble,5,233,17.0,20.689678192138672
ims,1,frozen_encoder_ensemble,5,234,16.0,20.5697021484375
ims,1,frozen_encoder_ensemble,5,235,15.0,20.3640079498291
ims,1,frozen_encoder_ensemble,5,236,14.0,20.223888397216797
ims,1,frozen_encoder_ensemble,5,237,13.0,20.076961517333984
ims,1,frozen_encoder_ensemble,5,238,12.0,20.276748657226562
ims,1,frozen_encoder_ensemble,5,239,11.0,19.960107803344727
ims,1,frozen_encoder_ensemble,5,240,10.0,19.965415954589844
ims,1,frozen_encoder_ensemble,5,241,9.0,19.767990112304688
ims,1,frozen_encoder_ensemble,5,242,8.0,19.699195861816406
ims,1,frozen_encoder_ensemble,5,243,7.0,19.576793670654297
ims,1,frozen_encoder_ensemble,5,244,6.0,19.553911209106445
ims,1,frozen_encoder_ensemble,5,245,5.0,19.434741973876953
ims,1,frozen_encoder_ensemble,5,246,4.0,19.55365562438965
ims,1,frozen_encoder_ensemble,5,247,3.0,19.49334716796875
ims,1,frozen_encoder_ensemble,5,248,2.0,19.550914764404297
ims,1,frozen_encoder_ensemble,5,249,1.0,19.367748260498047
ims,1,frozen_encoder_ensemble,5,250,0.0,19.238523483276367
ims,1,frozen_encoder_ensemble,5,251,0.0,19.323570251464844
ims,1,frozen_encoder_ensemble,5,252,0.0,19.208587646484375
ims,1,frozen_encoder_ensemble,5,253,0.0,19.103439331054688
ims,1,frozen_encoder_ensemble,5,254,0.0,19.04511833190918
ims,1,frozen_encoder_ensemble,5,255,0.0,19.027284622192383
ims,1,frozen_encoder_ensemble,5,256,0.0,19.02102279663086
ims,1,frozen_encoder_ensemble,5,257,0.0,18.983963012695312
ims,1,frozen_encoder_ensemble,5,258,0.0,18.927692413330078
ims,1,frozen_encoder_ensemble,5,259,0.0,18.923141479492188
ims,1,frozen_encoder_ensemble,5,260,0.0,18.80284881591797
ims,1,frozen_encoder_ensemble,5,261,0.0,18.754302978515625
ims,1,frozen_encoder_ensemble,5,262,0.0,18.778963088989258
ims,1,frozen_encoder_ensemble,5,263,0.0,18.603294372558594
ims,1,frozen_encoder_ensemble,5,264,0.0,18.632761001586914
ims,1,frozen_encoder_ensemble,5,265,0.0,18.618526458740234
ims,1,frozen_encoder_ensemble,5,266,0.0,18.523571014404297
ims,1,frozen_encoder_ensemble,5,267,0.0,18.435321807861328
ims,1,frozen_encoder_ensemble,5,268,0.0,18.45905113220215
ims,1,frozen_encoder_ensemble,5,269,0.0,18.453685760498047
ims,1,frozen_encoder_ensemble,5,270,0.0,18.420988082885742
ims,1,frozen_encoder_ensemble,5,271,0.0,18.45730209350586
ims,1,frozen_encoder_ensemble,5,272,0.0,18.363910675048828
ims,1,frozen_encoder_ensemble,5,273,0.0,18.30047607421875
ims,1,frozen_encoder_ensemble,5,274,0.0,18.30034637451172
ims,1,frozen_encoder_ensemble,5,275,0.0,18.285888671875
ims,1,frozen_encoder_ensemble,5,276,0.0,18.252830505371094
ims,1,frozen_encoder_ensemble,5,277,0.0,18.159908294677734
ims,1,frozen_encoder_ensemble,5,278,0.0,18.168458938598633
ims,1,frozen_encoder_ensemble,5,279,0.0,18.152116775512695
ims,1,frozen_encoder_ensemble,5,280,0.0,18.14075469970703
ims,1,frozen_encoder_ensemble,5,281,0.0,18.102052688598633
ims,1,frozen_encoder_ensemble,5,282,0.0,18.07607078552246
ims,1,frozen_encoder_ensemble,5,283,0.0,18.01410675048828
ims,1,frozen_encoder_ensemble,5,284,0.0,17.945051193237305
ims,1,frozen_encoder_ensemble,5,285,0.0,17.905960083007812
ims,1,frozen_encoder_ensemble,5,286,0.0,17.92575454711914
ims,1,frozen_encoder_ensemble,5,287,0.0,17.94477081298828
ims,1,frozen_encoder_ensemble,5,288,0.0,17.898509979248047
ims,1,frozen_encoder_ensemble,5,289,0.0,17.820791244506836
ims,1,frozen_encoder_ensemble,5,290,0.0,17.831314086914062
ims,1,frozen_encoder_ensemble,5,291,0.0,17.795852661132812
ims,1,frozen_encoder_ensemble,5,292,0.0,17.831096649169922
ims,1,frozen_encoder_ensemble,5,293,0.0,17.78036880493164
ims,1,frozen_encoder_ensemble,5,294,0.0,17.767301559448242
ims,1,frozen_encoder_ensemble,5,295,0.0,17.796348571777344
ims,1,frozen_encoder_ensemble,5,296,0.0,17.800567626953125
ims,1,frozen_encoder_ensemble,5,297,0.0,17.810638427734375
ims,1,frozen_encoder_ensemble,5,298,0.0,17.816326141357422
ims,1,frozen_encoder_ensemble,5,299,0.0,17.862560272216797
ims,1,scratch_ensemble,5,19,231.0,54.18940734863281
ims,1,scratch_ensemble,5,20,230.0,54.02378845214844
ims,1,scratch_ensemble,5,21,229.0,54.07569885253906
ims,1,scratch_ensemble,5,22,228.0,54.152732849121094
ims,1,scratch_ensemble,5,23,227.0,53.983890533447266
ims,1,scratch_ensemble,5,24,226.0,54.08342361450195
ims,1,scratch_ensemble,5,25,225.0,54.13690185546875
ims,1,scratch_ensemble,5,26,224.0,54.217308044433594
ims,1,scratch_ensemble,5,27,223.0,53.94861602783203
ims,1,scratch_ensemble,5,28,222.0,53.8288459777832
ims,1,scratch_ensemble,5,29,221.0,53.887359619140625
ims,1,scratch_ensemble,5,30,220.0,54.06056213378906
ims,1,scratch_ensemble,5,31,219.0,53.8907470703125
ims,1,scratch_ensemble,5,32,218.0,53.88365173339844
ims,1,scratch_ensemble,5,33,217.0,53.85088348388672
ims,1,scratch_ensemble,5,34,216.0,53.761070251464844
ims,1,scratch_ensemble,5,35,215.0,54.04802703857422
ims,1,scratch_ensemble,5,36,214.0,54.26715087890625
ims,1,scratch_ensemble,5,37,213.0,54.30968475341797
ims,1,scratch_ensemble,5,38,212.0,54.18691635131836
ims,1,scratch_ensemble,5,39,211.0,54.36830520629883
ims,1,scratch_ensemble,5,40,210.0,54.22764587402344
ims,1,scratch_ensemble,5,41,209.0,54.068782806396484
ims,1,scratch_ensemble,5,42,208.0,53.98775100708008
ims,1,scratch_ensemble,5,43,207.0,54.02895736694336
ims,1,scratch_ensemble,5,44,206.0,53.99958038330078
ims,1,scratch_ensemble,5,45,205.0,54.09364318847656
ims,1,scratch_ensemble,5,46,204.0,54.19166564941406
ims,1,scratch_ensemble,5,47,203.0,53.959014892578125
ims,1,scratch_ensemble,5,48,202.0,53.837249755859375
ims,1,scratch_ensemble,5,49,201.0,54.0974006652832
ims,1,scratch_ensemble,5,50,200.0,54.25885009765625
ims,1,scratch_ensemble,5,51,199.0,54.07109451293945
ims,1,scratch_ensemble,5,52,198.0,53.998870849609375
ims,1,scratch_ensemble,5,53,197.0,54.12599182128906
ims,1,scratch_ensemble,5,54,196.0,53.81034469604492
ims,1,scratch_ensemble,5,55,195.0,53.84081268310547
ims,1,scratch_ensemble,5,56,194.0,53.752681732177734
ims,1,scratch_ensemble,5,57,193.0,53.918739318847656
ims,1,scratch_ensemble,5,58,192.0,53.884727478027344
ims,1,scratch_ensemble,5,59,191.0,54.23137664794922
ims,1,scratch_ensemble,5,60,190.0,54.175331115722656
ims,1,scratch_ensemble,5,61,189.0,54.180335998535156
ims,1,scratch_ensemble,5,62,188.0,53.7119140625
ims,1,scratch_ensemble,5,63,187.0,53.842735290527344
ims,1,scratch_ensemble,5,64,186.0,53.89822006225586
ims,1,scratch_ensemble,5,65,185.0,53.950843811035156
ims,1,scratch_ensemble,5,66,184.0,54.03483581542969
ims,1,scratch_ensemble,5,67,183.0,54.22374725341797
ims,1,scratch_ensemble,5,68,182.0,54.362754821777344
ims,1,scratch_ensemble,5,69,181.0,53.92518615722656
ims,1,scratch_ensemble,5,70,180.0,53.94329071044922
ims,1,scratch_ensemble,5,71,179.0,53.646034240722656
ims,1,scratch_ensemble,5,72,178.0,53.66035461425781
ims,1,scratch_ensemble,5,73,177.0,53.65130615234375
ims,1,scratch_ensemble,5,74,176.0,53.649749755859375
ims,1,scratch_ensemble,5,75,175.0,53.91037368774414
ims,1,scratch_ensemble,5,76,174.0,54.019718170166016
ims,1,scratch_ensemble,5,77,173.0,53.71772384643555
ims,1,scratch_ensemble,5,78,172.0,54.120574951171875
ims,1,scratch_ensemble,5,79,171.0,54.073402404785156
ims,1,scratch_ensemble,5,80,170.0,54.169105529785156
ims,1,scratch_ensemble,5,81,169.0,54.129554748535156
ims,1,scratch_ensemble,5,82,168.0,54.014122009277344
ims,1,scratch_ensemble,5,83,167.0,53.835243225097656
ims,1,scratch_ensemble,5,84,166.0,54.07951354980469
ims,1,scratch_ensemble,5,85,165.0,54.26062774658203
ims,1,scratch_ensemble,5,86,164.0,54.26232147216797
ims,1,scratch_ensemble,5,87,163.0,54.30491256713867
ims,1,scratch_ensemble,5,88,162.0,54.40463638305664
ims,1,scratch_ensemble,5,89,161.0,54.50631332397461
ims,1,scratch_ensemble,5,90,160.0,54.321449279785156
ims,1,scratch_ensemble,5,91,159.0,54.06071853637695
ims,1,scratch_ensemble,5,92,158.0,53.60610580444336
ims,1,scratch_ensemble,5,93,157.0,53.82843017578125
ims,1,scratch_ensemble,5,94,156.0,53.80500411987305
ims,1,scratch_ensemble,5,95,155.0,53.82721710205078
ims,1,scratch_ensemble,5,96,154.0,53.66657638549805
ims,1,scratch_ensemble,5,97,153.0,53.980438232421875
ims,1,scratch_ensemble,5,98,152.0,54.04233932495117
ims,1,scratch_ensemble,5,99,151.0,54.26744079589844
ims,1,scratch_ensemble,5,100,150.0,54.15631866455078
ims,1,scratch_ensemble,5,101,149.0,53.66035079956055
ims,1,scratch_ensemble,5,102,148.0,53.719547271728516
ims,1,scratch_ensemble,5,103,147.0,53.879146575927734
ims,1,scratch_ensemble,5,104,146.0,53.700927734375
ims,1,scratch_ensemble,5,105,145.0,53.275489807128906
ims,1,scratch_ensemble,5,106,144.0,53.659114837646484
ims,1,scratch_ensemble,5,107,143.0,53.27165985107422
ims,1,scratch_ensemble,5,108,142.0,52.8646125793457
ims,1,scratch_ensemble,5,109,141.0,52.93205642700195
ims,1,scratch_ensemble,5,110,140.0,53.06289291381836
ims,1,scratch_ensemble,5,111,139.0,53.47922897338867
ims,1,scratch_ensemble,5,112,138.0,53.51746368408203
ims,1,scratch_ensemble,5,113,137.0,52.94049835205078
ims,1,scratch_ensemble,5,114,136.0,51.735469818115234
ims,1,scratch_ensemble,5,115,135.0,52.4332389831543
ims,1,scratch_ensemble,5,116,134.0,52.75215148925781
ims,1,scratch_ensemble,5,117,133.0,52.16049575805664
ims,1,scratch_ensemble,5,118,132.0,52.539451599121094
ims,1,scratch_ensemble,5,119,131.0,51.91054916381836
ims,1,scratch_ensemble,5,120,130.0,51.55242156982422
ims,1,scratch_ensemble,5,121,129.0,51.902496337890625
ims,1,scratch_ensemble,5,122,128.0,51.87271499633789
ims,1,scratch_ensemble,5,123,127.00000762939453,51.80988693237305
ims,1,scratch_ensemble,5,124,126.0,50.954437255859375
ims,1,scratch_ensemble,5,125,125.0,50.790260314941406
ims,1,scratch_ensemble,5,126,124.00000762939453,51.099815368652344
ims,1,scratch_ensemble,5,127,123.0,50.932559967041016
ims,1,scratch_ensemble,5,128,122.0,49.93635940551758
ims,1,scratch_ensemble,5,129,121.00000762939453,50.20900344848633
ims,1,scratch_ensemble,5,130,120.0,50.47924041748047
ims,1,scratch_ensemble,5,131,119.0,49.767982482910156
ims,1,scratch_ensemble,5,132,118.00000762939453,48.462379455566406
ims,1,scratch_ensemble,5,133,117.0,48.552154541015625
ims,1,scratch_ensemble,5,134,116.0,48.83381271362305
ims,1,scratch_ensemble,5,135,115.0,48.721553802490234
ims,1,scratch_ensemble,5,136,114.0,48.56333923339844
ims,1,scratch_ensemble,5,137,113.0,47.916988372802734
ims,1,scratch_ensemble,5,138,112.0,46.86794662475586
ims,1,scratch_ensemble,5,139,111.0,47.718448638916016
ims,1,scratch_ensemble,5,140,110.0,46.97854232788086
ims,1,scratch_ensemble,5,141,109.0,47.78794860839844
ims,1,scratch_ensemble,5,142,108.0,47.89704132080078
ims,1,scratch_ensemble,5,143,107.0,45.99811553955078
ims,1,scratch_ensemble,5,144,106.0,46.284645080566406
ims,1,scratch_ensemble,5,145,105.0,46.39348602294922
ims,1,scratch_ensemble,5,146,104.0,46.01975631713867
ims,1,scratch_ensemble,5,147,103.0,46.70629119873047
ims,1,scratch_ensemble,5,148,102.0,46.5205078125
ims,1,scratch_ensemble,5,149,101.0,46.53769302368164
ims,1,scratch_ensemble,5,150,100.0,45.86381149291992
ims,1,scratch_ensemble,5,151,99.0,45.355567932128906
ims,1,scratch_ensemble,5,152,98.0,45.16349411010742
ims,1,scratch_ensemble,5,153,97.0,44.86724090576172
ims,1,scratch_ensemble,5,154,96.0,44.394927978515625
ims,1,scratch_ensemble,5,155,95.0,44.47649002075195
ims,1,scratch_ensemble,5,156,94.0,44.085243225097656
ims,1,scratch_ensemble,5,157,93.0,43.75762176513672
ims,1,scratch_ensemble,5,158,92.0,43.50102233886719
ims,1,scratch_ensemble,5,159,91.0,43.326847076416016
ims,1,scratch_ensemble,5,160,90.0,43.32981491088867
ims,1,scratch_ensemble,5,161,89.0,43.0087890625
ims,1,scratch_ensemble,5,162,88.0,42.893306732177734
ims,1,scratch_ensemble,5,163,87.0,42.822425842285156
ims,1,scratch_ensemble,5,164,86.0,42.80854034423828
ims,1,scratch_ensemble,5,165,85.0,42.196163177490234
ims,1,scratch_ensemble,5,166,84.0,42.62830352783203
ims,1,scratch_ensemble,5,167,83.0,41.989715576171875
ims,1,scratch_ensemble,5,168,82.0,41.472389221191406
ims,1,scratch_ensemble,5,169,81.0,40.84202575683594
ims,1,scratch_ensemble,5,170,80.0,40.575897216796875
ims,1,scratch_ensemble,5,171,79.0,40.87874984741211
ims,1,scratch_ensemble,5,172,78.0,40.722755432128906
ims,1,scratch_ensemble,5,173,77.0,39.590660095214844
ims,1,scratch_ensemble,5,174,76.0,40.194496154785156
ims,1,scratch_ensemble,5,175,75.0,40.431419372558594
ims,1,scratch_ensemble,5,176,74.0,40.61410903930664
ims,1,scratch_ensemble,5,177,73.0,40.26958465576172
ims,1,scratch_ensemble,5,178,72.0,39.93705749511719
ims,1,scratch_ensemble,5,179,71.0,39.96525573730469
ims,1,scratch_ensemble,5,180,70.0,40.19834899902344
ims,1,scratch_ensemble,5,181,69.0,39.832794189453125
ims,1,scratch_ensemble,5,182,68.0,39.34243392944336
ims,1,scratch_ensemble,5,183,67.0,39.40107727050781
ims,1,scratch_ensemble,5,184,66.0,39.110443115234375
ims,1,scratch_ensemble,5,185,65.0,39.26944351196289
ims,1,scratch_ensemble,5,186,64.0,38.726863861083984
ims,1,scratch_ensemble,5,187,63.0,38.59678649902344
ims,1,scratch_ensemble,5,188,62.000003814697266,38.12556076049805
ims,1,scratch_ensemble,5,189,61.0,38.33796691894531
ims,1,scratch_ensemble,5,190,60.0,37.6577262878418
ims,1,scratch_ensemble,5,191,59.000003814697266,37.86786651611328
ims,1,scratch_ensemble,5,192,58.0,37.81474304199219
ims,1,scratch_ensemble,5,193,57.0,37.094093322753906
ims,1,scratch_ensemble,5,194,56.0,37.82490539550781
ims,1,scratch_ensemble,5,195,55.0,37.461265563964844
ims,1,scratch_ensemble,5,196,54.0,37.57002258300781
ims,1,scratch_ensemble,5,197,53.0,37.301727294921875
ims,1,scratch_ensemble,5,198,52.0,36.913639068603516
ims,1,scratch_ensemble,5,199,51.0,36.5828971862793
ims,1,scratch_ensemble,5,200,50.0,36.174415588378906
ims,1,scratch_ensemble,5,201,49.0,35.931270599365234
ims,1,scratch_ensemble,5,202,48.0,36.080387115478516
ims,1,scratch_ensemble,5,203,47.0,35.545921325683594
ims,1,scratch_ensemble,5,204,46.0,35.24103546142578
ims,1,scratch_ensemble,5,205,45.0,35.05158996582031
ims,1,scratch_ensemble,5,206,44.0,35.31789779663086
ims,1,scratch_ensemble,5,207,43.0,34.9619255065918
ims,1,scratch_ensemble,5,208,42.0,34.65300750732422
ims,1,scratch_ensemble,5,209,41.0,34.28799819946289
ims,1,scratch_ensemble,5,210,40.0,34.182456970214844
ims,1,scratch_ensemble,5,211,39.0,33.60023498535156
ims,1,scratch_ensemble,5,212,38.0,33.75208282470703
ims,1,scratch_ensemble,5,213,37.0,33.61014175415039
ims,1,scratch_ensemble,5,214,36.0,33.52341079711914
ims,1,scratch_ensemble,5,215,35.0,33.05863952636719
ims,1,scratch_ensemble,5,216,34.0,32.607975006103516
ims,1,scratch_ensemble,5,217,33.0,32.699378967285156
ims,1,scratch_ensemble,5,218,32.0,32.594844818115234
ims,1,scratch_ensemble,5,219,31.000001907348633,32.280452728271484
ims,1,scratch_ensemble,5,220,30.0,31.503952026367188
ims,1,scratch_ensemble,5,221,29.0,31.360843658447266
ims,1,scratch_ensemble,5,222,28.0,31.127710342407227
ims,1,scratch_ensemble,5,223,27.0,30.839609146118164
ims,1,scratch_ensemble,5,224,26.0,30.17772674560547
ims,1,scratch_ensemble,5,225,25.0,29.978092193603516
ims,1,scratch_ensemble,5,226,24.0,29.777908325195312
ims,1,scratch_ensemble,5,227,23.0,29.654916763305664
ims,1,scratch_ensemble,5,228,22.0,29.335941314697266
ims,1,scratch_ensemble,5,229,21.0,28.789485931396484
ims,1,scratch_ensemble,5,230,20.0,28.588626861572266
ims,1,scratch_ensemble,5,231,19.0,28.29397964477539
ims,1,scratch_ensemble,5,232,18.0,27.93265151977539
ims,1,scratch_ensemble,5,233,17.0,27.65312957763672
ims,1,scratch_ensemble,5,234,16.0,27.34122085571289
ims,1,scratch_ensemble,5,235,15.0,27.02888298034668
ims,1,scratch_ensemble,5,236,14.0,26.66183090209961
ims,1,scratch_ensemble,5,237,13.0,26.229419708251953
ims,1,scratch_ensemble,5,238,12.0,25.86484146118164
ims,1,scratch_ensemble,5,239,11.0,25.577312469482422
ims,1,scratch_ensemble,5,240,10.0,25.22525405883789
ims,1,scratch_ensemble,5,241,9.0,24.93451499938965
ims,1,scratch_ensemble,5,242,8.0,24.61988067626953
ims,1,scratch_ensemble,5,243,7.0,24.290163040161133
ims,1,scratch_ensemble,5,244,6.0,23.865562438964844
ims,1,scratch_ensemble,5,245,5.0,23.455591201782227
ims,1,scratch_ensemble,5,246,4.0,23.019168853759766
ims,1,scratch_ensemble,5,247,3.0,22.66325569152832
ims,1,scratch_ensemble,5,248,2.0,22.18642807006836
ims,1,scratch_ensemble,5,249,1.0,21.760074615478516
ims,1,scratch_ensemble,5,250,0.0,21.293746948242188
ims,1,scratch_ensemble,5,251,0.0,20.754657745361328
ims,1,scratch_ensemble,5,252,0.0,20.314334869384766
ims,1,scratch_ensemble,5,253,0.0,19.768226623535156
ims,1,scratch_ensemble,5,254,0.0,19.240983963012695
ims,1,scratch_ensemble,5,255,0.0,18.663978576660156
ims,1,scratch_ensemble,5,256,0.0,18.07457733154297
ims,1,scratch_ensemble,5,257,0.0,17.507373809814453
ims,1,scratch_ensemble,5,258,0.0,16.940210342407227
ims,1,scratch_ensemble,5,259,0.0,16.3870792388916
ims,1,scratch_ensemble,5,260,0.0,15.889057159423828
ims,1,scratch_ensemble,5,261,0.0,15.381172180175781
ims,1,scratch_ensemble,5,262,0.0,14.847647666931152
ims,1,scratch_ensemble,5,263,0.0,14.468354225158691
ims,1,scratch_ensemble,5,264,0.0,13.961189270019531
ims,1,scratch_ensemble,5,265,0.0,13.521299362182617
ims,1,scratch_ensemble,5,266,0.0,13.088554382324219
ims,1,scratch_ensemble,5,267,0.0,12.729948043823242
ims,1,scratch_ensemble,5,268,0.0,12.302580833435059
ims,1,scratch_ensemble,5,269,0.0,11.85595703125
ims,1,scratch_ensemble,5,270,0.0,11.41950798034668
ims,1,scratch_ensemble,5,271,0.0,10.930707931518555
ims,1,scratch_ensemble,5,272,0.0,10.562833786010742
ims,1,scratch_ensemble,5,273,0.0,10.220841407775879
ims,1,scratch_ensemble,5,274,0.0,9.85043716430664
ims,1,scratch_ensemble,5,275,0.0,9.507404327392578
ims,1,scratch_ensemble,5,276,0.0,9.137298583984375
ims,1,scratch_ensemble,5,277,0.0,8.837111473083496
ims,1,scratch_ensemble,5,278,0.0,8.47992992401123
ims,1,scratch_ensemble,5,279,0.0,8.169798851013184
ims,1,scratch_ensemble,5,280,0.0,7.850003242492676
ims,1,scratch_ensemble,5,281,0.0,7.572805404663086
ims,1,scratch_ensemble,5,282,0.0,7.316864013671875
ims,1,scratch_ensemble,5,283,0.0,7.095366477966309
ims,1,scratch_ensemble,5,284,0.0,6.868052959442139
ims,1,scratch_ensemble,5,285,0.0,6.655150413513184
ims,1,scratch_ensemble,5,286,0.0,6.430333137512207
ims,1,scratch_ensemble,5,287,0.0,6.197477340698242
ims,1,scratch_ensemble,5,288,0.0,6.010298728942871
ims,1,scratch_ensemble,5,289,0.0,5.855047225952148
ims,1,scratch_ensemble,5,290,0.0,5.624968528747559
ims,1,scratch_ensemble,5,291,0.0,5.467713356018066
ims,1,scratch_ensemble,5,292,0.0,5.299063682556152
ims,1,scratch_ensemble,5,293,0.0,5.198434829711914
ims,1,scratch_ensemble,5,294,0.0,5.136728286743164
ims,1,scratch_ensemble,5,295,0.0,5.067368984222412
ims,1,scratch_ensemble,5,296,0.0,4.9921112060546875
ims,1,scratch_ensemble,5,297,0.0,4.932337760925293
ims,1,scratch_ensemble,5,298,0.0,4.87896203994751
ims,1,scratch_ensemble,5,299,0.0,4.842323303222656
ims,1,ridge_ensemble,5,19,231.0,248.56973266601562
ims,1,ridge_ensemble,5,20,230.0,247.4935302734375
ims,1,ridge_ensemble,5,21,229.0,246.41799926757812
ims,1,ridge_ensemble,5,22,228.0,245.3425750732422
ims,1,ridge_ensemble,5,23,227.0,244.2667999267578
ims,1,ridge_ensemble,5,24,226.0,243.19110107421875
ims,1,ridge_ensemble,5,25,225.0,242.11558532714844
ims,1,ridge_ensemble,5,26,224.0,241.03981018066406
ims,1,ridge_ensemble,5,27,223.0,239.96389770507812
ims,1,ridge_ensemble,5,28,222.0,238.88819885253906
ims,1,ridge_ensemble,5,29,221.0,237.81292724609375
ims,1,ridge_ensemble,5,30,220.0,236.73731994628906
ims,1,ridge_ensemble,5,31,219.0,235.66136169433594
ims,1,ridge_ensemble,5,32,218.0,234.58575439453125
ims,1,ridge_ensemble,5,33,217.0,233.50978088378906
ims,1,ridge_ensemble,5,34,216.0,232.4341278076172
ims,1,ridge_ensemble,5,35,215.0,231.35890197753906
ims,1,ridge_ensemble,5,36,214.0,230.28314208984375
ims,1,ridge_ensemble,5,37,213.0,229.20758056640625
ims,1,ridge_ensemble,5,38,212.0,228.1315460205078
ims,1,ridge_ensemble,5,39,211.0,227.05633544921875
ims,1,ridge_ensemble,5,40,210.0,225.98046875
ims,1,ridge_ensemble,5,41,209.0,224.9049530029297
ims,1,ridge_ensemble,5,42,208.0,223.8292694091797
ims,1,ridge_ensemble,5,43,207.0,222.7535400390625
ims,1,ridge_ensemble,5,44,206.0,221.67808532714844
ims,1,ridge_ensemble,5,45,205.0,220.60189819335938
ims,1,ridge_ensemble,5,46,204.0,219.5266571044922
ims,1,ridge_ensemble,5,47,203.0,218.45126342773438
ims,1,ridge_ensemble,5,48,202.0,217.3748016357422
ims,1,ridge_ensemble,5,49,201.0,216.29946899414062
ims,1,ridge_ensemble,5,50,200.0,215.22412109375
ims,1,ridge_ensemble,5,51,199.0,214.1481170654297
ims,1,ridge_ensemble,5,52,198.0,213.07247924804688
ims,1,ridge_ensemble,5,53,197.0,211.99693298339844
ims,1,ridge_ensemble,5,54,196.0,210.92137145996094
ims,1,ridge_ensemble,5,55,195.0,209.84535217285156
ims,1,ridge_ensemble,5,56,194.0,208.76991271972656
ims,1,ridge_ensemble,5,57,193.0,207.69435119628906
ims,1,ridge_ensemble,5,58,192.0,206.61846923828125
ims,1,ridge_ensemble,5,59,191.0,205.5431671142578
ims,1,ridge_ensemble,5,60,190.0,204.46719360351562
ims,1,ridge_ensemble,5,61,189.0,203.39149475097656
ims,1,ridge_ensemble,5,62,188.0,202.31578063964844
ims,1,ridge_ensemble,5,63,187.0,201.24046325683594
ims,1,ridge_ensemble,5,64,186.0,200.1647491455078
ims,1,ridge_ensemble,5,65,185.0,199.08917236328125
ims,1,ridge_ensemble,5,66,184.0,198.01333618164062
ims,1,ridge_ensemble,5,67,183.0,196.93783569335938
ims,1,ridge_ensemble,5,68,182.0,195.8623046875
ims,1,ridge_ensemble,5,69,181.0,194.7864532470703
ims,1,ridge_ensemble,5,70,180.0,193.71087646484375
ims,1,ridge_ensemble,5,71,179.0,192.63525390625
ims,1,ridge_ensemble,5,72,178.0,191.55958557128906
ims,1,ridge_ensemble,5,73,177.0,190.4837188720703
ims,1,ridge_ensemble,5,74,176.0,189.40817260742188
ims,1,ridge_ensemble,5,75,175.0,188.33287048339844
ims,1,ridge_ensemble,5,76,174.0,187.25694274902344
ims,1,ridge_ensemble,5,77,173.0,186.1810302734375
ims,1,ridge_ensemble,5,78,172.0,185.10560607910156
ims,1,ridge_ensemble,5,79,171.0,184.0298309326172
ims,1,ridge_ensemble,5,80,170.0,182.954345703125
ims,1,ridge_ensemble,5,81,169.0,181.87852478027344
ims,1,ridge_ensemble,5,82,168.0,180.802978515625
ims,1,ridge_ensemble,5,83,167.0,179.72703552246094
ims,1,ridge_ensemble,5,84,166.0,178.6517333984375
ims,1,ridge_ensemble,5,85,165.0,177.57603454589844
ims,1,ridge_ensemble,5,86,164.0,176.50054931640625
ims,1,ridge_ensemble,5,87,163.0,175.42483520507812
ims,1,ridge_ensemble,5,88,162.0,174.34921264648438
ims,1,ridge_ensemble,5,89,161.0,173.2733154296875
ims,1,ridge_ensemble,5,90,160.0,172.19776916503906
ims,1,ridge_ensemble,5,91,159.0,171.12176513671875
ims,1,ridge_ensemble,5,92,158.0,170.04647827148438
ims,1,ridge_ensemble,5,93,157.0,168.97071838378906
ims,1,ridge_ensemble,5,94,156.0,167.89532470703125
ims,1,ridge_ensemble,5,95,155.0,166.81932067871094
ims,1,ridge_ensemble,5,96,154.0,165.7438201904297
ims,1,ridge_ensemble,5,97,153.0,164.66822814941406
ims,1,ridge_ensemble,5,98,152.0,163.5923309326172
ims,1,ridge_ensemble,5,99,151.0,162.51687622070312
ims,1,ridge_ensemble,5,100,150.0,161.44134521484375
ims,1,ridge_ensemble,5,101,149.0,160.3651123046875
ims,1,ridge_ensemble,5,102,148.0,159.2898712158203
ims,1,ridge_ensemble,5,103,147.0,158.2139434814453
ims,1,ridge_ensemble,5,104,146.0,157.13861083984375
ims,1,ridge_ensemble,5,105,145.0,156.0626220703125
ims,1,ridge_ensemble,5,106,144.0,154.98721313476562
ims,1,ridge_ensemble,5,107,143.0,153.9114227294922
ims,1,ridge_ensemble,5,108,142.0,152.8356475830078
ims,1,ridge_ensemble,5,109,141.0,151.76043701171875
ims,1,ridge_ensemble,5,110,140.0,150.68458557128906
ims,1,ridge_ensemble,5,111,139.0,149.60882568359375
ims,1,ridge_ensemble,5,112,138.0,148.5336151123047
ims,1,ridge_ensemble,5,113,137.0,147.4573516845703
ims,1,ridge_ensemble,5,114,136.0,146.3819122314453
ims,1,ridge_ensemble,5,115,135.0,145.30670166015625
ims,1,ridge_ensemble,5,116,134.0,144.23074340820312
ims,1,ridge_ensemble,5,117,133.0,143.15509033203125
ims,1,ridge_ensemble,5,118,132.0,142.0794677734375
ims,1,ridge_ensemble,5,119,131.0,141.00369262695312
ims,1,ridge_ensemble,5,120,130.0,139.92813110351562
ims,1,ridge_ensemble,5,121,129.0,138.85244750976562
ims,1,ridge_ensemble,5,122,128.0,137.77671813964844
ims,1,ridge_ensemble,5,123,127.00000762939453,136.7009735107422
ims,1,ridge_ensemble,5,124,126.0,135.62570190429688
ims,1,ridge_ensemble,5,125,125.0,134.54931640625
ims,1,ridge_ensemble,5,126,124.00000762939453,133.47438049316406
ims,1,ridge_ensemble,5,127,123.0,132.39852905273438
ims,1,ridge_ensemble,5,128,122.0,131.3223876953125
ims,1,ridge_ensemble,5,129,121.00000762939453,130.2471160888672
ims,1,ridge_ensemble,5,130,120.0,129.1715545654297
ims,1,ridge_ensemble,5,131,119.0,128.09535217285156
ims,1,ridge_ensemble,5,132,118.00000762939453,127.02001953125
ims,1,ridge_ensemble,5,133,117.0,125.94481658935547
ims,1,ridge_ensemble,5,134,116.0,124.86894989013672
ims,1,ridge_ensemble,5,135,115.0,123.79338836669922
ims,1,ridge_ensemble,5,136,114.0,122.7177734375
ims,1,ridge_ensemble,5,137,113.0,121.64203643798828
ims,1,ridge_ensemble,5,138,112.0,120.56588745117188
ims,1,ridge_ensemble,5,139,111.0,119.4906005859375
ims,1,ridge_ensemble,5,140,110.0,118.41514587402344
ims,1,ridge_ensemble,5,141,109.0,117.3392105102539
ims,1,ridge_ensemble,5,142,108.0,116.26353454589844
ims,1,ridge_ensemble,5,143,107.0,115.18763732910156
ims,1,ridge_ensemble,5,144,106.0,114.1127700805664
ims,1,ridge_ensemble,5,145,105.0,113.03630828857422
ims,1,ridge_ensemble,5,146,104.0,111.96074676513672
ims,1,ridge_ensemble,5,147,103.0,110.88553619384766
ims,1,ridge_ensemble,5,148,102.0,109.80976867675781
ims,1,ridge_ensemble,5,149,101.0,108.73445129394531
ims,1,ridge_ensemble,5,150,100.0,107.65808868408203
ims,1,ridge_ensemble,5,151,99.0,106.58251190185547
ims,1,ridge_ensemble,5,152,98.0,105.50712585449219
ims,1,ridge_ensemble,5,153,97.0,104.43120574951172
ims,1,ridge_ensemble,5,154,96.0,103.3559341430664
ims,1,ridge_ensemble,5,155,95.0,102.2803955078125
ims,1,ridge_ensemble,5,156,94.0,101.20428466796875
ims,1,ridge_ensemble,5,157,93.0,100.12865447998047
ims,1,ridge_ensemble,5,158,92.0,99.0529556274414
ims,1,ridge_ensemble,5,159,91.0,97.97724914550781
ims,1,ridge_ensemble,5,160,90.0,96.90140533447266
ims,1,ridge_ensemble,5,161,89.0,95.82600402832031
ims,1,ridge_ensemble,5,162,88.0,94.75001525878906
ims,1,ridge_ensemble,5,163,87.0,93.6748046875
ims,1,ridge_ensemble,5,164,86.0,92.5988540649414
ims,1,ridge_ensemble,5,165,85.0,91.52262878417969
ims,1,ridge_ensemble,5,166,84.0,90.44751739501953
ims,1,ridge_ensemble,5,167,83.0,89.37177276611328
ims,1,ridge_ensemble,5,168,82.0,88.2965087890625
ims,1,ridge_ensemble,5,169,81.0,87.220458984375
ims,1,ridge_ensemble,5,170,80.0,86.14513397216797
ims,1,ridge_ensemble,5,171,79.0,85.06895446777344
ims,1,ridge_ensemble,5,172,78.0,83.99359893798828
ims,1,ridge_ensemble,5,173,77.0,82.91815185546875
ims,1,ridge_ensemble,5,174,76.0,81.8432388305664
ims,1,ridge_ensemble,5,175,75.0,80.76809692382812
ims,1,ridge_ensemble,5,176,74.0,79.69282531738281
ims,1,ridge_ensemble,5,177,73.0,78.61714935302734
ims,1,ridge_ensemble,5,178,72.0,77.5412368774414
ims,1,ridge_ensemble,5,179,71.0,76.46492004394531
ims,1,ridge_ensemble,5,180,70.0,75.3895492553711
ims,1,ridge_ensemble,5,181,69.0,74.31295776367188
ims,1,ridge_ensemble,5,182,68.0,73.2378158569336
ims,1,ridge_ensemble,5,183,67.0,72.16210174560547
ims,1,ridge_ensemble,5,184,66.0,71.08685302734375
ims,1,ridge_ensemble,5,185,65.0,70.01146697998047
ims,1,ridge_ensemble,5,186,64.0,68.93684387207031
ims,1,ridge_ensemble,5,187,63.0,67.86004638671875
ims,1,ridge_ensemble,5,188,62.000003814697266,66.78453063964844
ims,1,ridge_ensemble,5,189,61.0,65.70933532714844
ims,1,ridge_ensemble,5,190,60.0,64.6324462890625
ims,1,ridge_ensemble,5,191,59.000003814697266,63.557456970214844
ims,1,ridge_ensemble,5,192,58.0,62.481727600097656
ims,1,ridge_ensemble,5,193,57.0,61.406394958496094
ims,1,ridge_ensemble,5,194,56.0,60.33122253417969
ims,1,ridge_ensemble,5,195,55.0,59.254337310791016
ims,1,ridge_ensemble,5,196,54.0,58.1788444519043
ims,1,ridge_ensemble,5,197,53.0,57.10319900512695
ims,1,ridge_ensemble,5,198,52.0,56.02781295776367
ims,1,ridge_ensemble,5,199,51.0,54.95247268676758
ims,1,ridge_ensemble,5,200,50.0,53.87680435180664
ims,1,ridge_ensemble,5,201,49.0,52.80059051513672
ims,1,ridge_ensemble,5,202,48.0,51.72514343261719
ims,1,ridge_ensemble,5,203,47.0,50.64939498901367
ims,1,ridge_ensemble,5,204,46.0,49.572818756103516
ims,1,ridge_ensemble,5,205,45.0,48.49716567993164
ims,1,ridge_ensemble,5,206,44.0,47.42173385620117
ims,1,ridge_ensemble,5,207,43.0,46.34638977050781
ims,1,ridge_ensemble,5,208,42.0,45.269927978515625
ims,1,ridge_ensemble,5,209,41.0,44.19427490234375
ims,1,ridge_ensemble,5,210,40.0,43.118709564208984
ims,1,ridge_ensemble,5,211,39.0,42.042057037353516
ims,1,ridge_ensemble,5,212,38.0,40.96723937988281
ims,1,ridge_ensemble,5,213,37.0,39.8907356262207
ims,1,ridge_ensemble,5,214,36.0,38.81563186645508
ims,1,ridge_ensemble,5,215,35.0,37.73971176147461
ims,1,ridge_ensemble,5,216,34.0,36.66374588012695
ims,1,ridge_ensemble,5,217,33.0,35.588035583496094
ims,1,ridge_ensemble,5,218,32.0,34.51115798950195
ims,1,ridge_ensemble,5,219,31.000001907348633,33.43645477294922
ims,1,ridge_ensemble,5,220,30.0,32.36138916015625
ims,1,ridge_ensemble,5,221,29.0,31.284032821655273
ims,1,ridge_ensemble,5,222,28.0,30.20899200439453
ims,1,ridge_ensemble,5,223,27.0,29.132783889770508
ims,1,ridge_ensemble,5,224,26.0,28.056917190551758
ims,1,ridge_ensemble,5,225,25.0,26.98166847229004
ims,1,ridge_ensemble,5,226,24.0,25.905616760253906
ims,1,ridge_ensemble,5,227,23.0,24.82972526550293
ims,1,ridge_ensemble,5,228,22.0,23.753665924072266
ims,1,ridge_ensemble,5,229,21.0,22.6769962310791
ims,1,ridge_ensemble,5,230,20.0,21.602741241455078
ims,1,ridge_ensemble,5,231,19.0,20.52672576904297
ims,1,ridge_ensemble,5,232,18.0,19.451330184936523
ims,1,ridge_ensemble,5,233,17.0,18.375591278076172
ims,1,ridge_ensemble,5,234,16.0,17.299652099609375
ims,1,ridge_ensemble,5,235,15.0,16.22466468811035
ims,1,ridge_ensemble,5,236,14.0,15.147988319396973
ims,1,ridge_ensemble,5,237,13.0,14.072456359863281
ims,1,ridge_ensemble,5,238,12.0,12.996227264404297
ims,1,ridge_ensemble,5,239,11.0,11.921307563781738
ims,1,ridge_ensemble,5,240,10.0,10.845629692077637
ims,1,ridge_ensemble,5,241,9.0,9.769999504089355
ims,1,ridge_ensemble,5,242,8.0,8.694236755371094
ims,1,ridge_ensemble,5,243,7.0,7.618784427642822
ims,1,ridge_ensemble,5,244,6.0,6.5435991287231445
ims,1,ridge_ensemble,5,245,5.0,5.4690656661987305
ims,1,ridge_ensemble,5,246,4.0,4.394192695617676
ims,1,ridge_ensemble,5,247,3.0,3.3196053504943848
ims,1,ridge_ensemble,5,248,2.0,2.2457823753356934
ims,1,ridge_ensemble,5,249,1.0,1.1707353591918945
ims,1,ridge_ensemble,5,250,0.0,0.0968916192650795
ims,1,ridge_ensemble,5,251,0.0,0.09397177398204803
ims,1,ridge_ensemble,5,252,0.0,0.09153182059526443
ims,1,ridge_ensemble,5,253,0.0,0.08840373158454895
ims,1,ridge_ensemble,5,254,0.0,0.08495736122131348
ims,1,ridge_ensemble,5,255,0.0,0.08324206620454788
ims,1,ridge_ensemble,5,256,0.0,0.07977432012557983
ims,1,ridge_ensemble,5,257,0.0,0.07769978791475296
ims,1,ridge_ensemble,5,258,0.0,0.0752301812171936
ims,1,ridge_ensemble,5,259,0.0,0.07252924889326096
ims,1,ridge_ensemble,5,260,0.0,0.07026930898427963
ims,1,ridge_ensemble,5,261,0.0,0.06827852129936218
ims,1,ridge_ensemble,5,262,0.0,0.06630352139472961
ims,1,ridge_ensemble,5,263,0.0,0.0648370236158371
ims,1,ridge_ensemble,5,264,0.0,0.06310833245515823
ims,1,ridge_ensemble,5,265,0.0,0.06170327588915825
ims,1,ridge_ensemble,5,266,0.0,0.060285910964012146
ims,1,ridge_ensemble,5,267,0.0,0.05800240486860275
ims,1,ridge_ensemble,5,268,0.0,0.05775421857833862
ims,1,ridge_ensemble,5,269,0.0,0.056821998208761215
ims,1,ridge_ensemble,5,270,0.0,0.056681279093027115
ims,1,ridge_ensemble,5,271,0.0,0.05586998909711838
ims,1,ridge_ensemble,5,272,0.0,0.056002676486968994
ims,1,ridge_ensemble,5,273,0.0,0.05592609941959381
ims,1,ridge_ensemble,5,274,0.0,0.05663753300905228
ims,1,ridge_ensemble,5,275,0.0,0.057345837354660034
ims,1,ridge_ensemble,5,276,0.0,0.057950690388679504
ims,1,ridge_ensemble,5,277,0.0,0.059453334659338
ims,1,ridge_ensemble,5,278,0.0,0.06110246106982231
ims,1,ridge_ensemble,5,279,0.0,0.06290056556463242
ims,1,ridge_ensemble,5,280,0.0,0.06496722996234894
ims,1,ridge_ensemble,5,281,0.0,0.06795673817396164
ims,1,ridge_ensemble,5,282,0.0,0.07145287841558456
ims,1,ridge_ensemble,5,283,0.0,0.075215183198452
ims,1,ridge_ensemble,5,284,0.0,0.07987426221370697
ims,1,ridge_ensemble,5,285,0.0,0.08464668691158295
ims,1,ridge_ensemble,5,286,0.0,0.09051115065813065
ims,1,ridge_ensemble,5,287,0.0,0.09686489403247833
ims,1,ridge_ensemble,5,288,0.0,0.1045616865158081
ims,1,ridge_ensemble,5,289,0.0,0.11319684237241745
ims,1,ridge_ensemble,5,290,0.0,0.12251785397529602
ims,1,ridge_ensemble,5,291,0.0,0.13215740025043488
ims,1,ridge_ensemble,5,292,0.0,0.14112505316734314
ims,1,ridge_ensemble,5,293,0.0,0.15064020454883575
ims,1,ridge_ensemble,5,294,0.0,0.16000419855117798
ims,1,ridge_ensemble,5,295,0.0,0.16993047297000885
ims,1,ridge_ensemble,5,296,0.0,0.17934109270572662
ims,1,ridge_ensemble,5,297,0.0,0.18873091042041779
ims,1,ridge_ensemble,5,298,0.0,0.19815658032894135
ims,1,ridge_ensemble,5,299,0.0,0.2073626071214676
ims,2,transfer_ensemble,5,19,231.0,43.10551452636719
ims,2,transfer_ensemble,5,20,230.0,44.57417678833008
ims,2,transfer_ensemble,5,21,229.0,44.80674743652344
ims,2,transfer_ensemble,5,22,228.0,44.13489532470703
ims,2,transfer_ensemble,5,23,227.0,43.776893615722656
ims,2,transfer_ensemble,5,24,226.0,43.16515350341797
ims,2,transfer_ensemble,5,25,225.0,43.76848602294922
ims,2,transfer_ensemble,5,26,224.0,43.8870849609375
ims,2,transfer_ensemble,5,27,223.0,44.44974899291992
ims,2,transfer_ensemble,5,28,222.0,44.82093811035156
ims,2,transfer_ensemble,5,29,221.0,44.498958587646484
ims,2,transfer_ensemble,5,30,220.0,44.17926025390625
ims,2,transfer_ensemble,5,31,219.0,44.40245819091797
ims,2,transfer_ensemble,5,32,218.0,44.28596115112305
ims,2,transfer_ensemble,5,33,217.0,45.507694244384766
ims,2,transfer_ensemble,5,34,216.0,45.9123420715332
ims,2,transfer_ensemble,5,35,215.0,46.376014709472656
ims,2,transfer_ensemble,5,36,214.0,45.93059539794922
ims,2,transfer_ensemble,5,37,213.0,44.923831939697266
ims,2,transfer_ensemble,5,38,212.0,45.135093688964844
ims,2,transfer_ensemble,5,39,211.0,45.208213806152344
ims,2,transfer_ensemble,5,40,210.0,45.394630432128906
ims,2,transfer_ensemble,5,41,209.0,44.997947692871094
ims,2,transfer_ensemble,5,42,208.0,45.41019821166992
ims,2,transfer_ensemble,5,43,207.0,45.94630432128906
ims,2,transfer_ensemble,5,44,206.0,46.316246032714844
ims,2,transfer_ensemble,5,45,205.0,46.09046173095703
ims,2,transfer_ensemble,5,46,204.0,46.72980499267578
ims,2,transfer_ensemble,5,47,203.0,45.903076171875
ims,2,transfer_ensemble,5,48,202.0,46.80708312988281
ims,2,transfer_ensemble,5,49,201.0,47.037784576416016
ims,2,transfer_ensemble,5,50,200.0,46.380279541015625
ims,2,transfer_ensemble,5,51,199.0,45.856319427490234
ims,2,transfer_ensemble,5,52,198.0,47.560211181640625
ims,2,transfer_ensemble,5,53,197.0,47.15271759033203
ims,2,transfer_ensemble,5,54,196.0,47.16319274902344
ims,2,transfer_ensemble,5,55,195.0,46.603389739990234
ims,2,transfer_ensemble,5,56,194.0,47.39617156982422
ims,2,transfer_ensemble,5,57,193.0,47.41552734375
ims,2,transfer_ensemble,5,58,192.0,48.09825897216797
ims,2,transfer_ensemble,5,59,191.0,47.933837890625
ims,2,transfer_ensemble,5,60,190.0,47.31034469604492
ims,2,transfer_ensemble,5,61,189.0,46.106414794921875
ims,2,transfer_ensemble,5,62,188.0,46.95477294921875
ims,2,transfer_ensemble,5,63,187.0,46.58990478515625
ims,2,transfer_ensemble,5,64,186.0,47.174102783203125
ims,2,transfer_ensemble,5,65,185.0,47.38751220703125
ims,2,transfer_ensemble,5,66,184.0,46.8206787109375
ims,2,transfer_ensemble,5,67,183.0,46.98809814453125
ims,2,transfer_ensemble,5,68,182.0,46.163665771484375
ims,2,transfer_ensemble,5,69,181.0,47.08972930908203
ims,2,transfer_ensemble,5,70,180.0,48.357421875
ims,2,transfer_ensemble,5,71,179.0,47.352813720703125
ims,2,transfer_ensemble,5,72,178.0,48.740474700927734
ims,2,transfer_ensemble,5,73,177.0,49.04902648925781
ims,2,transfer_ensemble,5,74,176.0,48.21434783935547
ims,2,transfer_ensemble,5,75,175.0,48.74232864379883
ims,2,transfer_ensemble,5,76,174.0,47.74810791015625
ims,2,transfer_ensemble,5,77,173.0,48.68625259399414
ims,2,transfer_ensemble,5,78,172.0,47.765113830566406
ims,2,transfer_ensemble,5,79,171.0,48.03471374511719
ims,2,transfer_ensemble,5,80,170.0,48.421539306640625
ims,2,transfer_ensemble,5,81,169.0,48.69868469238281
ims,2,transfer_ensemble,5,82,168.0,48.324039459228516
ims,2,transfer_ensemble,5,83,167.0,49.78928756713867
ims,2,transfer_ensemble,5,84,166.0,49.10551452636719
ims,2,transfer_ensemble,5,85,165.0,48.90955352783203
ims,2,transfer_ensemble,5,86,164.0,49.33311462402344
ims,2,transfer_ensemble,5,87,163.0,49.47537612915039
ims,2,transfer_ensemble,5,88,162.0,48.87552261352539
ims,2,transfer_ensemble,5,89,161.0,48.2047119140625
ims,2,transfer_ensemble,5,90,160.0,48.602176666259766
ims,2,transfer_ensemble,5,91,159.0,48.53883361816406
ims,2,transfer_ensemble,5,92,158.0,50.500732421875
ims,2,transfer_ensemble,5,93,157.0,50.14801788330078
ims,2,transfer_ensemble,5,94,156.0,49.61109161376953
ims,2,transfer_ensemble,5,95,155.0,50.14054870605469
ims,2,transfer_ensemble,5,96,154.0,51.156227111816406
ims,2,transfer_ensemble,5,97,153.0,50.484989166259766
ims,2,transfer_ensemble,5,98,152.0,50.54458236694336
ims,2,transfer_ensemble,5,99,151.0,49.19892883300781
ims,2,transfer_ensemble,5,100,150.0,49.10344696044922
ims,2,transfer_ensemble,5,101,149.0,50.371482849121094
ims,2,transfer_ensemble,5,102,148.0,50.05028533935547
ims,2,transfer_ensemble,5,103,147.0,49.88911056518555
ims,2,transfer_ensemble,5,104,146.0,50.617576599121094
ims,2,transfer_ensemble,5,105,145.0,52.14787673950195
ims,2,transfer_ensemble,5,106,144.0,50.91328811645508
ims,2,transfer_ensemble,5,107,143.0,52.345890045166016
ims,2,transfer_ensemble,5,108,142.0,53.58896255493164
ims,2,transfer_ensemble,5,109,141.0,53.30583190917969
ims,2,transfer_ensemble,5,110,140.0,52.992706298828125
ims,2,transfer_ensemble,5,111,139.0,51.80148696899414
ims,2,transfer_ensemble,5,112,138.0,51.22969436645508
ims,2,transfer_ensemble,5,113,137.0,52.542869567871094
ims,2,transfer_ensemble,5,114,136.0,54.825408935546875
ims,2,transfer_ensemble,5,115,135.0,53.0293083190918
ims,2,transfer_ensemble,5,116,134.0,51.399166107177734
ims,2,transfer_ensemble,5,117,133.0,52.97041320800781
ims,2,transfer_ensemble,5,118,132.0,52.17625427246094
ims,2,transfer_ensemble,5,119,131.0,53.83738708496094
ims,2,transfer_ensemble,5,120,130.0,54.02733612060547
ims,2,transfer_ensemble,5,121,129.0,53.31603240966797
ims,2,transfer_ensemble,5,122,128.0,53.57756805419922
ims,2,transfer_ensemble,5,123,127.00000762939453,53.91230010986328
ims,2,transfer_ensemble,5,124,126.0,54.42919158935547
ims,2,transfer_ensemble,5,125,125.0,55.12580871582031
ims,2,transfer_ensemble,5,126,124.00000762939453,54.64424133300781
ims,2,transfer_ensemble,5,127,123.0,53.80033874511719
ims,2,transfer_ensemble,5,128,122.0,55.40229797363281
ims,2,transfer_ensemble,5,129,121.00000762939453,54.56556701660156
ims,2,transfer_ensemble,5,130,120.0,52.46607208251953
ims,2,transfer_ensemble,5,131,119.0,54.537654876708984
ims,2,transfer_ensemble,5,132,118.00000762939453,56.22028350830078
ims,2,transfer_ensemble,5,133,117.0,55.71426773071289
ims,2,transfer_ensemble,5,134,116.0,54.66120910644531
ims,2,transfer_ensemble,5,135,115.0,55.334869384765625
ims,2,transfer_ensemble,5,136,114.0,55.624176025390625
ims,2,transfer_ensemble,5,137,113.0,56.110984802246094
ims,2,transfer_ensemble,5,138,112.0,56.71990966796875
ims,2,transfer_ensemble,5,139,111.0,55.56801223754883
ims,2,transfer_ensemble,5,140,110.0,55.76068115234375
ims,2,transfer_ensemble,5,141,109.0,54.910118103027344
ims,2,transfer_ensemble,5,142,108.0,55.065956115722656
ims,2,transfer_ensemble,5,143,107.0,55.76615905761719
ims,2,transfer_ensemble,5,144,106.0,55.16358947753906
ims,2,transfer_ensemble,5,145,105.0,55.245460510253906
ims,2,transfer_ensemble,5,146,104.0,56.08747863769531
ims,2,transfer_ensemble,5,147,103.0,54.41008377075195
ims,2,transfer_ensemble,5,148,102.0,54.68811798095703
ims,2,transfer_ensemble,5,149,101.0,54.43125915527344
ims,2,transfer_ensemble,5,150,100.0,55.06083679199219
ims,2,transfer_ensemble,5,151,99.0,55.544578552246094
ims,2,transfer_ensemble,5,152,98.0,54.42259979248047
ims,2,transfer_ensemble,5,153,97.0,54.81723403930664
ims,2,transfer_ensemble,5,154,96.0,53.356536865234375
ims,2,transfer_ensemble,5,155,95.0,52.649383544921875
ims,2,transfer_ensemble,5,156,94.0,53.16316223144531
ims,2,transfer_ensemble,5,157,93.0,53.21592712402344
ims,2,transfer_ensemble,5,158,92.0,53.317752838134766
ims,2,transfer_ensemble,5,159,91.0,53.35307312011719
ims,2,transfer_ensemble,5,160,90.0,53.37080383300781
ims,2,transfer_ensemble,5,161,89.0,52.946632385253906
ims,2,transfer_ensemble,5,162,88.0,53.21790313720703
ims,2,transfer_ensemble,5,163,87.0,51.82406997680664
ims,2,transfer_ensemble,5,164,86.0,50.89518737792969
ims,2,transfer_ensemble,5,165,85.0,52.296875
ims,2,transfer_ensemble,5,166,84.0,51.74925994873047
ims,2,transfer_ensemble,5,167,83.0,49.280235290527344
ims,2,transfer_ensemble,5,168,82.0,46.1431884765625
ims,2,transfer_ensemble,5,169,81.0,47.869903564453125
ims,2,transfer_ensemble,5,170,80.0,46.62512969970703
ims,2,transfer_ensemble,5,171,79.0,46.79838562011719
ims,2,transfer_ensemble,5,172,78.0,47.68108367919922
ims,2,transfer_ensemble,5,173,77.0,48.16532897949219
ims,2,transfer_ensemble,5,174,76.0,48.236717224121094
ims,2,transfer_ensemble,5,175,75.0,47.18227767944336
ims,2,transfer_ensemble,5,176,74.0,46.87158203125
ims,2,transfer_ensemble,5,177,73.0,46.88065719604492
ims,2,transfer_ensemble,5,178,72.0,45.33073425292969
ims,2,transfer_ensemble,5,179,71.0,45.81763458251953
ims,2,transfer_ensemble,5,180,70.0,45.695518493652344
ims,2,transfer_ensemble,5,181,69.0,45.021995544433594
ims,2,transfer_ensemble,5,182,68.0,43.78822708129883
ims,2,transfer_ensemble,5,183,67.0,43.28108215332031
ims,2,transfer_ensemble,5,184,66.0,43.63460922241211
ims,2,transfer_ensemble,5,185,65.0,43.141448974609375
ims,2,transfer_ensemble,5,186,64.0,41.18864440917969
ims,2,transfer_ensemble,5,187,63.0,40.84819030761719
ims,2,transfer_ensemble,5,188,62.000003814697266,40.44499206542969
ims,2,transfer_ensemble,5,189,61.0,38.785011291503906
ims,2,transfer_ensemble,5,190,60.0,39.33190155029297
ims,2,transfer_ensemble,5,191,59.000003814697266,37.642608642578125
ims,2,transfer_ensemble,5,192,58.0,37.217376708984375
ims,2,transfer_ensemble,5,193,57.0,36.874759674072266
ims,2,transfer_ensemble,5,194,56.0,35.664730072021484
ims,2,transfer_ensemble,5,195,55.0,35.10185623168945
ims,2,transfer_ensemble,5,196,54.0,33.39165496826172
ims,2,transfer_ensemble,5,197,53.0,33.860225677490234
ims,2,transfer_ensemble,5,198,52.0,32.96044921875
ims,2,transfer_ensemble,5,199,51.0,31.80044174194336
ims,2,transfer_ensemble,5,200,50.0,30.399486541748047
ims,2,transfer_ensemble,5,201,49.0,30.438758850097656
ims,2,transfer_ensemble,5,202,48.0,29.13617706298828
ims,2,transfer_ensemble,5,203,47.0,28.511825561523438
ims,2,transfer_ensemble,5,204,46.0,28.548322677612305
ims,2,transfer_ensemble,5,205,45.0,26.871746063232422
ims,2,transfer_ensemble,5,206,44.0,26.317604064941406
ims,2,transfer_ensemble,5,207,43.0,25.374652862548828
ims,2,transfer_ensemble,5,208,42.0,23.769861221313477
ims,2,transfer_ensemble,5,209,41.0,23.53305435180664
ims,2,transfer_ensemble,5,210,40.0,22.891727447509766
ims,2,transfer_ensemble,5,211,39.0,23.17125129699707
ims,2,transfer_ensemble,5,212,38.0,21.565528869628906
ims,2,transfer_ensemble,5,213,37.0,20.82376480102539
ims,2,transfer_ensemble,5,214,36.0,20.207225799560547
ims,2,transfer_ensemble,5,215,35.0,19.740665435791016
ims,2,transfer_ensemble,5,216,34.0,19.388107299804688
ims,2,transfer_ensemble,5,217,33.0,18.636524200439453
ims,2,transfer_ensemble,5,218,32.0,18.774051666259766
ims,2,transfer_ensemble,5,219,31.000001907348633,16.860145568847656
ims,2,transfer_ensemble,5,220,30.0,16.48137092590332
ims,2,transfer_ensemble,5,221,29.0,16.179155349731445
ims,2,transfer_ensemble,5,222,28.0,15.56308364868164
ims,2,transfer_ensemble,5,223,27.0,15.534225463867188
ims,2,transfer_ensemble,5,224,26.0,15.775005340576172
ims,2,transfer_ensemble,5,225,25.0,14.89847183227539
ims,2,transfer_ensemble,5,226,24.0,14.919004440307617
ims,2,transfer_ensemble,5,227,23.0,13.920820236206055
ims,2,transfer_ensemble,5,228,22.0,13.552555084228516
ims,2,transfer_ensemble,5,229,21.0,14.290163040161133
ims,2,transfer_ensemble,5,230,20.0,13.838499069213867
ims,2,transfer_ensemble,5,231,19.0,13.132333755493164
ims,2,transfer_ensemble,5,232,18.0,12.826395034790039
ims,2,transfer_ensemble,5,233,17.0,12.768640518188477
ims,2,transfer_ensemble,5,234,16.0,12.879918098449707
ims,2,transfer_ensemble,5,235,15.0,12.291226387023926
ims,2,transfer_ensemble,5,236,14.0,11.935151100158691
ims,2,transfer_ensemble,5,237,13.0,11.77981948852539
ims,2,transfer_ensemble,5,238,12.0,12.033720016479492
ims,2,transfer_ensemble,5,239,11.0,11.626470565795898
ims,2,transfer_ensemble,5,240,10.0,11.685663223266602
ims,2,transfer_ensemble,5,241,9.0,11.506744384765625
ims,2,transfer_ensemble,5,242,8.0,11.572583198547363
ims,2,transfer_ensemble,5,243,7.0,11.082517623901367
ims,2,transfer_ensemble,5,244,6.0,11.01407241821289
ims,2,transfer_ensemble,5,245,5.0,11.17094898223877
ims,2,transfer_ensemble,5,246,4.0,11.394794464111328
ims,2,transfer_ensemble,5,247,3.0,11.406051635742188
ims,2,transfer_ensemble,5,248,2.0,11.279630661010742
ims,2,transfer_ensemble,5,249,1.0,11.208303451538086
ims,2,transfer_ensemble,5,250,0.0,11.080483436584473
ims,2,transfer_ensemble,5,251,0.0,11.186457633972168
ims,2,transfer_ensemble,5,252,0.0,11.245832443237305
ims,2,transfer_ensemble,5,253,0.0,10.93423080444336
ims,2,transfer_ensemble,5,254,0.0,10.839187622070312
ims,2,transfer_ensemble,5,255,0.0,10.459029197692871
ims,2,transfer_ensemble,5,256,0.0,10.76724624633789
ims,2,transfer_ensemble,5,257,0.0,10.266587257385254
ims,2,transfer_ensemble,5,258,0.0,10.535207748413086
ims,2,transfer_ensemble,5,259,0.0,10.44648551940918
ims,2,transfer_ensemble,5,260,0.0,10.46206283569336
ims,2,transfer_ensemble,5,261,0.0,10.46107292175293
ims,2,transfer_ensemble,5,262,0.0,10.653343200683594
ims,2,transfer_ensemble,5,263,0.0,10.64419937133789
ims,2,transfer_ensemble,5,264,0.0,10.849538803100586
ims,2,transfer_ensemble,5,265,0.0,10.68886661529541
ims,2,transfer_ensemble,5,266,0.0,10.512067794799805
ims,2,transfer_ensemble,5,267,0.0,11.001415252685547
ims,2,transfer_ensemble,5,268,0.0,10.65245246887207
ims,2,transfer_ensemble,5,269,0.0,10.849316596984863
ims,2,transfer_ensemble,5,270,0.0,10.782882690429688
ims,2,transfer_ensemble,5,271,0.0,11.023520469665527
ims,2,transfer_ensemble,5,272,0.0,10.997405052185059
ims,2,transfer_ensemble,5,273,0.0,11.270763397216797
ims,2,transfer_ensemble,5,274,0.0,11.384306907653809
ims,2,transfer_ensemble,5,275,0.0,11.461568832397461
ims,2,transfer_ensemble,5,276,0.0,11.509166717529297
ims,2,transfer_ensemble,5,277,0.0,11.600959777832031
ims,2,transfer_ensemble,5,278,0.0,11.850090026855469
ims,2,transfer_ensemble,5,279,0.0,11.974565505981445
ims,2,transfer_ensemble,5,280,0.0,12.11988639831543
ims,2,transfer_ensemble,5,281,0.0,12.437501907348633
ims,2,transfer_ensemble,5,282,0.0,12.644501686096191
ims,2,transfer_ensemble,5,283,0.0,12.644479751586914
ims,2,transfer_ensemble,5,284,0.0,12.667651176452637
ims,2,transfer_ensemble,5,285,0.0,13.006088256835938
ims,2,transfer_ensemble,5,286,0.0,13.13652515411377
ims,2,transfer_ensemble,5,287,0.0,13.481969833374023
ims,2,transfer_ensemble,5,288,0.0,13.584734916687012
ims,2,transfer_ensemble,5,289,0.0,13.541875839233398
ims,2,transfer_ensemble,5,290,0.0,13.692865371704102
ims,2,transfer_ensemble,5,291,0.0,13.98350715637207
ims,2,transfer_ensemble,5,292,0.0,14.216055870056152
ims,2,transfer_ensemble,5,293,0.0,14.366708755493164
ims,2,transfer_ensemble,5,294,0.0,14.702301025390625
ims,2,transfer_ensemble,5,295,0.0,14.743363380432129
ims,2,transfer_ensemble,5,296,0.0,14.888921737670898
ims,2,transfer_ensemble,5,297,0.0,15.074029922485352
ims,2,transfer_ensemble,5,298,0.0,15.218093872070312
ims,2,transfer_ensemble,5,299,0.0,15.636707305908203
ims,2,frozen_encoder_ensemble,5,19,231.0,17.11567497253418
ims,2,frozen_encoder_ensemble,5,20,230.0,18.376928329467773
ims,2,frozen_encoder_ensemble,5,21,229.0,18.52484130859375
ims,2,frozen_encoder_ensemble,5,22,228.0,17.945770263671875
ims,2,frozen_encoder_ensemble,5,23,227.0,17.62187385559082
ims,2,frozen_encoder_ensemble,5,24,226.0,17.17604637145996
ims,2,frozen_encoder_ensemble,5,25,225.0,17.735883712768555
ims,2,frozen_encoder_ensemble,5,26,224.0,17.856082916259766
ims,2,frozen_encoder_ensemble,5,27,223.0,18.248090744018555
ims,2,frozen_encoder_ensemble,5,28,222.0,18.458553314208984
ims,2,frozen_encoder_ensemble,5,29,221.0,18.180404663085938
ims,2,frozen_encoder_ensemble,5,30,220.0,17.96596908569336
ims,2,frozen_encoder_ensemble,5,31,219.0,18.112472534179688
ims,2,frozen_encoder_ensemble,5,32,218.0,18.01106834411621
ims,2,frozen_encoder_ensemble,5,33,217.0,19.04920768737793
ims,2,frozen_encoder_ensemble,5,34,216.0,19.289936065673828
ims,2,frozen_encoder_ensemble,5,35,215.0,19.74463653564453
ims,2,frozen_encoder_ensemble,5,36,214.0,19.320987701416016
ims,2,frozen_encoder_ensemble,5,37,213.0,18.455280303955078
ims,2,frozen_encoder_ensemble,5,38,212.0,18.62199592590332
ims,2,frozen_encoder_ensemble,5,39,211.0,18.74400520324707
ims,2,frozen_encoder_ensemble,5,40,210.0,18.86835289001465
ims,2,frozen_encoder_ensemble,5,41,209.0,18.477636337280273
ims,2,frozen_encoder_ensemble,5,42,208.0,18.821266174316406
ims,2,frozen_encoder_ensemble,5,43,207.0,19.28998565673828
ims,2,frozen_encoder_ensemble,5,44,206.0,19.550512313842773
ims,2,frozen_encoder_ensemble,5,45,205.0,19.339454650878906
ims,2,frozen_encoder_ensemble,5,46,204.0,19.904705047607422
ims,2,frozen_encoder_ensemble,5,47,203.0,19.094215393066406
ims,2,frozen_encoder_ensemble,5,48,202.0,19.86231231689453
ims,2,frozen_encoder_ensemble,5,49,201.0,20.117929458618164
ims,2,frozen_encoder_ensemble,5,50,200.0,19.53700065612793
ims,2,frozen_encoder_ensemble,5,51,199.0,19.045671463012695
ims,2,frozen_encoder_ensemble,5,52,198.0,20.586711883544922
ims,2,frozen_encoder_ensemble,5,53,197.0,20.182720184326172
ims,2,frozen_encoder_ensemble,5,54,196.0,20.059551239013672
ims,2,frozen_encoder_ensemble,5,55,195.0,19.563505172729492
ims,2,frozen_encoder_ensemble,5,56,194.0,20.23426055908203
ims,2,frozen_encoder_ensemble,5,57,193.0,20.25728416442871
ims,2,frozen_encoder_ensemble,5,58,192.0,20.82590675354004
ims,2,frozen_encoder_ensemble,5,59,191.0,20.774654388427734
ims,2,frozen_encoder_ensemble,5,60,190.0,20.180110931396484
ims,2,frozen_encoder_ensemble,5,61,189.0,19.16761589050293
ims,2,frozen_encoder_ensemble,5,62,188.0,19.846477508544922
ims,2,frozen_encoder_ensemble,5,63,187.0,19.563249588012695
ims,2,frozen_encoder_ensemble,5,64,186.0,20.102317810058594
ims,2,frozen_encoder_ensemble,5,65,185.0,20.282060623168945
ims,2,frozen_encoder_ensemble,5,66,184.0,19.779441833496094
ims,2,frozen_encoder_ensemble,5,67,183.0,20.095191955566406
ims,2,frozen_encoder_ensemble,5,68,182.0,19.428796768188477
ims,2,frozen_encoder_ensemble,5,69,181.0,20.069421768188477
ims,2,frozen_encoder_ensemble,5,70,180.0,21.161685943603516
ims,2,frozen_encoder_ensemble,5,71,179.0,20.136571884155273
ims,2,frozen_encoder_ensemble,5,72,178.0,21.322450637817383
ims,2,frozen_encoder_ensemble,5,73,177.0,21.520051956176758
ims,2,frozen_encoder_ensemble,5,74,176.0,20.72675323486328
ims,2,frozen_encoder_ensemble,5,75,175.0,21.331266403198242
ims,2,frozen_encoder_ensemble,5,76,174.0,20.447437286376953
ims,2,frozen_encoder_ensemble,5,77,173.0,21.19138526916504
ims,2,frozen_encoder_ensemble,5,78,172.0,20.496074676513672
ims,2,frozen_encoder_ensemble,5,79,171.0,20.726415634155273
ims,2,frozen_encoder_ensemble,5,80,170.0,21.08637809753418
ims,2,frozen_encoder_ensemble,5,81,169.0,21.290559768676758
ims,2,frozen_encoder_ensemble,5,82,168.0,20.892715454101562
ims,2,frozen_encoder_ensemble,5,83,167.0,22.14192008972168
ims,2,frozen_encoder_ensemble,5,84,166.0,21.516040802001953
ims,2,frozen_encoder_ensemble,5,85,165.0,21.41814613342285
ims,2,frozen_encoder_ensemble,5,86,164.0,21.86745834350586
ims,2,frozen_encoder_ensemble,5,87,163.0,22.04267120361328
ims,2,frozen_encoder_ensemble,5,88,162.0,21.43389129638672
ims,2,frozen_encoder_ensemble,5,89,161.0,20.895578384399414
ims,2,frozen_encoder_ensemble,5,90,160.0,21.192777633666992
ims,2,frozen_encoder_ensemble,5,91,159.0,21.072500228881836
ims,2,frozen_encoder_ensemble,5,92,158.0,22.723337173461914
ims,2,frozen_encoder_ensemble,5,93,157.0,22.437353134155273
ims,2,frozen_encoder_ensemble,5,94,156.0,21.86897087097168
ims,2,frozen_encoder_ensemble,5,95,155.0,22.37668228149414
ims,2,frozen_encoder_ensemble,5,96,154.0,23.270530700683594
ims,2,frozen_encoder_ensemble,5,97,153.0,22.69982147216797
ims,2,frozen_encoder_ensemble,5,98,152.0,22.724273681640625
ims,2,frozen_encoder_ensemble,5,99,151.0,21.605066299438477
ims,2,frozen_encoder_ensemble,5,100,150.0,21.586259841918945
ims,2,frozen_encoder_ensemble,5,101,149.0,22.612751007080078
ims,2,frozen_encoder_ensemble,5,102,148.0,22.49932098388672
ims,2,frozen_encoder_ensemble,5,103,147.0,22.40293312072754
ims,2,frozen_encoder_ensemble,5,104,146.0,23.064434051513672
ims,2,frozen_encoder_ensemble,5,105,145.0,24.326763153076172
ims,2,frozen_encoder_ensemble,5,106,144.0,23.168582916259766
ims,2,frozen_encoder_ensemble,5,107,143.0,24.414045333862305
ims,2,frozen_encoder_ensemble,5,108,142.0,25.450258255004883
ims,2,frozen_encoder_ensemble,5,109,141.0,25.215957641601562
ims,2,frozen_encoder_ensemble,5,110,140.0,24.749343872070312
ims,2,frozen_encoder_ensemble,5,111,139.0,23.617536544799805
ims,2,frozen_encoder_ensemble,5,112,138.0,23.140220642089844
ims,2,frozen_encoder_ensemble,5,113,137.0,24.311567306518555
ims,2,frozen_encoder_ensemble,5,114,136.0,26.524425506591797
ims,2,frozen_encoder_ensemble,5,115,135.0,24.947280883789062
ims,2,frozen_encoder_ensemble,5,116,134.0,23.661937713623047
ims,2,frozen_encoder_ensemble,5,117,133.0,25.140031814575195
ims,2,frozen_encoder_ensemble,5,118,132.0,24.415401458740234
ims,2,frozen_encoder_ensemble,5,119,131.0,25.811628341674805
ims,2,frozen_encoder_ensemble,5,120,130.0,26.10824966430664
ims,2,frozen_encoder_ensemble,5,121,129.0,25.414379119873047
ims,2,frozen_encoder_ensemble,5,122,128.0,25.561607360839844
ims,2,frozen_encoder_ensemble,5,123,127.00000762939453,25.657745361328125
ims,2,frozen_encoder_ensemble,5,124,126.0,26.411758422851562
ims,2,frozen_encoder_ensemble,5,125,125.0,26.95943832397461
ims,2,frozen_encoder_ensemble,5,126,124.00000762939453,26.444860458374023
ims,2,frozen_encoder_ensemble,5,127,123.0,25.878637313842773
ims,2,frozen_encoder_ensemble,5,128,122.0,27.467031478881836
ims,2,frozen_encoder_ensemble,5,129,121.00000762939453,26.720565795898438
ims,2,frozen_encoder_ensemble,5,130,120.0,24.986034393310547
ims,2,frozen_encoder_ensemble,5,131,119.0,26.807680130004883
ims,2,frozen_encoder_ensemble,5,132,118.00000762939453,28.58868408203125
ims,2,frozen_encoder_ensemble,5,133,117.0,28.160995483398438
ims,2,frozen_encoder_ensemble,5,134,116.0,27.215084075927734
ims,2,frozen_encoder_ensemble,5,135,115.0,27.737321853637695
ims,2,frozen_encoder_ensemble,5,136,114.0,27.979976654052734
ims,2,frozen_encoder_ensemble,5,137,113.0,28.580486297607422
ims,2,frozen_encoder_ensemble,5,138,112.0,29.455474853515625
ims,2,frozen_encoder_ensemble,5,139,111.0,28.180763244628906
ims,2,frozen_encoder_ensemble,5,140,110.0,28.591434478759766
ims,2,frozen_encoder_ensemble,5,141,109.0,27.563379287719727
ims,2,frozen_encoder_ensemble,5,142,108.0,27.574050903320312
ims,2,frozen_encoder_ensemble,5,143,107.0,28.90867805480957
ims,2,frozen_encoder_ensemble,5,144,106.0,28.361879348754883
ims,2,frozen_encoder_ensemble,5,145,105.0,28.351163864135742
ims,2,frozen_encoder_ensemble,5,146,104.0,29.112079620361328
ims,2,frozen_encoder_ensemble,5,147,103.0,27.391685485839844
ims,2,frozen_encoder_ensemble,5,148,102.0,27.616374969482422
ims,2,frozen_encoder_ensemble,5,149,101.0,27.349674224853516
ims,2,frozen_encoder_ensemble,5,150,100.0,28.116010665893555
ims,2,frozen_encoder_ensemble,5,151,99.0,28.721986770629883
ims,2,frozen_encoder_ensemble,5,152,98.0,27.873306274414062
ims,2,frozen_encoder_ensemble,5,153,97.0,28.352903366088867
ims,2,frozen_encoder_ensemble,5,154,96.0,27.336761474609375
ims,2,frozen_encoder_ensemble,5,155,95.0,26.758716583251953
ims,2,frozen_encoder_ensemble,5,156,94.0,27.38976287841797
ims,2,frozen_encoder_ensemble,5,157,93.0,27.60434913635254
ims,2,frozen_encoder_ensemble,5,158,92.0,27.82278823852539
ims,2,frozen_encoder_ensemble,5,159,91.0,27.93787384033203
ims,2,frozen_encoder_ensemble,5,160,90.0,27.937803268432617
ims,2,frozen_encoder_ensemble,5,161,89.0,27.69096565246582
ims,2,frozen_encoder_ensemble,5,162,88.0,27.98434066772461
ims,2,frozen_encoder_ensemble,5,163,87.0,26.77511215209961
ims,2,frozen_encoder_ensemble,5,164,86.0,25.960783004760742
ims,2,frozen_encoder_ensemble,5,165,85.0,27.483745574951172
ims,2,frozen_encoder_ensemble,5,166,84.0,26.795013427734375
ims,2,frozen_encoder_ensemble,5,167,83.0,24.848960876464844
ims,2,frozen_encoder_ensemble,5,168,82.0,22.441829681396484
ims,2,frozen_encoder_ensemble,5,169,81.0,24.445180892944336
ims,2,frozen_encoder_ensemble,5,170,80.0,23.619564056396484
ims,2,frozen_encoder_ensemble,5,171,79.0,23.774150848388672
ims,2,frozen_encoder_ensemble,5,172,78.0,24.67487335205078
ims,2,frozen_encoder_ensemble,5,173,77.0,25.71626091003418
ims,2,frozen_encoder_ensemble,5,174,76.0,25.697608947753906
ims,2,frozen_encoder_ensemble,5,175,75.0,24.63986587524414
ims,2,frozen_encoder_ensemble,5,176,74.0,24.233440399169922
ims,2,frozen_encoder_ensemble,5,177,73.0,24.32847023010254
ims,2,frozen_encoder_ensemble,5,178,72.0,23.122529983520508
ims,2,frozen_encoder_ensemble,5,179,71.0,23.70298957824707
ims,2,frozen_encoder_ensemble,5,180,70.0,23.550092697143555
ims,2,frozen_encoder_ensemble,5,181,69.0,23.167583465576172
ims,2,frozen_encoder_ensemble,5,182,68.0,22.378244400024414
ims,2,frozen_encoder_ensemble,5,183,67.0,22.141843795776367
ims,2,frozen_encoder_ensemble,5,184,66.0,22.746625900268555
ims,2,frozen_encoder_ensemble,5,185,65.0,22.380207061767578
ims,2,frozen_encoder_ensemble,5,186,64.0,20.975627899169922
ims,2,frozen_encoder_ensemble,5,187,63.0,20.950347900390625
ims,2,frozen_encoder_ensemble,5,188,62.000003814697266,20.98552703857422
ims,2,frozen_encoder_ensemble,5,189,61.0,19.715044021606445
ims,2,frozen_encoder_ensemble,5,190,60.0,20.598905563354492
ims,2,frozen_encoder_ensemble,5,191,59.000003814697266,19.271535873413086
ims,2,frozen_encoder_ensemble,5,192,58.0,19.165935516357422
ims,2,frozen_encoder_ensemble,5,193,57.0,19.27731704711914
ims,2,frozen_encoder_ensemble,5,194,56.0,18.303707122802734
ims,2,frozen_encoder_ensemble,5,195,55.0,18.082721710205078
ims,2,frozen_encoder_ensemble,5,196,54.0,16.7818603515625
ims,2,frozen_encoder_ensemble,5,197,53.0,17.501203536987305
ims,2,frozen_encoder_ensemble,5,198,52.0,17.02695655822754
ims,2,frozen_encoder_ensemble,5,199,51.0,16.351152420043945
ims,2,frozen_encoder_ensemble,5,200,50.0,15.54839038848877
ims,2,frozen_encoder_ensemble,5,201,49.0,16.041200637817383
ims,2,frozen_encoder_ensemble,5,202,48.0,15.172440528869629
ims,2,frozen_encoder_ensemble,5,203,47.0,14.974342346191406
ims,2,frozen_encoder_ensemble,5,204,46.0,15.395471572875977
ims,2,frozen_encoder_ensemble,5,205,45.0,14.232851028442383
ims,2,frozen_encoder_ensemble,5,206,44.0,14.070735931396484
ims,2,frozen_encoder_ensemble,5,207,43.0,13.48886489868164
ims,2,frozen_encoder_ensemble,5,208,42.0,12.403804779052734
ims,2,frozen_encoder_ensemble,5,209,41.0,12.613142013549805
ims,2,frozen_encoder_ensemble,5,210,40.0,12.381158828735352
ims,2,frozen_encoder_ensemble,5,211,39.0,12.997364044189453
ims,2,frozen_encoder_ensemble,5,212,38.0,11.836163520812988
ims,2,frozen_encoder_ensemble,5,213,37.0,11.510201454162598
ims,2,frozen_encoder_ensemble,5,214,36.0,11.254793167114258
ims,2,frozen_encoder_ensemble,5,215,35.0,11.195533752441406
ims,2,frozen_encoder_ensemble,5,216,34.0,11.203103065490723
ims,2,frozen_encoder_ensemble,5,217,33.0,10.787238121032715
ims,2,frozen_encoder_ensemble,5,218,32.0,11.160188674926758
ims,2,frozen_encoder_ensemble,5,219,31.000001907348633,9.635017395019531
ims,2,frozen_encoder_ensemble,5,220,30.0,9.737236976623535
ims,2,frozen_encoder_ensemble,5,221,29.0,9.808136940002441
ims,2,frozen_encoder_ensemble,5,222,28.0,9.511354446411133
ims,2,frozen_encoder_ensemble,5,223,27.0,9.794809341430664
ims,2,frozen_encoder_ensemble,5,224,26.0,10.264959335327148
ims,2,frozen_encoder_ensemble,5,225,25.0,9.657180786132812
ims,2,frozen_encoder_ensemble,5,226,24.0,9.984781265258789
ims,2,frozen_encoder_ensemble,5,227,23.0,9.242464065551758
ims,2,frozen_encoder_ensemble,5,228,22.0,9.160857200622559
ims,2,frozen_encoder_ensemble,5,229,21.0,10.150398254394531
ims,2,frozen_encoder_ensemble,5,230,20.0,9.885065078735352
ims,2,frozen_encoder_ensemble,5,231,19.0,9.430964469909668
ims,2,frozen_encoder_ensemble,5,232,18.0,9.365965843200684
ims,2,frozen_encoder_ensemble,5,233,17.0,9.539936065673828
ims,2,frozen_encoder_ensemble,5,234,16.0,9.837635040283203
ims,2,frozen_encoder_ensemble,5,235,15.0,9.434268951416016
ims,2,frozen_encoder_ensemble,5,236,14.0,9.276500701904297
ims,2,frozen_encoder_ensemble,5,237,13.0,9.349385261535645
ims,2,frozen_encoder_ensemble,5,238,12.0,9.69832992553711
ims,2,frozen_encoder_ensemble,5,239,11.0,9.444607734680176
ims,2,frozen_encoder_ensemble,5,240,10.0,9.685932159423828
ims,2,frozen_encoder_ensemble,5,241,9.0,9.668378829956055
ims,2,frozen_encoder_ensemble,5,242,8.0,9.86935043334961
ims,2,frozen_encoder_ensemble,5,243,7.0,9.52206802368164
ims,2,frozen_encoder_ensemble,5,244,6.0,9.631969451904297
ims,2,frozen_encoder_ensemble,5,245,5.0,9.958993911743164
ims,2,frozen_encoder_ensemble,5,246,4.0,10.291027069091797
ims,2,frozen_encoder_ensemble,5,247,3.0,10.39773178100586
ims,2,frozen_encoder_ensemble,5,248,2.0,10.341849327087402
ims,2,frozen_encoder_ensemble,5,249,1.0,10.405135154724121
ims,2,frozen_encoder_ensemble,5,250,0.0,10.428960800170898
ims,2,frozen_encoder_ensemble,5,251,0.0,10.6290283203125
ims,2,frozen_encoder_ensemble,5,252,0.0,10.787063598632812
ims,2,frozen_encoder_ensemble,5,253,0.0,10.58765697479248
ims,2,frozen_encoder_ensemble,5,254,0.0,10.607100486755371
ims,2,frozen_encoder_ensemble,5,255,0.0,10.296852111816406
ims,2,frozen_encoder_ensemble,5,256,0.0,10.714709281921387
ims,2,frozen_encoder_ensemble,5,257,0.0,10.244874000549316
ims,2,frozen_encoder_ensemble,5,258,0.0,10.59850025177002
ims,2,frozen_encoder_ensemble,5,259,0.0,10.528094291687012
ims,2,frozen_encoder_ensemble,5,260,0.0,10.628358840942383
ims,2,frozen_encoder_ensemble,5,261,0.0,10.672188758850098
ims,2,frozen_encoder_ensemble,5,262,0.0,10.860313415527344
ims,2,frozen_encoder_ensemble,5,263,0.0,10.941582679748535
ims,2,frozen_encoder_ensemble,5,264,0.0,11.187814712524414
ims,2,frozen_encoder_ensemble,5,265,0.0,11.026951789855957
ims,2,frozen_encoder_ensemble,5,266,0.0,10.904939651489258
ims,2,frozen_encoder_ensemble,5,267,0.0,11.483308792114258
ims,2,frozen_encoder_ensemble,5,268,0.0,11.088560104370117
ims,2,frozen_encoder_ensemble,5,269,0.0,11.27857780456543
ims,2,frozen_encoder_ensemble,5,270,0.0,11.209051132202148
ims,2,frozen_encoder_ensemble,5,271,0.0,11.423186302185059
ims,2,frozen_encoder_ensemble,5,272,0.0,11.418298721313477
ims,2,frozen_encoder_ensemble,5,273,0.0,11.702350616455078
ims,2,frozen_encoder_ensemble,5,274,0.0,11.784673690795898
ims,2,frozen_encoder_ensemble,5,275,0.0,11.778879165649414
ims,2,frozen_encoder_ensemble,5,276,0.0,11.801694869995117
ims,2,frozen_encoder_ensemble,5,277,0.0,11.88965892791748
ims,2,frozen_encoder_ensemble,5,278,0.0,12.083442687988281
ims,2,frozen_encoder_ensemble,5,279,0.0,12.144769668579102
ims,2,frozen_encoder_ensemble,5,280,0.0,12.218029975891113
ims,2,frozen_encoder_ensemble,5,281,0.0,12.479328155517578
ims,2,frozen_encoder_ensemble,5,282,0.0,12.616840362548828
ims,2,frozen_encoder_ensemble,5,283,0.0,12.557361602783203
ims,2,frozen_encoder_ensemble,5,284,0.0,12.522466659545898
ims,2,frozen_encoder_ensemble,5,285,0.0,12.844661712646484
ims,2,frozen_encoder_ensemble,5,286,0.0,12.855897903442383
ims,2,frozen_encoder_ensemble,5,287,0.0,13.065632820129395
ims,2,frozen_encoder_ensemble,5,288,0.0,13.0734224319458
ims,2,frozen_encoder_ensemble,5,289,0.0,12.919623374938965
ims,2,frozen_encoder_ensemble,5,290,0.0,12.923553466796875
ims,2,frozen_encoder_ensemble,5,291,0.0,13.101563453674316
ims,2,frozen_encoder_ensemble,5,292,0.0,13.14914321899414
ims,2,frozen_encoder_ensemble,5,293,0.0,13.170120239257812
ims,2,frozen_encoder_ensemble,5,294,0.0,13.41159439086914
ims,2,frozen_encoder_ensemble,5,295,0.0,13.278767585754395
ims,2,frozen_encoder_ensemble,5,296,0.0,13.279973030090332
ims,2,frozen_encoder_ensemble,5,297,0.0,13.299745559692383
ims,2,frozen_encoder_ensemble,5,298,0.0,13.30807113647461
ims,2,frozen_encoder_ensemble,5,299,0.0,13.561230659484863
ims,2,scratch_ensemble,5,19,231.0,51.28192138671875
ims,2,scratch_ensemble,5,20,230.0,51.84087371826172
ims,2,scratch_ensemble,5,21,229.0,52.07286071777344
ims,2,scratch_ensemble,5,22,228.0,51.776817321777344
ims,2,scratch_ensemble,5,23,227.0,51.530487060546875
ims,2,scratch_ensemble,5,24,226.0,51.068424224853516
ims,2,scratch_ensemble,5,25,225.0,51.24612808227539
ims,2,scratch_ensemble,5,26,224.0,51.301513671875
ims,2,scratch_ensemble,5,27,223.0,51.65889358520508
ims,2,scratch_ensemble,5,28,222.0,51.962337493896484
ims,2,scratch_ensemble,5,29,221.0,51.790931701660156
ims,2,scratch_ensemble,5,30,220.0,51.515602111816406
ims,2,scratch_ensemble,5,31,219.0,51.65596008300781
ims,2,scratch_ensemble,5,32,218.0,51.56481170654297
ims,2,scratch_ensemble,5,33,217.0,52.110328674316406
ims,2,scratch_ensemble,5,34,216.0,52.47893524169922
ims,2,scratch_ensemble,5,35,215.0,52.6768684387207
ims,2,scratch_ensemble,5,36,214.0,52.6241455078125
ims,2,scratch_ensemble,5,37,213.0,52.116004943847656
ims,2,scratch_ensemble,5,38,212.0,52.11155700683594
ims,2,scratch_ensemble,5,39,211.0,52.032264709472656
ims,2,scratch_ensemble,5,40,210.0,52.14131164550781
ims,2,scratch_ensemble,5,41,209.0,51.968597412109375
ims,2,scratch_ensemble,5,42,208.0,52.069698333740234
ims,2,scratch_ensemble,5,43,207.0,52.295310974121094
ims,2,scratch_ensemble,5,44,206.0,52.54533767700195
ims,2,scratch_ensemble,5,45,205.0,52.521385192871094
ims,2,scratch_ensemble,5,46,204.0,52.79013442993164
ims,2,scratch_ensemble,5,47,203.0,52.50537109375
ims,2,scratch_ensemble,5,48,202.0,52.80712127685547
ims,2,scratch_ensemble,5,49,201.0,52.89836120605469
ims,2,scratch_ensemble,5,50,200.0,52.670623779296875
ims,2,scratch_ensemble,5,51,199.0,52.40571594238281
ims,2,scratch_ensemble,5,52,198.0,53.0546875
ims,2,scratch_ensemble,5,53,197.0,53.033817291259766
ims,2,scratch_ensemble,5,54,196.0,53.13224411010742
ims,2,scratch_ensemble,5,55,195.0,52.847747802734375
ims,2,scratch_ensemble,5,56,194.0,53.093467712402344
ims,2,scratch_ensemble,5,57,193.0,53.112205505371094
ims,2,scratch_ensemble,5,58,192.0,53.46316146850586
ims,2,scratch_ensemble,5,59,191.0,53.38309860229492
ims,2,scratch_ensemble,5,60,190.0,53.15692138671875
ims,2,scratch_ensemble,5,61,189.0,52.477962493896484
ims,2,scratch_ensemble,5,62,188.0,52.72208786010742
ims,2,scratch_ensemble,5,63,187.0,52.450477600097656
ims,2,scratch_ensemble,5,64,186.0,52.64837646484375
ims,2,scratch_ensemble,5,65,185.0,52.78063201904297
ims,2,scratch_ensemble,5,66,184.0,52.55941390991211
ims,2,scratch_ensemble,5,67,183.0,52.405860900878906
ims,2,scratch_ensemble,5,68,182.0,51.9859733581543
ims,2,scratch_ensemble,5,69,181.0,52.53814697265625
ims,2,scratch_ensemble,5,70,180.0,53.1170654296875
ims,2,scratch_ensemble,5,71,179.0,52.872154235839844
ims,2,scratch_ensemble,5,72,178.0,53.40435791015625
ims,2,scratch_ensemble,5,73,177.0,53.67813491821289
ims,2,scratch_ensemble,5,74,176.0,53.37059783935547
ims,2,scratch_ensemble,5,75,175.0,53.40415954589844
ims,2,scratch_ensemble,5,76,174.0,53.017642974853516
ims,2,scratch_ensemble,5,77,173.0,53.40650177001953
ims,2,scratch_ensemble,5,78,172.0,52.91200637817383
ims,2,scratch_ensemble,5,79,171.0,52.99561309814453
ims,2,scratch_ensemble,5,80,170.0,53.15578842163086
ims,2,scratch_ensemble,5,81,169.0,53.336971282958984
ims,2,scratch_ensemble,5,82,168.0,53.199188232421875
ims,2,scratch_ensemble,5,83,167.0,53.83941650390625
ims,2,scratch_ensemble,5,84,166.0,53.652076721191406
ims,2,scratch_ensemble,5,85,165.0,53.4693603515625
ims,2,scratch_ensemble,5,86,164.0,53.565040588378906
ims,2,scratch_ensemble,5,87,163.0,53.62715530395508
ims,2,scratch_ensemble,5,88,162.0,53.44828796386719
ims,2,scratch_ensemble,5,89,161.0,52.999488830566406
ims,2,scratch_ensemble,5,90,160.0,53.09665298461914
ims,2,scratch_ensemble,5,91,159.0,53.03433609008789
ims,2,scratch_ensemble,5,92,158.0,53.89520263671875
ims,2,scratch_ensemble,5,93,157.0,53.85490417480469
ims,2,scratch_ensemble,5,94,156.0,53.698326110839844
ims,2,scratch_ensemble,5,95,155.0,53.875038146972656
ims,2,scratch_ensemble,5,96,154.0,54.37542724609375
ims,2,scratch_ensemble,5,97,153.0,54.191566467285156
ims,2,scratch_ensemble,5,98,152.0,54.236351013183594
ims,2,scratch_ensemble,5,99,151.0,53.49717330932617
ims,2,scratch_ensemble,5,100,150.0,53.20796203613281
ims,2,scratch_ensemble,5,101,149.0,53.78114318847656
ims,2,scratch_ensemble,5,102,148.0,53.54664611816406
ims,2,scratch_ensemble,5,103,147.0,53.509765625
ims,2,scratch_ensemble,5,104,146.0,53.81829833984375
ims,2,scratch_ensemble,5,105,145.0,54.646766662597656
ims,2,scratch_ensemble,5,106,144.0,54.277587890625
ims,2,scratch_ensemble,5,107,143.0,54.87097930908203
ims,2,scratch_ensemble,5,108,142.0,55.60572814941406
ims,2,scratch_ensemble,5,109,141.0,55.6427001953125
ims,2,scratch_ensemble,5,110,140.0,55.63323974609375
ims,2,scratch_ensemble,5,111,139.0,55.05784606933594
ims,2,scratch_ensemble,5,112,138.0,54.502986907958984
ims,2,scratch_ensemble,5,113,137.0,54.88829803466797
ims,2,scratch_ensemble,5,114,136.0,55.868438720703125
ims,2,scratch_ensemble,5,115,135.0,55.41500473022461
ims,2,scratch_ensemble,5,116,134.0,54.452335357666016
ims,2,scratch_ensemble,5,117,133.0,54.89704895019531
ims,2,scratch_ensemble,5,118,132.0,54.646820068359375
ims,2,scratch_ensemble,5,119,131.0,55.30120086669922
ims,2,scratch_ensemble,5,120,130.0,55.47454833984375
ims,2,scratch_ensemble,5,121,129.0,55.268699645996094
ims,2,scratch_ensemble,5,122,128.0,55.333587646484375
ims,2,scratch_ensemble,5,123,127.00000762939453,55.53578186035156
ims,2,scratch_ensemble,5,124,126.0,55.568233489990234
ims,2,scratch_ensemble,5,125,125.0,56.01332092285156
ims,2,scratch_ensemble,5,126,124.00000762939453,55.95314407348633
ims,2,scratch_ensemble,5,127,123.0,55.39710998535156
ims,2,scratch_ensemble,5,128,122.0,55.896629333496094
ims,2,scratch_ensemble,5,129,121.00000762939453,55.73299026489258
ims,2,scratch_ensemble,5,130,120.0,54.56251525878906
ims,2,scratch_ensemble,5,131,119.0,55.14299392700195
ims,2,scratch_ensemble,5,132,118.00000762939453,55.79749298095703
ims,2,scratch_ensemble,5,133,117.0,55.931983947753906
ims,2,scratch_ensemble,5,134,116.0,55.529136657714844
ims,2,scratch_ensemble,5,135,115.0,55.683349609375
ims,2,scratch_ensemble,5,136,114.0,55.78666305541992
ims,2,scratch_ensemble,5,137,113.0,55.87089538574219
ims,2,scratch_ensemble,5,138,112.0,55.98980712890625
ims,2,scratch_ensemble,5,139,111.0,55.84918975830078
ims,2,scratch_ensemble,5,140,110.0,55.58238220214844
ims,2,scratch_ensemble,5,141,109.0,55.32207489013672
ims,2,scratch_ensemble,5,142,108.0,55.25592803955078
ims,2,scratch_ensemble,5,143,107.0,54.936893463134766
ims,2,scratch_ensemble,5,144,106.0,54.89424133300781
ims,2,scratch_ensemble,5,145,105.0,54.913970947265625
ims,2,scratch_ensemble,5,146,104.0,55.12791442871094
ims,2,scratch_ensemble,5,147,103.0,54.60015869140625
ims,2,scratch_ensemble,5,148,102.0,54.43535614013672
ims,2,scratch_ensemble,5,149,101.0,54.22105407714844
ims,2,scratch_ensemble,5,150,100.0,54.285884857177734
ims,2,scratch_ensemble,5,151,99.0,54.415061950683594
ims,2,scratch_ensemble,5,152,98.0,53.97028350830078
ims,2,scratch_ensemble,5,153,97.0,53.89799499511719
ims,2,scratch_ensemble,5,154,96.0,52.921844482421875
ims,2,scratch_ensemble,5,155,95.0,52.31657028198242
ims,2,scratch_ensemble,5,156,94.0,52.220542907714844
ims,2,scratch_ensemble,5,157,93.0,52.19956970214844
ims,2,scratch_ensemble,5,158,92.0,52.112640380859375
ims,2,scratch_ensemble,5,159,91.0,52.043304443359375
ims,2,scratch_ensemble,5,160,90.0,52.06663513183594
ims,2,scratch_ensemble,5,161,89.0,51.68549346923828
ims,2,scratch_ensemble,5,162,88.0,51.656150817871094
ims,2,scratch_ensemble,5,163,87.0,50.93608093261719
ims,2,scratch_ensemble,5,164,86.0,50.27861022949219
ims,2,scratch_ensemble,5,165,85.0,50.498233795166016
ims,2,scratch_ensemble,5,166,84.0,50.4581184387207
ims,2,scratch_ensemble,5,167,83.0,49.0576171875
ims,2,scratch_ensemble,5,168,82.0,46.85120391845703
ims,2,scratch_ensemble,5,169,81.0,46.95928955078125
ims,2,scratch_ensemble,5,170,80.0,46.196102142333984
ims,2,scratch_ensemble,5,171,79.0,46.052154541015625
ims,2,scratch_ensemble,5,172,78.0,46.23782730102539
ims,2,scratch_ensemble,5,173,77.0,46.4309196472168
ims,2,scratch_ensemble,5,174,76.0,46.49339294433594
ims,2,scratch_ensemble,5,175,75.0,45.96356964111328
ims,2,scratch_ensemble,5,176,74.0,45.68876266479492
ims,2,scratch_ensemble,5,177,73.0,45.564674377441406
ims,2,scratch_ensemble,5,178,72.0,44.64825439453125
ims,2,scratch_ensemble,5,179,71.0,44.43622970581055
ims,2,scratch_ensemble,5,180,70.0,44.35619354248047
ims,2,scratch_ensemble,5,181,69.0,43.81011962890625
ims,2,scratch_ensemble,5,182,68.0,42.971771240234375
ims,2,scratch_ensemble,5,183,67.0,42.31413269042969
ims,2,scratch_ensemble,5,184,66.0,42.09813690185547
ims,2,scratch_ensemble,5,185,65.0,41.79019546508789
ims,2,scratch_ensemble,5,186,64.0,40.602874755859375
ims,2,scratch_ensemble,5,187,63.0,39.972408294677734
ims,2,scratch_ensemble,5,188,62.000003814697266,39.396812438964844
ims,2,scratch_ensemble,5,189,61.0,38.27288818359375
ims,2,scratch_ensemble,5,190,60.0,38.14777755737305
ims,2,scratch_ensemble,5,191,59.000003814697266,37.124755859375
ims,2,scratch_ensemble,5,192,58.0,36.42396545410156
ims,2,scratch_ensemble,5,193,57.0,36.010047912597656
ims,2,scratch_ensemble,5,194,56.0,35.107948303222656
ims,2,scratch_ensemble,5,195,55.0,34.517791748046875
ims,2,scratch_ensemble,5,196,54.0,33.481285095214844
ims,2,scratch_ensemble,5,197,53.0,33.14750671386719
ims,2,scratch_ensemble,5,198,52.0,32.54640579223633
ims,2,scratch_ensemble,5,199,51.0,31.74315643310547
ims,2,scratch_ensemble,5,200,50.0,30.72364616394043
ims,2,scratch_ensemble,5,201,49.0,30.048187255859375
ims,2,scratch_ensemble,5,202,48.0,29.164609909057617
ims,2,scratch_ensemble,5,203,47.0,28.646087646484375
ims,2,scratch_ensemble,5,204,46.0,28.162269592285156
ims,2,scratch_ensemble,5,205,45.0,27.287067413330078
ims,2,scratch_ensemble,5,206,44.0,26.25868797302246
ims,2,scratch_ensemble,5,207,43.0,25.82821273803711
ims,2,scratch_ensemble,5,208,42.0,24.983797073364258
ims,2,scratch_ensemble,5,209,41.0,24.360591888427734
ims,2,scratch_ensemble,5,210,40.0,23.76799201965332
ims,2,scratch_ensemble,5,211,39.0,23.613624572753906
ims,2,scratch_ensemble,5,212,38.0,22.656436920166016
ims,2,scratch_ensemble,5,213,37.0,21.980674743652344
ims,2,scratch_ensemble,5,214,36.0,21.395950317382812
ims,2,scratch_ensemble,5,215,35.0,21.050662994384766
ims,2,scratch_ensemble,5,216,34.0,20.735891342163086
ims,2,scratch_ensemble,5,217,33.0,19.90313720703125
ims,2,scratch_ensemble,5,218,32.0,19.46705436706543
ims,2,scratch_ensemble,5,219,31.000001907348633,19.007354736328125
ims,2,scratch_ensemble,5,220,30.0,18.784347534179688
ims,2,scratch_ensemble,5,221,29.0,17.86385154724121
ims,2,scratch_ensemble,5,222,28.0,17.577312469482422
ims,2,scratch_ensemble,5,223,27.0,17.210691452026367
ims,2,scratch_ensemble,5,224,26.0,17.603015899658203
ims,2,scratch_ensemble,5,225,25.0,17.318634033203125
ims,2,scratch_ensemble,5,226,24.0,16.76540184020996
ims,2,scratch_ensemble,5,227,23.0,16.168794631958008
ims,2,scratch_ensemble,5,228,22.0,15.83230972290039
ims,2,scratch_ensemble,5,229,21.0,15.875335693359375
ims,2,scratch_ensemble,5,230,20.0,15.673887252807617
ims,2,scratch_ensemble,5,231,19.0,15.272480010986328
ims,2,scratch_ensemble,5,232,18.0,15.016006469726562
ims,2,scratch_ensemble,5,233,17.0,14.588157653808594
ims,2,scratch_ensemble,5,234,16.0,14.434893608093262
ims,2,scratch_ensemble,5,235,15.0,14.167974472045898
ims,2,scratch_ensemble,5,236,14.0,13.955633163452148
ims,2,scratch_ensemble,5,237,13.0,13.680011749267578
ims,2,scratch_ensemble,5,238,12.0,13.080535888671875
ims,2,scratch_ensemble,5,239,11.0,13.291097640991211
ims,2,scratch_ensemble,5,240,10.0,12.965344429016113
ims,2,scratch_ensemble,5,241,9.0,12.880905151367188
ims,2,scratch_ensemble,5,242,8.0,12.758049964904785
ims,2,scratch_ensemble,5,243,7.0,12.672285079956055
ims,2,scratch_ensemble,5,244,6.0,12.483100891113281
ims,2,scratch_ensemble,5,245,5.0,12.457497596740723
ims,2,scratch_ensemble,5,246,4.0,12.092461585998535
ims,2,scratch_ensemble,5,247,3.0,11.963326454162598
ims,2,scratch_ensemble,5,248,2.0,11.665536880493164
ims,2,scratch_ensemble,5,249,1.0,11.71052360534668
ims,2,scratch_ensemble,5,250,0.0,11.704461097717285
ims,2,scratch_ensemble,5,251,0.0,11.349828720092773
ims,2,scratch_ensemble,5,252,0.0,11.357427597045898
ims,2,scratch_ensemble,5,253,0.0,11.328262329101562
ims,2,scratch_ensemble,5,254,0.0,11.131463050842285
ims,2,scratch_ensemble,5,255,0.0,10.901211738586426
ims,2,scratch_ensemble,5,256,0.0,10.651422500610352
ims,2,scratch_ensemble,5,257,0.0,10.533798217773438
ims,2,scratch_ensemble,5,258,0.0,10.342292785644531
ims,2,scratch_ensemble,5,259,0.0,10.14525032043457
ims,2,scratch_ensemble,5,260,0.0,10.140397071838379
ims,2,scratch_ensemble,5,261,0.0,10.032859802246094
ims,2,scratch_ensemble,5,262,0.0,9.82177734375
ims,2,scratch_ensemble,5,263,0.0,9.99463176727295
ims,2,scratch_ensemble,5,264,0.0,9.797552108764648
ims,2,scratch_ensemble,5,265,0.0,9.74080753326416
ims,2,scratch_ensemble,5,266,0.0,9.756695747375488
ims,2,scratch_ensemble,5,267,0.0,9.752412796020508
ims,2,scratch_ensemble,5,268,0.0,9.663898468017578
ims,2,scratch_ensemble,5,269,0.0,9.501411437988281
ims,2,scratch_ensemble,5,270,0.0,9.449775695800781
ims,2,scratch_ensemble,5,271,0.0,9.30053997039795
ims,2,scratch_ensemble,5,272,0.0,9.37694263458252
ims,2,scratch_ensemble,5,273,0.0,9.383199691772461
ims,2,scratch_ensemble,5,274,0.0,9.373054504394531
ims,2,scratch_ensemble,5,275,0.0,9.351363182067871
ims,2,scratch_ensemble,5,276,0.0,9.358745574951172
ims,2,scratch_ensemble,5,277,0.0,9.421653747558594
ims,2,scratch_ensemble,5,278,0.0,9.391583442687988
ims,2,scratch_ensemble,5,279,0.0,9.437446594238281
ims,2,scratch_ensemble,5,280,0.0,9.476335525512695
ims,2,scratch_ensemble,5,281,0.0,9.551109313964844
ims,2,scratch_ensemble,5,282,0.0,9.664207458496094
ims,2,scratch_ensemble,5,283,0.0,9.825504302978516
ims,2,scratch_ensemble,5,284,0.0,9.961347579956055
ims,2,scratch_ensemble,5,285,0.0,10.102663040161133
ims,2,scratch_ensemble,5,286,0.0,10.241951942443848
ims,2,scratch_ensemble,5,287,0.0,10.36075210571289
ims,2,scratch_ensemble,5,288,0.0,10.595552444458008
ims,2,scratch_ensemble,5,289,0.0,10.866496086120605
ims,2,scratch_ensemble,5,290,0.0,11.071117401123047
ims,2,scratch_ensemble,5,291,0.0,11.362235069274902
ims,2,scratch_ensemble,5,292,0.0,11.61478042602539
ims,2,scratch_ensemble,5,293,0.0,11.916357040405273
ims,2,scratch_ensemble,5,294,0.0,12.240443229675293
ims,2,scratch_ensemble,5,295,0.0,12.551260948181152
ims,2,scratch_ensemble,5,296,0.0,12.824417114257812
ims,2,scratch_ensemble,5,297,0.0,13.084527015686035
ims,2,scratch_ensemble,5,298,0.0,13.343198776245117
ims,2,scratch_ensemble,5,299,0.0,13.594810485839844
ims,2,ridge_ensemble,5,19,231.0,248.4330596923828
ims,2,ridge_ensemble,5,20,230.0,247.29409790039062
ims,2,ridge_ensemble,5,21,229.0,246.28634643554688
ims,2,ridge_ensemble,5,22,228.0,245.3134765625
ims,2,ridge_ensemble,5,23,227.0,244.0780487060547
ims,2,ridge_ensemble,5,24,226.0,243.01161193847656
ims,2,ridge_ensemble,5,25,225.0,241.8900909423828
ims,2,ridge_ensemble,5,26,224.0,240.86085510253906
ims,2,ridge_ensemble,5,27,223.0,239.77679443359375
ims,2,ridge_ensemble,5,28,222.0,238.69862365722656
ims,2,ridge_ensemble,5,29,221.0,237.5498504638672
ims,2,ridge_ensemble,5,30,220.0,236.43580627441406
ims,2,ridge_ensemble,5,31,219.0,235.4617156982422
ims,2,ridge_ensemble,5,32,218.0,234.3867950439453
ims,2,ridge_ensemble,5,33,217.0,233.32725524902344
ims,2,ridge_ensemble,5,34,216.0,232.2930145263672
ims,2,ridge_ensemble,5,35,215.0,231.0382843017578
ims,2,ridge_ensemble,5,36,214.0,230.01702880859375
ims,2,ridge_ensemble,5,37,213.0,228.9562225341797
ims,2,ridge_ensemble,5,38,212.0,227.9229736328125
ims,2,ridge_ensemble,5,39,211.0,226.63876342773438
ims,2,ridge_ensemble,5,40,210.0,225.7232666015625
ims,2,ridge_ensemble,5,41,209.0,224.655029296875
ims,2,ridge_ensemble,5,42,208.0,223.486572265625
ims,2,ridge_ensemble,5,43,207.0,222.37905883789062
ims,2,ridge_ensemble,5,44,206.0,221.39761352539062
ims,2,ridge_ensemble,5,45,205.0,220.16043090820312
ims,2,ridge_ensemble,5,46,204.0,219.06700134277344
ims,2,ridge_ensemble,5,47,203.0,218.09654235839844
ims,2,ridge_ensemble,5,48,202.0,216.92942810058594
ims,2,ridge_ensemble,5,49,201.0,215.9314727783203
ims,2,ridge_ensemble,5,50,200.0,214.81976318359375
ims,2,ridge_ensemble,5,51,199.0,213.78028869628906
ims,2,ridge_ensemble,5,52,198.0,212.63949584960938
ims,2,ridge_ensemble,5,53,197.0,211.6297149658203
ims,2,ridge_ensemble,5,54,196.0,210.60462951660156
ims,2,ridge_ensemble,5,55,195.0,209.36070251464844
ims,2,ridge_ensemble,5,56,194.0,208.31036376953125
ims,2,ridge_ensemble,5,57,193.0,207.2026824951172
ims,2,ridge_ensemble,5,58,192.0,206.16285705566406
ims,2,ridge_ensemble,5,59,191.0,205.03648376464844
ims,2,ridge_ensemble,5,60,190.0,204.1724853515625
ims,2,ridge_ensemble,5,61,189.0,202.99598693847656
ims,2,ridge_ensemble,5,62,188.0,202.07296752929688
ims,2,ridge_ensemble,5,63,187.0,200.810302734375
ims,2,ridge_ensemble,5,64,186.0,199.76275634765625
ims,2,ridge_ensemble,5,65,185.0,198.55271911621094
ims,2,ridge_ensemble,5,66,184.0,197.48153686523438
ims,2,ridge_ensemble,5,67,183.0,196.37240600585938
ims,2,ridge_ensemble,5,68,182.0,195.5206756591797
ims,2,ridge_ensemble,5,69,181.0,194.24188232421875
ims,2,ridge_ensemble,5,70,180.0,193.2972869873047
ims,2,ridge_ensemble,5,71,179.0,192.1536865234375
ims,2,ridge_ensemble,5,72,178.0,191.10711669921875
ims,2,ridge_ensemble,5,73,177.0,190.1165313720703
ims,2,ridge_ensemble,5,74,176.0,188.98472595214844
ims,2,ridge_ensemble,5,75,175.0,187.8999481201172
ims,2,ridge_ensemble,5,76,174.0,186.738037109375
ims,2,ridge_ensemble,5,77,173.0,185.58078002929688
ims,2,ridge_ensemble,5,78,172.0,184.4240264892578
ims,2,ridge_ensemble,5,79,171.0,183.39976501464844
ims,2,ridge_ensemble,5,80,170.0,182.47467041015625
ims,2,ridge_ensemble,5,81,169.0,181.30230712890625
ims,2,ridge_ensemble,5,82,168.0,180.2696075439453
ims,2,ridge_ensemble,5,83,167.0,179.05300903320312
ims,2,ridge_ensemble,5,84,166.0,178.0265350341797
ims,2,ridge_ensemble,5,85,165.0,177.03794860839844
ims,2,ridge_ensemble,5,86,164.0,175.74119567871094
ims,2,ridge_ensemble,5,87,163.0,174.71246337890625
ims,2,ridge_ensemble,5,88,162.0,173.6591796875
ims,2,ridge_ensemble,5,89,161.0,172.73370361328125
ims,2,ridge_ensemble,5,90,160.0,171.69198608398438
ims,2,ridge_ensemble,5,91,159.0,170.47300720214844
ims,2,ridge_ensemble,5,92,158.0,169.39193725585938
ims,2,ridge_ensemble,5,93,157.0,168.27281188964844
ims,2,ridge_ensemble,5,94,156.0,167.185546875
ims,2,ridge_ensemble,5,95,155.0,166.07513427734375
ims,2,ridge_ensemble,5,96,154.0,165.01319885253906
ims,2,ridge_ensemble,5,97,153.0,163.93186950683594
ims,2,ridge_ensemble,5,98,152.0,162.87147521972656
ims,2,ridge_ensemble,5,99,151.0,161.8385772705078
ims,2,ridge_ensemble,5,100,150.0,160.66432189941406
ims,2,ridge_ensemble,5,101,149.0,159.5171661376953
ims,2,ridge_ensemble,5,102,148.0,158.48472595214844
ims,2,ridge_ensemble,5,103,147.0,157.45851135253906
ims,2,ridge_ensemble,5,104,146.0,156.4108428955078
ims,2,ridge_ensemble,5,105,145.0,155.26043701171875
ims,2,ridge_ensemble,5,106,144.0,154.2718505859375
ims,2,ridge_ensemble,5,107,143.0,152.9961395263672
ims,2,ridge_ensemble,5,108,142.0,152.03648376464844
ims,2,ridge_ensemble,5,109,141.0,150.9326629638672
ims,2,ridge_ensemble,5,110,140.0,149.9819793701172
ims,2,ridge_ensemble,5,111,139.0,148.72567749023438
ims,2,ridge_ensemble,5,112,138.0,147.7654266357422
ims,2,ridge_ensemble,5,113,137.0,146.61599731445312
ims,2,ridge_ensemble,5,114,136.0,145.62835693359375
ims,2,ridge_ensemble,5,115,135.0,144.4102325439453
ims,2,ridge_ensemble,5,116,134.0,143.3585205078125
ims,2,ridge_ensemble,5,117,133.0,142.25454711914062
ims,2,ridge_ensemble,5,118,132.0,141.13063049316406
ims,2,ridge_ensemble,5,119,131.0,140.0065460205078
ims,2,ridge_ensemble,5,120,130.0,139.03799438476562
ims,2,ridge_ensemble,5,121,129.0,137.90892028808594
ims,2,ridge_ensemble,5,122,128.0,136.91969299316406
ims,2,ridge_ensemble,5,123,127.00000762939453,135.7589569091797
ims,2,ridge_ensemble,5,124,126.0,134.6819610595703
ims,2,ridge_ensemble,5,125,125.0,133.60107421875
ims,2,ridge_ensemble,5,126,124.00000762939453,132.44647216796875
ims,2,ridge_ensemble,5,127,123.0,131.39512634277344
ims,2,ridge_ensemble,5,128,122.0,130.45008850097656
ims,2,ridge_ensemble,5,129,121.00000762939453,129.18817138671875
ims,2,ridge_ensemble,5,130,120.0,128.19175720214844
ims,2,ridge_ensemble,5,131,119.0,126.98297119140625
ims,2,ridge_ensemble,5,132,118.00000762939453,125.93929290771484
ims,2,ridge_ensemble,5,133,117.0,124.81554412841797
ims,2,ridge_ensemble,5,134,116.0,123.82044219970703
ims,2,ridge_ensemble,5,135,115.0,122.866943359375
ims,2,ridge_ensemble,5,136,114.0,121.6623764038086
ims,2,ridge_ensemble,5,137,113.0,120.3934097290039
ims,2,ridge_ensemble,5,138,112.0,119.46842956542969
ims,2,ridge_ensemble,5,139,111.0,118.37992858886719
ims,2,ridge_ensemble,5,140,110.0,117.17803955078125
ims,2,ridge_ensemble,5,141,109.0,116.1467514038086
ims,2,ridge_ensemble,5,142,108.0,115.10147857666016
ims,2,ridge_ensemble,5,143,107.0,113.93870544433594
ims,2,ridge_ensemble,5,144,106.0,112.88119506835938
ims,2,ridge_ensemble,5,145,105.0,111.87001037597656
ims,2,ridge_ensemble,5,146,104.0,110.6443862915039
ims,2,ridge_ensemble,5,147,103.0,109.75830078125
ims,2,ridge_ensemble,5,148,102.0,108.53701782226562
ims,2,ridge_ensemble,5,149,101.0,107.4838638305664
ims,2,ridge_ensemble,5,150,100.0,106.3485107421875
ims,2,ridge_ensemble,5,151,99.0,105.26909637451172
ims,2,ridge_ensemble,5,152,98.0,104.2840805053711
ims,2,ridge_ensemble,5,153,97.0,103.185791015625
ims,2,ridge_ensemble,5,154,96.0,101.91981506347656
ims,2,ridge_ensemble,5,155,95.0,100.96392059326172
ims,2,ridge_ensemble,5,156,94.0,99.79790496826172
ims,2,ridge_ensemble,5,157,93.0,98.73772430419922
ims,2,ridge_ensemble,5,158,92.0,97.79319763183594
ims,2,ridge_ensemble,5,159,91.0,96.55351257324219
ims,2,ridge_ensemble,5,160,90.0,95.50791931152344
ims,2,ridge_ensemble,5,161,89.0,94.39277648925781
ims,2,ridge_ensemble,5,162,88.0,93.24063873291016
ims,2,ridge_ensemble,5,163,87.0,92.23998260498047
ims,2,ridge_ensemble,5,164,86.0,91.13844299316406
ims,2,ridge_ensemble,5,165,85.0,90.13681030273438
ims,2,ridge_ensemble,5,166,84.0,89.07845306396484
ims,2,ridge_ensemble,5,167,83.0,87.92570495605469
ims,2,ridge_ensemble,5,168,82.0,86.75746154785156
ims,2,ridge_ensemble,5,169,81.0,85.82173156738281
ims,2,ridge_ensemble,5,170,80.0,84.64376068115234
ims,2,ridge_ensemble,5,171,79.0,83.58148956298828
ims,2,ridge_ensemble,5,172,78.0,82.45592498779297
ims,2,ridge_ensemble,5,173,77.0,81.25599670410156
ims,2,ridge_ensemble,5,174,76.0,80.17134094238281
ims,2,ridge_ensemble,5,175,75.0,79.18379211425781
ims,2,ridge_ensemble,5,176,74.0,78.1107177734375
ims,2,ridge_ensemble,5,177,73.0,77.0682373046875
ims,2,ridge_ensemble,5,178,72.0,75.94365692138672
ims,2,ridge_ensemble,5,179,71.0,74.76909637451172
ims,2,ridge_ensemble,5,180,70.0,73.90231323242188
ims,2,ridge_ensemble,5,181,69.0,72.5010986328125
ims,2,ridge_ensemble,5,182,68.0,71.42127990722656
ims,2,ridge_ensemble,5,183,67.0,70.29309844970703
ims,2,ridge_ensemble,5,184,66.0,69.23196411132812
ims,2,ridge_ensemble,5,185,65.0,68.3414535522461
ims,2,ridge_ensemble,5,186,64.0,67.00684356689453
ims,2,ridge_ensemble,5,187,63.0,66.05859375
ims,2,ridge_ensemble,5,188,62.000003814697266,64.85295867919922
ims,2,ridge_ensemble,5,189,61.0,63.923133850097656
ims,2,ridge_ensemble,5,190,60.0,62.71078872680664
ims,2,ridge_ensemble,5,191,59.000003814697266,61.72825622558594
ims,2,ridge_ensemble,5,192,58.0,60.52708053588867
ims,2,ridge_ensemble,5,193,57.0,59.35841369628906
ims,2,ridge_ensemble,5,194,56.0,58.34899139404297
ims,2,ridge_ensemble,5,195,55.0,57.2235221862793
ims,2,ridge_ensemble,5,196,54.0,56.085731506347656
ims,2,ridge_ensemble,5,197,53.0,55.12815475463867
ims,2,ridge_ensemble,5,198,52.0,53.98031234741211
ims,2,ridge_ensemble,5,199,51.0,52.86479187011719
ims,2,ridge_ensemble,5,200,50.0,51.747798919677734
ims,2,ridge_ensemble,5,201,49.0,50.603511810302734
ims,2,ridge_ensemble,5,202,48.0,49.46611785888672
ims,2,ridge_ensemble,5,203,47.0,48.54728317260742
ims,2,ridge_ensemble,5,204,46.0,47.319854736328125
ims,2,ridge_ensemble,5,205,45.0,46.21768569946289
ims,2,ridge_ensemble,5,206,44.0,45.18406295776367
ims,2,ridge_ensemble,5,207,43.0,44.24028778076172
ims,2,ridge_ensemble,5,208,42.0,43.06389617919922
ims,2,ridge_ensemble,5,209,41.0,42.04555892944336
ims,2,ridge_ensemble,5,210,40.0,40.882991790771484
ims,2,ridge_ensemble,5,211,39.0,39.763465881347656
ims,2,ridge_ensemble,5,212,38.0,38.69523620605469
ims,2,ridge_ensemble,5,213,37.0,37.55527877807617
ims,2,ridge_ensemble,5,214,36.0,36.479496002197266
ims,2,ridge_ensemble,5,215,35.0,35.30288314819336
ims,2,ridge_ensemble,5,216,34.0,34.40126419067383
ims,2,ridge_ensemble,5,217,33.0,33.223236083984375
ims,2,ridge_ensemble,5,218,32.0,32.16248321533203
ims,2,ridge_ensemble,5,219,31.000001907348633,31.083723068237305
ims,2,ridge_ensemble,5,220,30.0,29.855972290039062
ims,2,ridge_ensemble,5,221,29.0,28.918968200683594
ims,2,ridge_ensemble,5,222,28.0,27.781282424926758
ims,2,ridge_ensemble,5,223,27.0,26.621023178100586
ims,2,ridge_ensemble,5,224,26.0,25.541397094726562
ims,2,ridge_ensemble,5,225,25.0,24.4686279296875
ims,2,ridge_ensemble,5,226,24.0,23.3651180267334
ims,2,ridge_ensemble,5,227,23.0,22.340505599975586
ims,2,ridge_ensemble,5,228,22.0,21.232654571533203
ims,2,ridge_ensemble,5,229,21.0,20.065412521362305
ims,2,ridge_ensemble,5,230,20.0,19.08808708190918
ims,2,ridge_ensemble,5,231,19.0,17.957595825195312
ims,2,ridge_ensemble,5,232,18.0,16.935232162475586
ims,2,ridge_ensemble,5,233,17.0,15.661751747131348
ims,2,ridge_ensemble,5,234,16.0,14.649535179138184
ims,2,ridge_ensemble,5,235,15.0,13.533669471740723
ims,2,ridge_ensemble,5,236,14.0,12.526578903198242
ims,2,ridge_ensemble,5,237,13.0,11.342850685119629
ims,2,ridge_ensemble,5,238,12.0,10.404167175292969
ims,2,ridge_ensemble,5,239,11.0,9.127775192260742
ims,2,ridge_ensemble,5,240,10.0,8.07434368133545
ims,2,ridge_ensemble,5,241,9.0,6.8454132080078125
ims,2,ridge_ensemble,5,242,8.0,5.939690113067627
ims,2,ridge_ensemble,5,243,7.0,4.690126419067383
ims,2,ridge_ensemble,5,244,6.0,3.740952253341675
ims,2,ridge_ensemble,5,245,5.0,2.4790990352630615
ims,2,ridge_ensemble,5,246,4.0,1.6048543453216553
ims,2,ridge_ensemble,5,247,3.0,0.3195715844631195
ims,2,ridge_ensemble,5,248,2.0,0.0
ims,2,ridge_ensemble,5,249,1.0,0.0
ims,2,ridge_ensemble,5,250,0.0,0.0
ims,2,ridge_ensemble,5,251,0.0,0.0
ims,2,ridge_ensemble,5,252,0.0,0.0
ims,2,ridge_ensemble,5,253,0.0,0.0
ims,2,ridge_ensemble,5,254,0.0,0.0
ims,2,ridge_ensemble,5,255,0.0,0.0
ims,2,ridge_ensemble,5,256,0.0,0.0
ims,2,ridge_ensemble,5,257,0.0,0.0
ims,2,ridge_ensemble,5,258,0.0,0.0
ims,2,ridge_ensemble,5,259,0.0,0.0
ims,2,ridge_ensemble,5,260,0.0,0.0
ims,2,ridge_ensemble,5,261,0.0,0.0
ims,2,ridge_ensemble,5,262,0.0,0.0
ims,2,ridge_ensemble,5,263,0.0,0.0
ims,2,ridge_ensemble,5,264,0.0,0.0
ims,2,ridge_ensemble,5,265,0.0,0.0
ims,2,ridge_ensemble,5,266,0.0,0.0
ims,2,ridge_ensemble,5,267,0.0,0.0
ims,2,ridge_ensemble,5,268,0.0,0.0
ims,2,ridge_ensemble,5,269,0.0,0.0
ims,2,ridge_ensemble,5,270,0.0,0.0
ims,2,ridge_ensemble,5,271,0.0,0.0
ims,2,ridge_ensemble,5,272,0.0,0.0
ims,2,ridge_ensemble,5,273,0.0,0.0
ims,2,ridge_ensemble,5,274,0.0,0.0
ims,2,ridge_ensemble,5,275,0.0,0.0
ims,2,ridge_ensemble,5,276,0.0,0.0
ims,2,ridge_ensemble,5,277,0.0,0.0
ims,2,ridge_ensemble,5,278,0.0,0.0
ims,2,ridge_ensemble,5,279,0.0,0.0
ims,2,ridge_ensemble,5,280,0.0,0.0
ims,2,ridge_ensemble,5,281,0.0,0.0
ims,2,ridge_ensemble,5,282,0.0,0.0
ims,2,ridge_ensemble,5,283,0.0,0.0
ims,2,ridge_ensemble,5,284,0.0,0.0
ims,2,ridge_ensemble,5,285,0.0,0.0
ims,2,ridge_ensemble,5,286,0.0,0.0
ims,2,ridge_ensemble,5,287,0.0,0.0
ims,2,ridge_ensemble,5,288,0.0,0.0
ims,2,ridge_ensemble,5,289,0.0,0.0
ims,2,ridge_ensemble,5,290,0.0,0.0
ims,2,ridge_ensemble,5,291,0.0,0.0
ims,2,ridge_ensemble,5,292,0.0,0.0
ims,2,ridge_ensemble,5,293,0.0,0.0
ims,2,ridge_ensemble,5,294,0.0,0.0
ims,2,ridge_ensemble,5,295,0.0,0.0
ims,2,ridge_ensemble,5,296,0.0,0.0
ims,2,ridge_ensemble,5,297,0.0,0.0
ims,2,ridge_ensemble,5,298,0.0,0.0
ims,2,ridge_ensemble,5,299,0.0,0.0
ims,3,transfer_ensemble,5,19,231.0,100.78269958496094
ims,3,transfer_ensemble,5,20,230.0,101.27684020996094
ims,3,transfer_ensemble,5,21,229.0,101.44880676269531
ims,3,transfer_ensemble,5,22,228.0,101.27876281738281
ims,3,transfer_ensemble,5,23,227.0,101.40990447998047
ims,3,transfer_ensemble,5,24,226.0,101.11325073242188
ims,3,transfer_ensemble,5,25,225.0,101.22310638427734
ims,3,transfer_ensemble,5,26,224.0,101.19770050048828
ims,3,transfer_ensemble,5,27,223.0,101.68714904785156
ims,3,transfer_ensemble,5,28,222.0,102.04928588867188
ims,3,transfer_ensemble,5,29,221.0,101.96514892578125
ims,3,transfer_ensemble,5,30,220.0,101.72941589355469
ims,3,transfer_ensemble,5,31,219.0,102.00977325439453
ims,3,transfer_ensemble,5,32,218.0,102.02989959716797
ims,3,transfer_ensemble,5,33,217.0,102.29044342041016
ims,3,transfer_ensemble,5,34,216.0,102.63241577148438
ims,3,transfer_ensemble,5,35,215.0,102.21803283691406
ims,3,transfer_ensemble,5,36,214.0,102.18934631347656
ims,3,transfer_ensemble,5,37,213.0,102.07218933105469
ims,3,transfer_ensemble,5,38,212.0,102.34516143798828
ims,3,transfer_ensemble,5,39,211.0,102.18399047851562
ims,3,transfer_ensemble,5,40,210.0,102.45782470703125
ims,3,transfer_ensemble,5,41,209.0,102.57653045654297
ims,3,transfer_ensemble,5,42,208.0,102.80059814453125
ims,3,transfer_ensemble,5,43,207.0,102.88023376464844
ims,3,transfer_ensemble,5,44,206.0,103.10197448730469
ims,3,transfer_ensemble,5,45,205.0,103.07603454589844
ims,3,transfer_ensemble,5,46,204.0,103.04971313476562
ims,3,transfer_ensemble,5,47,203.0,103.19468688964844
ims,3,transfer_ensemble,5,48,202.0,103.52224731445312
ims,3,transfer_ensemble,5,49,201.0,103.20162963867188
ims,3,transfer_ensemble,5,50,200.0,103.13375091552734
ims,3,transfer_ensemble,5,51,199.0,103.28437805175781
ims,3,transfer_ensemble,5,52,198.0,103.22227478027344
ims,3,transfer_ensemble,5,53,197.0,103.34072875976562
ims,3,transfer_ensemble,5,54,196.0,103.82939910888672
ims,3,transfer_ensemble,5,55,195.0,103.82746124267578
ims,3,transfer_ensemble,5,56,194.0,104.14846801757812
ims,3,transfer_ensemble,5,57,193.0,104.11181640625
ims,3,transfer_ensemble,5,58,192.0,104.28652954101562
ims,3,transfer_ensemble,5,59,191.0,103.68606567382812
ims,3,transfer_ensemble,5,60,190.0,103.8612289428711
ims,3,transfer_ensemble,5,61,189.0,103.65054321289062
ims,3,transfer_ensemble,5,62,188.0,104.22694396972656
ims,3,transfer_ensemble,5,63,187.0,104.10572814941406
ims,3,transfer_ensemble,5,64,186.0,104.17161560058594
ims,3,transfer_ensemble,5,65,185.0,104.266357421875
ims,3,transfer_ensemble,5,66,184.0,104.19925689697266
ims,3,transfer_ensemble,5,67,183.0,103.4945068359375
ims,3,transfer_ensemble,5,68,182.0,103.26592254638672
ims,3,transfer_ensemble,5,69,181.0,104.14558410644531
ims,3,transfer_ensemble,5,70,180.0,104.18901062011719
ims,3,transfer_ensemble,5,71,179.0,104.44695281982422
ims,3,transfer_ensemble,5,72,178.0,104.74322509765625
ims,3,transfer_ensemble,5,73,177.0,105.01329040527344
ims,3,transfer_ensemble,5,74,176.0,105.05461120605469
ims,3,transfer_ensemble,5,75,175.0,104.39163208007812
ims,3,transfer_ensemble,5,76,174.0,104.50775146484375
ims,3,transfer_ensemble,5,77,173.0,105.13018798828125
ims,3,transfer_ensemble,5,78,172.0,104.58171081542969
ims,3,transfer_ensemble,5,79,171.0,104.83985900878906
ims,3,transfer_ensemble,5,80,170.0,104.72895812988281
ims,3,transfer_ensemble,5,81,169.0,104.93124389648438
ims,3,transfer_ensemble,5,82,168.0,105.15095520019531
ims,3,transfer_ensemble,5,83,167.0,105.39210510253906
ims,3,transfer_ensemble,5,84,166.0,105.28099822998047
ims,3,transfer_ensemble,5,85,165.0,104.85877990722656
ims,3,transfer_ensemble,5,86,164.0,104.57878875732422
ims,3,transfer_ensemble,5,87,163.0,104.28787231445312
ims,3,transfer_ensemble,5,88,162.0,104.65804290771484
ims,3,transfer_ensemble,5,89,161.0,104.4212417602539
ims,3,transfer_ensemble,5,90,160.0,104.86906433105469
ims,3,transfer_ensemble,5,91,159.0,105.29925537109375
ims,3,transfer_ensemble,5,92,158.0,105.74299621582031
ims,3,transfer_ensemble,5,93,157.0,105.40998840332031
ims,3,transfer_ensemble,5,94,156.0,105.76081848144531
ims,3,transfer_ensemble,5,95,155.0,105.64093017578125
ims,3,transfer_ensemble,5,96,154.0,105.61920166015625
ims,3,transfer_ensemble,5,97,153.0,105.28361511230469
ims,3,transfer_ensemble,5,98,152.0,105.41618347167969
ims,3,transfer_ensemble,5,99,151.0,105.01676940917969
ims,3,transfer_ensemble,5,100,150.0,105.07534790039062
ims,3,transfer_ensemble,5,101,149.0,105.85409545898438
ims,3,transfer_ensemble,5,102,148.0,104.67079162597656
ims,3,transfer_ensemble,5,103,147.0,104.45747375488281
ims,3,transfer_ensemble,5,104,146.0,104.3487319946289
ims,3,transfer_ensemble,5,105,145.0,104.71469116210938
ims,3,transfer_ensemble,5,106,144.0,104.75578308105469
ims,3,transfer_ensemble,5,107,143.0,104.76692199707031
ims,3,transfer_ensemble,5,108,142.0,104.86454772949219
ims,3,transfer_ensemble,5,109,141.0,104.35240936279297
ims,3,transfer_ensemble,5,110,140.0,105.33941650390625
ims,3,transfer_ensemble,5,111,139.0,105.67630767822266
ims,3,transfer_ensemble,5,112,138.0,105.79164123535156
ims,3,transfer_ensemble,5,113,137.0,106.19237518310547
ims,3,transfer_ensemble,5,114,136.0,104.77091979980469
ims,3,transfer_ensemble,5,115,135.0,104.41130065917969
ims,3,transfer_ensemble,5,116,134.0,103.45510864257812
ims,3,transfer_ensemble,5,117,133.0,103.29118347167969
ims,3,transfer_ensemble,5,118,132.0,103.39573669433594
ims,3,transfer_ensemble,5,119,131.0,104.13967895507812
ims,3,transfer_ensemble,5,120,130.0,102.80755615234375
ims,3,transfer_ensemble,5,121,129.0,103.24551391601562
ims,3,transfer_ensemble,5,122,128.0,103.87554931640625
ims,3,transfer_ensemble,5,123,127.00000762939453,105.13128662109375
ims,3,transfer_ensemble,5,124,126.0,102.78515625
ims,3,transfer_ensemble,5,125,125.0,103.64923095703125
ims,3,transfer_ensemble,5,126,124.00000762939453,104.06153869628906
ims,3,transfer_ensemble,5,127,123.0,102.57249450683594
ims,3,transfer_ensemble,5,128,122.0,101.99823760986328
ims,3,transfer_ensemble,5,129,121.00000762939453,101.8901138305664
ims,3,transfer_ensemble,5,130,120.0,100.83158874511719
ims,3,transfer_ensemble,5,131,119.0,101.89949035644531
ims,3,transfer_ensemble,5,132,118.00000762939453,99.78430938720703
ims,3,transfer_ensemble,5,133,117.0,99.32063293457031
ims,3,transfer_ensemble,5,134,116.0,99.1905288696289
ims,3,transfer_ensemble,5,135,115.0,99.95918273925781
ims,3,transfer_ensemble,5,136,114.0,99.82986450195312
ims,3,transfer_ensemble,5,137,113.0,98.78755187988281
ims,3,transfer_ensemble,5,138,112.0,96.75340270996094
ims,3,transfer_ensemble,5,139,111.0,98.40027618408203
ims,3,transfer_ensemble,5,140,110.0,96.60552215576172
ims,3,transfer_ensemble,5,141,109.0,98.84298706054688
ims,3,transfer_ensemble,5,142,108.0,99.80516052246094
ims,3,transfer_ensemble,5,143,107.0,95.0389175415039
ims,3,transfer_ensemble,5,144,106.0,95.74526977539062
ims,3,transfer_ensemble,5,145,105.0,96.60343933105469
ims,3,transfer_ensemble,5,146,104.0,96.84242248535156
ims,3,transfer_ensemble,5,147,103.0,97.52369689941406
ims,3,transfer_ensemble,5,148,102.0,98.07382202148438
ims,3,transfer_ensemble,5,149,101.0,98.2448959350586
ims,3,transfer_ensemble,5,150,100.0,97.36581420898438
ims,3,transfer_ensemble,5,151,99.0,96.53852081298828
ims,3,transfer_ensemble,5,152,98.0,94.8580093383789
ims,3,transfer_ensemble,5,153,97.0,94.6064453125
ims,3,transfer_ensemble,5,154,96.0,91.92366790771484
ims,3,transfer_ensemble,5,155,95.0,92.19252014160156
ims,3,transfer_ensemble,5,156,94.0,91.78480529785156
ims,3,transfer_ensemble,5,157,93.0,90.86665344238281
ims,3,transfer_ensemble,5,158,92.0,90.24232482910156
ims,3,transfer_ensemble,5,159,91.0,90.07298278808594
ims,3,transfer_ensemble,5,160,90.0,90.57841491699219
ims,3,transfer_ensemble,5,161,89.0,89.39274597167969
ims,3,transfer_ensemble,5,162,88.0,90.02719116210938
ims,3,transfer_ensemble,5,163,87.0,89.14797973632812
ims,3,transfer_ensemble,5,164,86.0,89.4061050415039
ims,3,transfer_ensemble,5,165,85.0,89.18466186523438
ims,3,transfer_ensemble,5,166,84.0,91.23895263671875
ims,3,transfer_ensemble,5,167,83.0,87.3837890625
ims,3,transfer_ensemble,5,168,82.0,84.24754333496094
ims,3,transfer_ensemble,5,169,81.0,83.65281677246094
ims,3,transfer_ensemble,5,170,80.0,81.54434204101562
ims,3,transfer_ensemble,5,171,79.0,82.59732055664062
ims,3,transfer_ensemble,5,172,78.0,83.01753997802734
ims,3,transfer_ensemble,5,173,77.0,79.9101333618164
ims,3,transfer_ensemble,5,174,76.0,81.50883483886719
ims,3,transfer_ensemble,5,175,75.0,81.40620422363281
ims,3,transfer_ensemble,5,176,74.0,82.38343811035156
ims,3,transfer_ensemble,5,177,73.0,81.70431518554688
ims,3,transfer_ensemble,5,178,72.0,79.61481475830078
ims,3,transfer_ensemble,5,179,71.0,80.60931396484375
ims,3,transfer_ensemble,5,180,70.0,81.54656982421875
ims,3,transfer_ensemble,5,181,69.0,80.19931030273438
ims,3,transfer_ensemble,5,182,68.0,77.44041442871094
ims,3,transfer_ensemble,5,183,67.0,77.47071838378906
ims,3,transfer_ensemble,5,184,66.0,77.3841552734375
ims,3,transfer_ensemble,5,185,65.0,77.55160522460938
ims,3,transfer_ensemble,5,186,64.0,73.83990478515625
ims,3,transfer_ensemble,5,187,63.0,73.33747863769531
ims,3,transfer_ensemble,5,188,62.000003814697266,71.62467956542969
ims,3,transfer_ensemble,5,189,61.0,70.15167236328125
ims,3,transfer_ensemble,5,190,60.0,69.63614654541016
ims,3,transfer_ensemble,5,191,59.000003814697266,67.84187316894531
ims,3,transfer_ensemble,5,192,58.0,67.48751068115234
ims,3,transfer_ensemble,5,193,57.0,65.52901458740234
ims,3,transfer_ensemble,5,194,56.0,65.649169921875
ims,3,transfer_ensemble,5,195,55.0,64.5102767944336
ims,3,transfer_ensemble,5,196,54.0,62.40486145019531
ims,3,transfer_ensemble,5,197,53.0,63.48691940307617
ims,3,transfer_ensemble,5,198,52.0,61.03530502319336
ims,3,transfer_ensemble,5,199,51.0,58.409671783447266
ims,3,transfer_ensemble,5,200,50.0,55.46166229248047
ims,3,transfer_ensemble,5,201,49.0,55.45966720581055
ims,3,transfer_ensemble,5,202,48.0,53.351654052734375
ims,3,transfer_ensemble,5,203,47.0,51.90592956542969
ims,3,transfer_ensemble,5,204,46.0,51.52549743652344
ims,3,transfer_ensemble,5,205,45.0,48.41002655029297
ims,3,transfer_ensemble,5,206,44.0,48.690338134765625
ims,3,transfer_ensemble,5,207,43.0,46.349456787109375
ims,3,transfer_ensemble,5,208,42.0,43.25926971435547
ims,3,transfer_ensemble,5,209,41.0,42.42827606201172
ims,3,transfer_ensemble,5,210,40.0,41.19929504394531
ims,3,transfer_ensemble,5,211,39.0,40.884071350097656
ims,3,transfer_ensemble,5,212,38.0,38.498626708984375
ims,3,transfer_ensemble,5,213,37.0,37.255088806152344
ims,3,transfer_ensemble,5,214,36.0,36.15898895263672
ims,3,transfer_ensemble,5,215,35.0,34.83257293701172
ims,3,transfer_ensemble,5,216,34.0,33.651947021484375
ims,3,transfer_ensemble,5,217,33.0,33.08477020263672
ims,3,transfer_ensemble,5,218,32.0,33.28081512451172
ims,3,transfer_ensemble,5,219,31.000001907348633,29.930519104003906
ims,3,transfer_ensemble,5,220,30.0,28.242656707763672
ims,3,transfer_ensemble,5,221,29.0,28.69336700439453
ims,3,transfer_ensemble,5,222,28.0,27.101356506347656
ims,3,transfer_ensemble,5,223,27.0,26.740768432617188
ims,3,transfer_ensemble,5,224,26.0,25.49359130859375
ims,3,transfer_ensemble,5,225,25.0,23.867294311523438
ims,3,transfer_ensemble,5,226,24.0,23.732643127441406
ims,3,transfer_ensemble,5,227,23.0,22.562150955200195
ims,3,transfer_ensemble,5,228,22.0,21.642162322998047
ims,3,transfer_ensemble,5,229,21.0,21.913116455078125
ims,3,transfer_ensemble,5,230,20.0,20.94327163696289
ims,3,transfer_ensemble,5,231,19.0,19.903522491455078
ims,3,transfer_ensemble,5,232,18.0,19.14156150817871
ims,3,transfer_ensemble,5,233,17.0,19.06744384765625
ims,3,transfer_ensemble,5,234,16.0,18.818174362182617
ims,3,transfer_ensemble,5,235,15.0,17.880033493041992
ims,3,transfer_ensemble,5,236,14.0,17.132328033447266
ims,3,transfer_ensemble,5,237,13.0,16.724088668823242
ims,3,transfer_ensemble,5,238,12.0,17.643218994140625
ims,3,transfer_ensemble,5,239,11.0,16.297473907470703
ims,3,transfer_ensemble,5,240,10.0,16.287181854248047
ims,3,transfer_ensemble,5,241,9.0,15.679115295410156
ims,3,transfer_ensemble,5,242,8.0,15.451517105102539
ims,3,transfer_ensemble,5,243,7.0,14.625943183898926
ims,3,transfer_ensemble,5,244,6.0,14.35036849975586
ims,3,transfer_ensemble,5,245,5.0,14.152780532836914
ims,3,transfer_ensemble,5,246,4.0,14.539017677307129
ims,3,transfer_ensemble,5,247,3.0,14.351938247680664
ims,3,transfer_ensemble,5,248,2.0,14.255615234375
ims,3,transfer_ensemble,5,249,1.0,13.746950149536133
ims,3,transfer_ensemble,5,250,0.0,13.330183982849121
ims,3,transfer_ensemble,5,251,0.0,13.555177688598633
ims,3,transfer_ensemble,5,252,0.0,13.32761001586914
ims,3,transfer_ensemble,5,253,0.0,12.796133041381836
ims,3,transfer_ensemble,5,254,0.0,12.626337051391602
ims,3,transfer_ensemble,5,255,0.0,12.269327163696289
ims,3,transfer_ensemble,5,256,0.0,12.550334930419922
ims,3,transfer_ensemble,5,257,0.0,12.080160140991211
ims,3,transfer_ensemble,5,258,0.0,12.247961044311523
ims,3,transfer_ensemble,5,259,0.0,12.218454360961914
ims,3,transfer_ensemble,5,260,0.0,12.062549591064453
ims,3,transfer_ensemble,5,261,0.0,12.04309368133545
ims,3,transfer_ensemble,5,262,0.0,12.327445983886719
ims,3,transfer_ensemble,5,263,0.0,12.096200942993164
ims,3,transfer_ensemble,5,264,0.0,12.387494087219238
ims,3,transfer_ensemble,5,265,0.0,12.309946060180664
ims,3,transfer_ensemble,5,266,0.0,12.154050827026367
ims,3,transfer_ensemble,5,267,0.0,12.54239273071289
ims,3,transfer_ensemble,5,268,0.0,12.444043159484863
ims,3,transfer_ensemble,5,269,0.0,12.72803783416748
ims,3,transfer_ensemble,5,270,0.0,12.786613464355469
ims,3,transfer_ensemble,5,271,0.0,13.149023056030273
ims,3,transfer_ensemble,5,272,0.0,13.174956321716309
ims,3,transfer_ensemble,5,273,0.0,13.466131210327148
ims,3,transfer_ensemble,5,274,0.0,13.710956573486328
ims,3,transfer_ensemble,5,275,0.0,13.954792022705078
ims,3,transfer_ensemble,5,276,0.0,14.140426635742188
ims,3,transfer_ensemble,5,277,0.0,14.32627010345459
ims,3,transfer_ensemble,5,278,0.0,14.728418350219727
ims,3,transfer_ensemble,5,279,0.0,15.018476486206055
ims,3,transfer_ensemble,5,280,0.0,15.347911834716797
ims,3,transfer_ensemble,5,281,0.0,15.768891334533691
ims,3,transfer_ensemble,5,282,0.0,16.134246826171875
ims,3,transfer_ensemble,5,283,0.0,16.34986686706543
ims,3,transfer_ensemble,5,284,0.0,16.6169490814209
ims,3,transfer_ensemble,5,285,0.0,17.11325454711914
ims,3,transfer_ensemble,5,286,0.0,17.538747787475586
ims,3,transfer_ensemble,5,287,0.0,18.111112594604492
ims,3,transfer_ensemble,5,288,0.0,18.479820251464844
ims,3,transfer_ensemble,5,289,0.0,18.786251068115234
ims,3,transfer_ensemble,5,290,0.0,19.295928955078125
ims,3,transfer_ensemble,5,291,0.0,19.896617889404297
ims,3,transfer_ensemble,5,292,0.0,20.48388671875
ims,3,transfer_ensemble,5,293,0.0,20.963665008544922
ims,3,transfer_ensemble,5,294,0.0,21.590538024902344
ims,3,transfer_ensemble,5,295,0.0,22.050556182861328
ims,3,transfer_ensemble,5,296,0.0,22.546302795410156
ims,3,transfer_ensemble,5,297,0.0,23.04300308227539
ims,3,transfer_ensemble,5,298,0.0,23.510955810546875
ims,3,transfer_ensemble,5,299,0.0,24.11452865600586
ims,3,frozen_encoder_ensemble,5,19,231.0,71.96990966796875
ims,3,frozen_encoder_ensemble,5,20,230.0,72.49455261230469
ims,3,frozen_encoder_ensemble,5,21,229.0,72.60614013671875
ims,3,frozen_encoder_ensemble,5,22,228.0,72.4131088256836
ims,3,frozen_encoder_ensemble,5,23,227.0,72.49288940429688
ims,3,frozen_encoder_ensemble,5,24,226.0,72.2251968383789
ims,3,frozen_encoder_ensemble,5,25,225.0,72.37026977539062
ims,3,frozen_encoder_ensemble,5,26,224.0,72.35554504394531
ims,3,frozen_encoder_ensemble,5,27,223.0,72.78356170654297
ims,3,frozen_encoder_ensemble,5,28,222.0,73.03852081298828
ims,3,frozen_encoder_ensemble,5,29,221.0,72.91984558105469
ims,3,frozen_encoder_ensemble,5,30,220.0,72.70832061767578
ims,3,frozen_encoder_ensemble,5,31,219.0,72.95059204101562
ims,3,frozen_encoder_ensemble,5,32,218.0,72.94154357910156
ims,3,frozen_encoder_ensemble,5,33,217.0,73.22564697265625
ims,3,frozen_encoder_ensemble,5,34,216.0,73.48356628417969
ims,3,frozen_encoder_ensemble,5,35,215.0,73.16546630859375
ims,3,frozen_encoder_ensemble,5,36,214.0,73.11457061767578
ims,3,frozen_encoder_ensemble,5,37,213.0,72.97715759277344
ims,3,frozen_encoder_ensemble,5,38,212.0,73.2236557006836
ims,3,frozen_encoder_ensemble,5,39,211.0,73.0920181274414
ims,3,frozen_encoder_ensemble,5,40,210.0,73.32615661621094
ims,3,frozen_encoder_ensemble,5,41,209.0,73.37580871582031
ims,3,frozen_encoder_ensemble,5,42,208.0,73.55860900878906
ims,3,frozen_encoder_ensemble,5,43,207.0,73.6419448852539
ims,3,frozen_encoder_ensemble,5,44,206.0,73.81195068359375
ims,3,frozen_encoder_ensemble,5,45,205.0,73.75448608398438
ims,3,frozen_encoder_ensemble,5,46,204.0,73.75839233398438
ims,3,frozen_encoder_ensemble,5,47,203.0,73.80210876464844
ims,3,frozen_encoder_ensemble,5,48,202.0,74.12767791748047
ims,3,frozen_encoder_ensemble,5,49,201.0,73.86363220214844
ims,3,frozen_encoder_ensemble,5,50,200.0,73.76939392089844
ims,3,frozen_encoder_ensemble,5,51,199.0,73.86677551269531
ims,3,frozen_encoder_ensemble,5,52,198.0,73.937255859375
ims,3,frozen_encoder_ensemble,5,53,197.0,73.99002075195312
ims,3,frozen_encoder_ensemble,5,54,196.0,74.38154602050781
ims,3,frozen_encoder_ensemble,5,55,195.0,74.30995178222656
ims,3,frozen_encoder_ensemble,5,56,194.0,74.59681701660156
ims,3,frozen_encoder_ensemble,5,57,193.0,74.52870178222656
ims,3,frozen_encoder_ensemble,5,58,192.0,74.69920349121094
ims,3,frozen_encoder_ensemble,5,59,191.0,74.19651794433594
ims,3,frozen_encoder_ensemble,5,60,190.0,74.32572937011719
ims,3,frozen_encoder_ensemble,5,61,189.0,74.09359741210938
ims,3,frozen_encoder_ensemble,5,62,188.0,74.64580535888672
ims,3,frozen_encoder_ensemble,5,63,187.0,74.4813232421875
ims,3,frozen_encoder_ensemble,5,64,186.0,74.56541442871094
ims,3,frozen_encoder_ensemble,5,65,185.0,74.6405029296875
ims,3,frozen_encoder_ensemble,5,66,184.0,74.53106689453125
ims,3,frozen_encoder_ensemble,5,67,183.0,74.01817321777344
ims,3,frozen_encoder_ensemble,5,68,182.0,73.83766174316406
ims,3,frozen_encoder_ensemble,5,69,181.0,74.62654876708984
ims,3,frozen_encoder_ensemble,5,70,180.0,74.67770385742188
ims,3,frozen_encoder_ensemble,5,71,179.0,74.78976440429688
ims,3,frozen_encoder_ensemble,5,72,178.0,75.07354736328125
ims,3,frozen_encoder_ensemble,5,73,177.0,75.2763671875
ims,3,frozen_encoder_ensemble,5,74,176.0,75.21540832519531
ims,3,frozen_encoder_ensemble,5,75,175.0,74.707275390625
ims,3,frozen_encoder_ensemble,5,76,174.0,74.76702880859375
ims,3,frozen_encoder_ensemble,5,77,173.0,75.34907531738281
ims,3,frozen_encoder_ensemble,5,78,172.0,74.82327270507812
ims,3,frozen_encoder_ensemble,5,79,171.0,75.06727600097656
ims,3,frozen_encoder_ensemble,5,80,170.0,74.97245025634766
ims,3,frozen_encoder_ensemble,5,81,169.0,75.15520477294922
ims,3,frozen_encoder_ensemble,5,82,168.0,75.2951889038086
ims,3,frozen_encoder_ensemble,5,83,167.0,75.53512573242188
ims,3,frozen_encoder_ensemble,5,84,166.0,75.36399841308594
ims,3,frozen_encoder_ensemble,5,85,165.0,75.02033996582031
ims,3,frozen_encoder_ensemble,5,86,164.0,74.85549926757812
ims,3,frozen_encoder_ensemble,5,87,163.0,74.66050720214844
ims,3,frozen_encoder_ensemble,5,88,162.0,74.94573974609375
ims,3,frozen_encoder_ensemble,5,89,161.0,74.74018859863281
ims,3,frozen_encoder_ensemble,5,90,160.0,75.14188385009766
ims,3,frozen_encoder_ensemble,5,91,159.0,75.45779418945312
ims,3,frozen_encoder_ensemble,5,92,158.0,75.87626647949219
ims,3,frozen_encoder_ensemble,5,93,157.0,75.51997375488281
ims,3,frozen_encoder_ensemble,5,94,156.0,75.76516723632812
ims,3,frozen_encoder_ensemble,5,95,155.0,75.67619323730469
ims,3,frozen_encoder_ensemble,5,96,154.0,75.69232177734375
ims,3,frozen_encoder_ensemble,5,97,153.0,75.36357879638672
ims,3,frozen_encoder_ensemble,5,98,152.0,75.4820556640625
ims,3,frozen_encoder_ensemble,5,99,151.0,75.11544799804688
ims,3,frozen_encoder_ensemble,5,100,150.0,75.22848510742188
ims,3,frozen_encoder_ensemble,5,101,149.0,75.94424438476562
ims,3,frozen_encoder_ensemble,5,102,148.0,74.92044067382812
ims,3,frozen_encoder_ensemble,5,103,147.0,74.76835632324219
ims,3,frozen_encoder_ensemble,5,104,146.0,74.73876953125
ims,3,frozen_encoder_ensemble,5,105,145.0,75.09408569335938
ims,3,frozen_encoder_ensemble,5,106,144.0,75.05555725097656
ims,3,frozen_encoder_ensemble,5,107,143.0,75.0814437866211
ims,3,frozen_encoder_ensemble,5,108,142.0,75.17261505126953
ims,3,frozen_encoder_ensemble,5,109,141.0,74.72123718261719
ims,3,frozen_encoder_ensemble,5,110,140.0,75.56382751464844
ims,3,frozen_encoder_ensemble,5,111,139.0,75.73210144042969
ims,3,frozen_encoder_ensemble,5,112,138.0,75.79782104492188
ims,3,frozen_encoder_ensemble,5,113,137.0,76.18551635742188
ims,3,frozen_encoder_ensemble,5,114,136.0,74.98397827148438
ims,3,frozen_encoder_ensemble,5,115,135.0,74.65217590332031
ims,3,frozen_encoder_ensemble,5,116,134.0,73.90811157226562
ims,3,frozen_encoder_ensemble,5,117,133.0,73.87240600585938
ims,3,frozen_encoder_ensemble,5,118,132.0,73.96923065185547
ims,3,frozen_encoder_ensemble,5,119,131.0,74.67503356933594
ims,3,frozen_encoder_ensemble,5,120,130.0,73.48086547851562
ims,3,frozen_encoder_ensemble,5,121,129.0,73.88430786132812
ims,3,frozen_encoder_ensemble,5,122,128.0,74.43547058105469
ims,3,frozen_encoder_ensemble,5,123,127.00000762939453,75.47798919677734
ims,3,frozen_encoder_ensemble,5,124,126.0,73.38424682617188
ims,3,frozen_encoder_ensemble,5,125,125.0,74.19931030273438
ims,3,frozen_encoder_ensemble,5,126,124.00000762939453,74.49919128417969
ims,3,frozen_encoder_ensemble,5,127,123.0,73.20265197753906
ims,3,frozen_encoder_ensemble,5,128,122.0,72.822509765625
ims,3,frozen_encoder_ensemble,5,129,121.00000762939453,72.75675201416016
ims,3,frozen_encoder_ensemble,5,130,120.0,71.9305648803711
ims,3,frozen_encoder_ensemble,5,131,119.0,72.94973754882812
ims,3,frozen_encoder_ensemble,5,132,118.00000762939453,71.04953002929688
ims,3,frozen_encoder_ensemble,5,133,117.0,70.70413208007812
ims,3,frozen_encoder_ensemble,5,134,116.0,70.67694091796875
ims,3,frozen_encoder_ensemble,5,135,115.0,71.3934097290039
ims,3,frozen_encoder_ensemble,5,136,114.0,71.20846557617188
ims,3,frozen_encoder_ensemble,5,137,113.0,70.28504943847656
ims,3,frozen_encoder_ensemble,5,138,112.0,68.62619018554688
ims,3,frozen_encoder_ensemble,5,139,111.0,70.17486572265625
ims,3,frozen_encoder_ensemble,5,140,110.0,68.59700012207031
ims,3,frozen_encoder_ensemble,5,141,109.0,70.61918640136719
ims,3,frozen_encoder_ensemble,5,142,108.0,71.34559631347656
ims,3,frozen_encoder_ensemble,5,143,107.0,67.20087432861328
ims,3,frozen_encoder_ensemble,5,144,106.0,68.0381851196289
ims,3,frozen_encoder_ensemble,5,145,105.0,68.82723999023438
ims,3,frozen_encoder_ensemble,5,146,104.0,68.99440002441406
ims,3,frozen_encoder_ensemble,5,147,103.0,69.55532836914062
ims,3,frozen_encoder_ensemble,5,148,102.0,69.96302795410156
ims,3,frozen_encoder_ensemble,5,149,101.0,70.00827026367188
ims,3,frozen_encoder_ensemble,5,150,100.0,69.198486328125
ims,3,frozen_encoder_ensemble,5,151,99.0,68.49190521240234
ims,3,frozen_encoder_ensemble,5,152,98.0,67.10671997070312
ims,3,frozen_encoder_ensemble,5,153,97.0,67.0106430053711
ims,3,frozen_encoder_ensemble,5,154,96.0,64.8462905883789
ims,3,frozen_encoder_ensemble,5,155,95.0,65.32284545898438
ims,3,frozen_encoder_ensemble,5,156,94.0,65.04881286621094
ims,3,frozen_encoder_ensemble,5,157,93.0,64.32823181152344
ims,3,frozen_encoder_ensemble,5,158,92.0,63.89752197265625
ims,3,frozen_encoder_ensemble,5,159,91.0,63.85095977783203
ims,3,frozen_encoder_ensemble,5,160,90.0,64.34837341308594
ims,3,frozen_encoder_ensemble,5,161,89.0,63.34869384765625
ims,3,frozen_encoder_ensemble,5,162,88.0,63.990604400634766
ims,3,frozen_encoder_ensemble,5,163,87.0,63.3046875
ims,3,frozen_encoder_ensemble,5,164,86.0,63.642555236816406
ims,3,frozen_encoder_ensemble,5,165,85.0,63.53422164916992
ims,3,frozen_encoder_ensemble,5,166,84.0,65.38877868652344
ims,3,frozen_encoder_ensemble,5,167,83.0,62.11360168457031
ims,3,frozen_encoder_ensemble,5,168,82.0,59.95362091064453
ims,3,frozen_encoder_ensemble,5,169,81.0,59.64009094238281
ims,3,frozen_encoder_ensemble,5,170,80.0,58.15031433105469
ims,3,frozen_encoder_ensemble,5,171,79.0,59.22709274291992
ims,3,frozen_encoder_ensemble,5,172,78.0,59.608299255371094
ims,3,frozen_encoder_ensemble,5,173,77.0,57.22749328613281
ims,3,frozen_encoder_ensemble,5,174,76.0,58.709495544433594
ims,3,frozen_encoder_ensemble,5,175,75.0,58.64589309692383
ims,3,frozen_encoder_ensemble,5,176,74.0,59.48200988769531
ims,3,frozen_encoder_ensemble,5,177,73.0,58.84630584716797
ims,3,frozen_encoder_ensemble,5,178,72.0,57.26771545410156
ims,3,frozen_encoder_ensemble,5,179,71.0,58.28959655761719
ims,3,frozen_encoder_ensemble,5,180,70.0,59.17264938354492
ims,3,frozen_encoder_ensemble,5,181,69.0,58.10676574707031
ims,3,frozen_encoder_ensemble,5,182,68.0,56.00746154785156
ims,3,frozen_encoder_ensemble,5,183,67.0,56.369205474853516
ims,3,frozen_encoder_ensemble,5,184,66.0,56.517967224121094
ims,3,frozen_encoder_ensemble,5,185,65.0,56.86459732055664
ims,3,frozen_encoder_ensemble,5,186,64.0,54.097023010253906
ims,3,frozen_encoder_ensemble,5,187,63.0,54.0544319152832
ims,3,frozen_encoder_ensemble,5,188,62.000003814697266,52.98042297363281
ims,3,frozen_encoder_ensemble,5,189,61.0,52.31374740600586
ims,3,frozen_encoder_ensemble,5,190,60.0,52.1747932434082
ims,3,frozen_encoder_ensemble,5,191,59.000003814697266,51.15803527832031
ims,3,frozen_encoder_ensemble,5,192,58.0,51.29560089111328
ims,3,frozen_encoder_ensemble,5,193,57.0,49.988189697265625
ims,3,frozen_encoder_ensemble,5,194,56.0,50.685089111328125
ims,3,frozen_encoder_ensemble,5,195,55.0,50.03783416748047
ims,3,frozen_encoder_ensemble,5,196,54.0,48.865867614746094
ims,3,frozen_encoder_ensemble,5,197,53.0,50.138282775878906
ims,3,frozen_encoder_ensemble,5,198,52.0,48.42448806762695
ims,3,frozen_encoder_ensemble,5,199,51.0,46.76930236816406
ims,3,frozen_encoder_ensemble,5,200,50.0,45.0418701171875
ims,3,frozen_encoder_ensemble,5,201,49.0,45.603271484375
ims,3,frozen_encoder_ensemble,5,202,48.0,44.518943786621094
ims,3,frozen_encoder_ensemble,5,203,47.0,43.776912689208984
ims,3,frozen_encoder_ensemble,5,204,46.0,43.90752410888672
ims,3,frozen_encoder_ensemble,5,205,45.0,41.99199676513672
ims,3,frozen_encoder_ensemble,5,206,44.0,43.02020263671875
ims,3,frozen_encoder_ensemble,5,207,43.0,41.52532958984375
ims,3,frozen_encoder_ensemble,5,208,42.0,39.72643280029297
ims,3,frozen_encoder_ensemble,5,209,41.0,39.672569274902344
ims,3,frozen_encoder_ensemble,5,210,40.0,39.27412796020508
ims,3,frozen_encoder_ensemble,5,211,39.0,39.27679443359375
ims,3,frozen_encoder_ensemble,5,212,38.0,38.112648010253906
ims,3,frozen_encoder_ensemble,5,213,37.0,37.74019241333008
ims,3,frozen_encoder_ensemble,5,214,36.0,37.453392028808594
ims,3,frozen_encoder_ensemble,5,215,35.0,36.76991271972656
ims,3,frozen_encoder_ensemble,5,216,34.0,36.18937683105469
ims,3,frozen_encoder_ensemble,5,217,33.0,36.43486785888672
ims,3,frozen_encoder_ensemble,5,218,32.0,37.01726150512695
ims,3,frozen_encoder_ensemble,5,219,31.000001907348633,34.733951568603516
ims,3,frozen_encoder_ensemble,5,220,30.0,33.733436584472656
ims,3,frozen_encoder_ensemble,5,221,29.0,34.81939697265625
ims,3,frozen_encoder_ensemble,5,222,28.0,33.938270568847656
ims,3,frozen_encoder_ensemble,5,223,27.0,34.05863571166992
ims,3,frozen_encoder_ensemble,5,224,26.0,32.968223571777344
ims,3,frozen_encoder_ensemble,5,225,25.0,31.947185516357422
ims,3,frozen_encoder_ensemble,5,226,24.0,32.32855224609375
ims,3,frozen_encoder_ensemble,5,227,23.0,31.899307250976562
ims,3,frozen_encoder_ensemble,5,228,22.0,31.565038681030273
ims,3,frozen_encoder_ensemble,5,229,21.0,31.85578727722168
ims,3,frozen_encoder_ensemble,5,230,20.0,31.330581665039062
ims,3,frozen_encoder_ensemble,5,231,19.0,30.85371208190918
ims,3,frozen_encoder_ensemble,5,232,18.0,30.528751373291016
ims,3,frozen_encoder_ensemble,5,233,17.0,30.827011108398438
ims,3,frozen_encoder_ensemble,5,234,16.0,30.82323455810547
ims,3,frozen_encoder_ensemble,5,235,15.0,30.323097229003906
ims,3,frozen_encoder_ensemble,5,236,14.0,29.93926429748535
ims,3,frozen_encoder_ensemble,5,237,13.0,29.860063552856445
ims,3,frozen_encoder_ensemble,5,238,12.0,30.93423080444336
ims,3,frozen_encoder_ensemble,5,239,11.0,29.806880950927734
ims,3,frozen_encoder_ensemble,5,240,10.0,30.042266845703125
ims,3,frozen_encoder_ensemble,5,241,9.0,29.68756675720215
ims,3,frozen_encoder_ensemble,5,242,8.0,29.647624969482422
ims,3,frozen_encoder_ensemble,5,243,7.0,29.054759979248047
ims,3,frozen_encoder_ensemble,5,244,6.0,28.970151901245117
ims,3,frozen_encoder_ensemble,5,245,5.0,28.864917755126953
ims,3,frozen_encoder_ensemble,5,246,4.0,29.382556915283203
ims,3,frozen_encoder_ensemble,5,247,3.0,29.328411102294922
ims,3,frozen_encoder_ensemble,5,248,2.0,29.414581298828125
ims,3,frozen_encoder_ensemble,5,249,1.0,29.002037048339844
ims,3,frozen_encoder_ensemble,5,250,0.0,28.66400909423828
ims,3,frozen_encoder_ensemble,5,251,0.0,29.019065856933594
ims,3,frozen_encoder_ensemble,5,252,0.0,28.838773727416992
ims,3,frozen_encoder_ensemble,5,253,0.0,28.40924835205078
ims,3,frozen_encoder_ensemble,5,254,0.0,28.358366012573242
ims,3,frozen_encoder_ensemble,5,255,0.0,28.156063079833984
ims,3,frozen_encoder_ensemble,5,256,0.0,28.485963821411133
ims,3,frozen_encoder_ensemble,5,257,0.0,28.11478042602539
ims,3,frozen_encoder_ensemble,5,258,0.0,28.343067169189453
ims,3,frozen_encoder_ensemble,5,259,0.0,28.391136169433594
ims,3,frozen_encoder_ensemble,5,260,0.0,28.238819122314453
ims,3,frozen_encoder_ensemble,5,261,0.0,28.24492645263672
ims,3,frozen_encoder_ensemble,5,262,0.0,28.542036056518555
ims,3,frozen_encoder_ensemble,5,263,0.0,28.218387603759766
ims,3,frozen_encoder_ensemble,5,264,0.0,28.50369644165039
ims,3,frozen_encoder_ensemble,5,265,0.0,28.411113739013672
ims,3,frozen_encoder_ensemble,5,266,0.0,28.19580078125
ims,3,frozen_encoder_ensemble,5,267,0.0,28.45263671875
ims,3,frozen_encoder_ensemble,5,268,0.0,28.352649688720703
ims,3,frozen_encoder_ensemble,5,269,0.0,28.59722900390625
ims,3,frozen_encoder_ensemble,5,270,0.0,28.587814331054688
ims,3,frozen_encoder_ensemble,5,271,0.0,28.884777069091797
ims,3,frozen_encoder_ensemble,5,272,0.0,28.791824340820312
ims,3,frozen_encoder_ensemble,5,273,0.0,28.968891143798828
ims,3,frozen_encoder_ensemble,5,274,0.0,29.10653305053711
ims,3,frozen_encoder_ensemble,5,275,0.0,29.256826400756836
ims,3,frozen_encoder_ensemble,5,276,0.0,29.3176212310791
ims,3,frozen_encoder_ensemble,5,277,0.0,29.36568260192871
ims,3,frozen_encoder_ensemble,5,278,0.0,29.63698387145996
ims,3,frozen_encoder_ensemble,5,279,0.0,29.781349182128906
ims,3,frozen_encoder_ensemble,5,280,0.0,29.956026077270508
ims,3,frozen_encoder_ensemble,5,281,0.0,30.19561767578125
ims,3,frozen_encoder_ensemble,5,282,0.0,30.37611961364746
ims,3,frozen_encoder_ensemble,5,283,0.0,30.408946990966797
ims,3,frozen_encoder_ensemble,5,284,0.0,30.487943649291992
ims,3,frozen_encoder_ensemble,5,285,0.0,30.731468200683594
ims,3,frozen_encoder_ensemble,5,286,0.0,30.955543518066406
ims,3,frozen_encoder_ensemble,5,287,0.0,31.303287506103516
ims,3,frozen_encoder_ensemble,5,288,0.0,31.43895721435547
ims,3,frozen_encoder_ensemble,5,289,0.0,31.518993377685547
ims,3,frozen_encoder_ensemble,5,290,0.0,31.784181594848633
ims,3,frozen_encoder_ensemble,5,291,0.0,32.07019805908203
ims,3,frozen_encoder_ensemble,5,292,0.0,32.38898849487305
ims,3,frozen_encoder_ensemble,5,293,0.0,32.58681106567383
ims,3,frozen_encoder_ensemble,5,294,0.0,32.873680114746094
ims,3,frozen_encoder_ensemble,5,295,0.0,33.075069427490234
ims,3,frozen_encoder_ensemble,5,296,0.0,33.300750732421875
ims,3,frozen_encoder_ensemble,5,297,0.0,33.54789733886719
ims,3,frozen_encoder_ensemble,5,298,0.0,33.760623931884766
ims,3,frozen_encoder_ensemble,5,299,0.0,34.10199737548828
ims,3,scratch_ensemble,5,19,231.0,92.12747192382812
ims,3,scratch_ensemble,5,20,230.0,91.88131713867188
ims,3,scratch_ensemble,5,21,229.0,91.93936920166016
ims,3,scratch_ensemble,5,22,228.0,92.13235473632812
ims,3,scratch_ensemble,5,23,227.0,92.31466674804688
ims,3,scratch_ensemble,5,24,226.0,92.44578552246094
ims,3,scratch_ensemble,5,25,225.0,92.34625244140625
ims,3,scratch_ensemble,5,26,224.0,92.36287689208984
ims,3,scratch_ensemble,5,27,223.0,92.3294677734375
ims,3,scratch_ensemble,5,28,222.0,92.37632751464844
ims,3,scratch_ensemble,5,29,221.0,92.50238037109375
ims,3,scratch_ensemble,5,30,220.0,92.60132598876953
ims,3,scratch_ensemble,5,31,219.0,92.62393188476562
ims,3,scratch_ensemble,5,32,218.0,92.73328399658203
ims,3,scratch_ensemble,5,33,217.0,92.53475189208984
ims,3,scratch_ensemble,5,34,216.0,92.56864166259766
ims,3,scratch_ensemble,5,35,215.0,92.43353271484375
ims,3,scratch_ensemble,5,36,214.0,92.58517456054688
ims,3,scratch_ensemble,5,37,213.0,92.84598541259766
ims,3,scratch_ensemble,5,38,212.0,92.89334869384766
ims,3,scratch_ensemble,5,39,211.0,92.90115356445312
ims,3,scratch_ensemble,5,40,210.0,92.94941711425781
ims,3,scratch_ensemble,5,41,209.0,93.09902954101562
ims,3,scratch_ensemble,5,42,208.0,93.11006164550781
ims,3,scratch_ensemble,5,43,207.0,93.04377746582031
ims,3,scratch_ensemble,5,44,206.0,93.07223510742188
ims,3,scratch_ensemble,5,45,205.0,93.16427612304688
ims,3,scratch_ensemble,5,46,204.0,93.0736312866211
ims,3,scratch_ensemble,5,47,203.0,93.32684326171875
ims,3,scratch_ensemble,5,48,202.0,93.20831298828125
ims,3,scratch_ensemble,5,49,201.0,93.18748474121094
ims,3,scratch_ensemble,5,50,200.0,93.38198852539062
ims,3,scratch_ensemble,5,51,199.0,93.5455551147461
ims,3,scratch_ensemble,5,52,198.0,93.15342712402344
ims,3,scratch_ensemble,5,53,197.0,93.34196472167969
ims,3,scratch_ensemble,5,54,196.0,93.38822937011719
ims,3,scratch_ensemble,5,55,195.0,93.57377624511719
ims,3,scratch_ensemble,5,56,194.0,93.51943969726562
ims,3,scratch_ensemble,5,57,193.0,93.60983276367188
ims,3,scratch_ensemble,5,58,192.0,93.53068542480469
ims,3,scratch_ensemble,5,59,191.0,93.54685974121094
ims,3,scratch_ensemble,5,60,190.0,93.75929260253906
ims,3,scratch_ensemble,5,61,189.0,94.05308532714844
ims,3,scratch_ensemble,5,62,188.0,93.90543365478516
ims,3,scratch_ensemble,5,63,187.0,94.09062957763672
ims,3,scratch_ensemble,5,64,186.0,94.03704833984375
ims,3,scratch_ensemble,5,65,185.0,94.06285858154297
ims,3,scratch_ensemble,5,66,184.0,94.23877716064453
ims,3,scratch_ensemble,5,67,183.0,94.08584594726562
ims,3,scratch_ensemble,5,68,182.0,94.27642822265625
ims,3,scratch_ensemble,5,69,181.0,94.11499786376953
ims,3,scratch_ensemble,5,70,180.0,93.98858642578125
ims,3,scratch_ensemble,5,71,179.0,94.1988525390625
ims,3,scratch_ensemble,5,72,178.0,94.06668090820312
ims,3,scratch_ensemble,5,73,177.0,94.10302734375
ims,3,scratch_ensemble,5,74,176.0,94.35618591308594
ims,3,scratch_ensemble,5,75,175.0,94.2426528930664
ims,3,scratch_ensemble,5,76,174.0,94.52154541015625
ims,3,scratch_ensemble,5,77,173.0,94.36759948730469
ims,3,scratch_ensemble,5,78,172.0,94.61209106445312
ims,3,scratch_ensemble,5,79,171.0,94.63832092285156
ims,3,scratch_ensemble,5,80,170.0,94.66983032226562
ims,3,scratch_ensemble,5,81,169.0,94.67282104492188
ims,3,scratch_ensemble,5,82,168.0,94.81818389892578
ims,3,scratch_ensemble,5,83,167.0,94.62098693847656
ims,3,scratch_ensemble,5,84,166.0,94.83419799804688
ims,3,scratch_ensemble,5,85,165.0,94.87940979003906
ims,3,scratch_ensemble,5,86,164.0,94.77772521972656
ims,3,scratch_ensemble,5,87,163.0,94.7269515991211
ims,3,scratch_ensemble,5,88,162.0,94.94075012207031
ims,3,scratch_ensemble,5,89,161.0,95.085693359375
ims,3,scratch_ensemble,5,90,160.0,95.10523223876953
ims,3,scratch_ensemble,5,91,159.0,95.21173095703125
ims,3,scratch_ensemble,5,92,158.0,94.88733673095703
ims,3,scratch_ensemble,5,93,157.0,95.03861999511719
ims,3,scratch_ensemble,5,94,156.0,95.19354248046875
ims,3,scratch_ensemble,5,95,155.0,95.1741714477539
ims,3,scratch_ensemble,5,96,154.0,95.02030944824219
ims,3,scratch_ensemble,5,97,153.0,95.19722747802734
ims,3,scratch_ensemble,5,98,152.0,95.27883911132812
ims,3,scratch_ensemble,5,99,151.0,95.5214614868164
ims,3,scratch_ensemble,5,100,150.0,95.55632781982422
ims,3,scratch_ensemble,5,101,149.0,95.32844543457031
ims,3,scratch_ensemble,5,102,148.0,95.28157043457031
ims,3,scratch_ensemble,5,103,147.0,95.36229705810547
ims,3,scratch_ensemble,5,104,146.0,95.26325988769531
ims,3,scratch_ensemble,5,105,145.0,95.03361511230469
ims,3,scratch_ensemble,5,106,144.0,95.32508850097656
ims,3,scratch_ensemble,5,107,143.0,95.18656921386719
ims,3,scratch_ensemble,5,108,142.0,94.96033477783203
ims,3,scratch_ensemble,5,109,141.0,94.96209716796875
ims,3,scratch_ensemble,5,110,140.0,95.05247497558594
ims,3,scratch_ensemble,5,111,139.0,95.50562286376953
ims,3,scratch_ensemble,5,112,138.0,95.76025390625
ims,3,scratch_ensemble,5,113,137.0,95.54891967773438
ims,3,scratch_ensemble,5,114,136.0,94.92373657226562
ims,3,scratch_ensemble,5,115,135.0,95.20353698730469
ims,3,scratch_ensemble,5,116,134.0,95.29666137695312
ims,3,scratch_ensemble,5,117,133.0,95.1511001586914
ims,3,scratch_ensemble,5,118,132.0,95.36331176757812
ims,3,scratch_ensemble,5,119,131.0,95.11557006835938
ims,3,scratch_ensemble,5,120,130.0,94.96269226074219
ims,3,scratch_ensemble,5,121,129.0,95.15885162353516
ims,3,scratch_ensemble,5,122,128.0,95.25889587402344
ims,3,scratch_ensemble,5,123,127.00000762939453,95.28250122070312
ims,3,scratch_ensemble,5,124,126.0,94.97557067871094
ims,3,scratch_ensemble,5,125,125.0,94.9088134765625
ims,3,scratch_ensemble,5,126,124.00000762939453,95.21514129638672
ims,3,scratch_ensemble,5,127,123.0,95.19769287109375
ims,3,scratch_ensemble,5,128,122.0,94.74171447753906
ims,3,scratch_ensemble,5,129,121.00000762939453,94.89669036865234
ims,3,scratch_ensemble,5,130,120.0,94.86088562011719
ims,3,scratch_ensemble,5,131,119.0,94.77264404296875
ims,3,scratch_ensemble,5,132,118.00000762939453,94.25025939941406
ims,3,scratch_ensemble,5,133,117.0,94.25919342041016
ims,3,scratch_ensemble,5,134,116.0,94.3265380859375
ims,3,scratch_ensemble,5,135,115.0,94.42433166503906
ims,3,scratch_ensemble,5,136,114.0,94.5932388305664
ims,3,scratch_ensemble,5,137,113.0,94.34879302978516
ims,3,scratch_ensemble,5,138,112.0,93.49565124511719
ims,3,scratch_ensemble,5,139,111.0,93.94120788574219
ims,3,scratch_ensemble,5,140,110.0,93.64210510253906
ims,3,scratch_ensemble,5,141,109.0,94.19396209716797
ims,3,scratch_ensemble,5,142,108.0,94.69429016113281
ims,3,scratch_ensemble,5,143,107.0,93.07933807373047
ims,3,scratch_ensemble,5,144,106.0,93.33607482910156
ims,3,scratch_ensemble,5,145,105.0,93.68281555175781
ims,3,scratch_ensemble,5,146,104.0,93.7518539428711
ims,3,scratch_ensemble,5,147,103.0,94.17733764648438
ims,3,scratch_ensemble,5,148,102.0,94.50924682617188
ims,3,scratch_ensemble,5,149,101.0,94.80050659179688
ims,3,scratch_ensemble,5,150,100.0,94.55143737792969
ims,3,scratch_ensemble,5,151,99.0,94.24615478515625
ims,3,scratch_ensemble,5,152,98.0,93.76786804199219
ims,3,scratch_ensemble,5,153,97.0,93.67207336425781
ims,3,scratch_ensemble,5,154,96.0,92.81080627441406
ims,3,scratch_ensemble,5,155,95.0,92.94972229003906
ims,3,scratch_ensemble,5,156,94.0,92.93321228027344
ims,3,scratch_ensemble,5,157,93.0,92.59623718261719
ims,3,scratch_ensemble,5,158,92.0,92.32154083251953
ims,3,scratch_ensemble,5,159,91.0,92.192138671875
ims,3,scratch_ensemble,5,160,90.0,92.30105590820312
ims,3,scratch_ensemble,5,161,89.0,91.90011596679688
ims,3,scratch_ensemble,5,162,88.0,91.99093627929688
ims,3,scratch_ensemble,5,163,87.0,91.67808532714844
ims,3,scratch_ensemble,5,164,86.0,91.78123474121094
ims,3,scratch_ensemble,5,165,85.0,91.38435363769531
ims,3,scratch_ensemble,5,166,84.0,91.76758575439453
ims,3,scratch_ensemble,5,167,83.0,90.29121398925781
ims,3,scratch_ensemble,5,168,82.0,88.65036010742188
ims,3,scratch_ensemble,5,169,81.0,88.76042175292969
ims,3,scratch_ensemble,5,170,80.0,87.63814544677734
ims,3,scratch_ensemble,5,171,79.0,88.3458480834961
ims,3,scratch_ensemble,5,172,78.0,88.60902404785156
ims,3,scratch_ensemble,5,173,77.0,86.04875183105469
ims,3,scratch_ensemble,5,174,76.0,86.9388656616211
ims,3,scratch_ensemble,5,175,75.0,87.02754211425781
ims,3,scratch_ensemble,5,176,74.0,87.57630920410156
ims,3,scratch_ensemble,5,177,73.0,87.31137084960938
ims,3,scratch_ensemble,5,178,72.0,86.06712341308594
ims,3,scratch_ensemble,5,179,71.0,86.4103012084961
ims,3,scratch_ensemble,5,180,70.0,86.61000061035156
ims,3,scratch_ensemble,5,181,69.0,85.7707748413086
ims,3,scratch_ensemble,5,182,68.0,84.11038970947266
ims,3,scratch_ensemble,5,183,67.0,83.91779327392578
ims,3,scratch_ensemble,5,184,66.0,83.47144317626953
ims,3,scratch_ensemble,5,185,65.0,83.1717300415039
ims,3,scratch_ensemble,5,186,64.0,80.74482727050781
ims,3,scratch_ensemble,5,187,63.0,80.25453186035156
ims,3,scratch_ensemble,5,188,62.000003814697266,78.81727600097656
ims,3,scratch_ensemble,5,189,61.0,77.5933837890625
ims,3,scratch_ensemble,5,190,60.0,76.76406860351562
ims,3,scratch_ensemble,5,191,59.000003814697266,75.39179992675781
ims,3,scratch_ensemble,5,192,58.0,74.72563171386719
ims,3,scratch_ensemble,5,193,57.0,72.92771911621094
ims,3,scratch_ensemble,5,194,56.0,72.50121307373047
ims,3,scratch_ensemble,5,195,55.0,71.44845581054688
ims,3,scratch_ensemble,5,196,54.0,69.80267333984375
ims,3,scratch_ensemble,5,197,53.0,69.63034057617188
ims,3,scratch_ensemble,5,198,52.0,67.681884765625
ims,3,scratch_ensemble,5,199,51.0,65.57210540771484
ims,3,scratch_ensemble,5,200,50.0,63.113975524902344
ims,3,scratch_ensemble,5,201,49.0,62.40241241455078
ims,3,scratch_ensemble,5,202,48.0,60.597904205322266
ims,3,scratch_ensemble,5,203,47.0,59.173919677734375
ims,3,scratch_ensemble,5,204,46.0,58.1798095703125
ims,3,scratch_ensemble,5,205,45.0,55.72539520263672
ims,3,scratch_ensemble,5,206,44.0,55.00131607055664
ims,3,scratch_ensemble,5,207,43.0,53.176883697509766
ims,3,scratch_ensemble,5,208,42.0,50.79640197753906
ims,3,scratch_ensemble,5,209,41.0,49.50849533081055
ims,3,scratch_ensemble,5,210,40.0,48.14685821533203
ims,3,scratch_ensemble,5,211,39.0,47.275970458984375
ims,3,scratch_ensemble,5,212,38.0,45.24009323120117
ims,3,scratch_ensemble,5,213,37.0,43.85131072998047
ims,3,scratch_ensemble,5,214,36.0,42.565582275390625
ims,3,scratch_ensemble,5,215,35.0,41.2674560546875
ims,3,scratch_ensemble,5,216,34.0,39.966487884521484
ims,3,scratch_ensemble,5,217,33.0,38.939064025878906
ims,3,scratch_ensemble,5,218,32.0,38.24831771850586
ims,3,scratch_ensemble,5,219,31.000001907348633,36.4310302734375
ims,3,scratch_ensemble,5,220,30.0,34.888221740722656
ims,3,scratch_ensemble,5,221,29.0,34.25625991821289
ims,3,scratch_ensemble,5,222,28.0,32.951629638671875
ims,3,scratch_ensemble,5,223,27.0,32.05009460449219
ims,3,scratch_ensemble,5,224,26.0,30.964370727539062
ims,3,scratch_ensemble,5,225,25.0,29.895549774169922
ims,3,scratch_ensemble,5,226,24.0,28.98582649230957
ims,3,scratch_ensemble,5,227,23.0,28.134197235107422
ims,3,scratch_ensemble,5,228,22.0,27.1518497467041
ims,3,scratch_ensemble,5,229,21.0,26.521385192871094
ims,3,scratch_ensemble,5,230,20.0,25.644302368164062
ims,3,scratch_ensemble,5,231,19.0,24.823366165161133
ims,3,scratch_ensemble,5,232,18.0,24.002586364746094
ims,3,scratch_ensemble,5,233,17.0,23.42308807373047
ims,3,scratch_ensemble,5,234,16.0,22.74618148803711
ims,3,scratch_ensemble,5,235,15.0,22.10991668701172
ims,3,scratch_ensemble,5,236,14.0,21.479421615600586
ims,3,scratch_ensemble,5,237,13.0,20.866697311401367
ims,3,scratch_ensemble,5,238,12.0,20.710351943969727
ims,3,scratch_ensemble,5,239,11.0,20.09427261352539
ims,3,scratch_ensemble,5,240,10.0,19.52503776550293
ims,3,scratch_ensemble,5,241,9.0,18.991655349731445
ims,3,scratch_ensemble,5,242,8.0,18.4383544921875
ims,3,scratch_ensemble,5,243,7.0,18.087949752807617
ims,3,scratch_ensemble,5,244,6.0,17.590312957763672
ims,3,scratch_ensemble,5,245,5.0,17.05902862548828
ims,3,scratch_ensemble,5,246,4.0,16.64545440673828
ims,3,scratch_ensemble,5,247,3.0,16.25361442565918
ims,3,scratch_ensemble,5,248,2.0,15.982490539550781
ims,3,scratch_ensemble,5,249,1.0,15.552591323852539
ims,3,scratch_ensemble,5,250,0.0,15.1739501953125
ims,3,scratch_ensemble,5,251,0.0,14.857428550720215
ims,3,scratch_ensemble,5,252,0.0,14.464678764343262
ims,3,scratch_ensemble,5,253,0.0,14.201821327209473
ims,3,scratch_ensemble,5,254,0.0,13.91549301147461
ims,3,scratch_ensemble,5,255,0.0,13.881216049194336
ims,3,scratch_ensemble,5,256,0.0,13.513250350952148
ims,3,scratch_ensemble,5,257,0.0,13.671730041503906
ims,3,scratch_ensemble,5,258,0.0,13.31304931640625
ims,3,scratch_ensemble,5,259,0.0,13.320352554321289
ims,3,scratch_ensemble,5,260,0.0,13.095098495483398
ims,3,scratch_ensemble,5,261,0.0,12.990727424621582
ims,3,scratch_ensemble,5,262,0.0,12.919905662536621
ims,3,scratch_ensemble,5,263,0.0,12.690003395080566
ims,3,scratch_ensemble,5,264,0.0,12.538485527038574
ims,3,scratch_ensemble,5,265,0.0,12.648372650146484
ims,3,scratch_ensemble,5,266,0.0,12.685315132141113
ims,3,scratch_ensemble,5,267,0.0,12.294517517089844
ims,3,scratch_ensemble,5,268,0.0,12.63406753540039
ims,3,scratch_ensemble,5,269,0.0,12.618398666381836
ims,3,scratch_ensemble,5,270,0.0,12.773727416992188
ims,3,scratch_ensemble,5,271,0.0,12.820691108703613
ims,3,scratch_ensemble,5,272,0.0,12.892301559448242
ims,3,scratch_ensemble,5,273,0.0,12.799070358276367
ims,3,scratch_ensemble,5,274,0.0,12.901857376098633
ims,3,scratch_ensemble,5,275,0.0,13.140215873718262
ims,3,scratch_ensemble,5,276,0.0,13.30417251586914
ims,3,scratch_ensemble,5,277,0.0,13.384750366210938
ims,3,scratch_ensemble,5,278,0.0,13.52752685546875
ims,3,scratch_ensemble,5,279,0.0,13.730220794677734
ims,3,scratch_ensemble,5,280,0.0,13.979864120483398
ims,3,scratch_ensemble,5,281,0.0,14.073623657226562
ims,3,scratch_ensemble,5,282,0.0,14.272867202758789
ims,3,scratch_ensemble,5,283,0.0,14.559085845947266
ims,3,scratch_ensemble,5,284,0.0,14.877420425415039
ims,3,scratch_ensemble,5,285,0.0,14.973713874816895
ims,3,scratch_ensemble,5,286,0.0,15.37625503540039
ims,3,scratch_ensemble,5,287,0.0,15.717435836791992
ims,3,scratch_ensemble,5,288,0.0,16.076858520507812
ims,3,scratch_ensemble,5,289,0.0,16.55895233154297
ims,3,scratch_ensemble,5,290,0.0,17.100696563720703
ims,3,scratch_ensemble,5,291,0.0,17.507972717285156
ims,3,scratch_ensemble,5,292,0.0,18.068950653076172
ims,3,scratch_ensemble,5,293,0.0,18.502805709838867
ims,3,scratch_ensemble,5,294,0.0,18.84918212890625
ims,3,scratch_ensemble,5,295,0.0,19.427276611328125
ims,3,scratch_ensemble,5,296,0.0,19.905834197998047
ims,3,scratch_ensemble,5,297,0.0,20.382556915283203
ims,3,scratch_ensemble,5,298,0.0,20.831941604614258
ims,3,scratch_ensemble,5,299,0.0,21.201496124267578
ims,3,ridge_ensemble,5,19,231.0,243.67005920410156
ims,3,ridge_ensemble,5,20,230.0,242.17694091796875
ims,3,ridge_ensemble,5,21,229.0,241.17401123046875
ims,3,ridge_ensemble,5,22,228.0,240.43008422851562
ims,3,ridge_ensemble,5,23,227.0,239.51219177246094
ims,3,ridge_ensemble,5,24,226.0,238.41310119628906
ims,3,ridge_ensemble,5,25,225.0,236.99871826171875
ims,3,ridge_ensemble,5,26,224.0,236.0930633544922
ims,3,ridge_ensemble,5,27,223.0,235.56228637695312
ims,3,ridge_ensemble,5,28,222.0,234.25125122070312
ims,3,ridge_ensemble,5,29,221.0,233.33848571777344
ims,3,ridge_ensemble,5,30,220.0,232.16957092285156
ims,3,ridge_ensemble,5,31,219.0,231.23912048339844
ims,3,ridge_ensemble,5,32,218.0,230.26898193359375
ims,3,ridge_ensemble,5,33,217.0,228.96206665039062
ims,3,ridge_ensemble,5,34,216.0,228.03611755371094
ims,3,ridge_ensemble,5,35,215.0,226.42462158203125
ims,3,ridge_ensemble,5,36,214.0,225.76353454589844
ims,3,ridge_ensemble,5,37,213.0,225.23416137695312
ims,3,ridge_ensemble,5,38,212.0,223.99093627929688
ims,3,ridge_ensemble,5,39,211.0,222.5006103515625
ims,3,ridge_ensemble,5,40,210.0,221.83859252929688
ims,3,ridge_ensemble,5,41,209.0,221.11712646484375
ims,3,ridge_ensemble,5,42,208.0,219.6021270751953
ims,3,ridge_ensemble,5,43,207.0,218.68032836914062
ims,3,ridge_ensemble,5,44,206.0,217.52301025390625
ims,3,ridge_ensemble,5,45,205.0,216.73388671875
ims,3,ridge_ensemble,5,46,204.0,214.9975128173828
ims,3,ridge_ensemble,5,47,203.0,214.6884002685547
ims,3,ridge_ensemble,5,48,202.0,213.53663635253906
ims,3,ridge_ensemble,5,49,201.0,212.08987426757812
ims,3,ridge_ensemble,5,50,200.0,211.29635620117188
ims,3,ridge_ensemble,5,51,199.0,210.62936401367188
ims,3,ridge_ensemble,5,52,198.0,208.70285034179688
ims,3,ridge_ensemble,5,53,197.0,208.2339324951172
ims,3,ridge_ensemble,5,54,196.0,207.40354919433594
ims,3,ridge_ensemble,5,55,195.0,206.50405883789062
ims,3,ridge_ensemble,5,56,194.0,205.118896484375
ims,3,ridge_ensemble,5,57,193.0,204.0362091064453
ims,3,ridge_ensemble,5,58,192.0,202.87814331054688
ims,3,ridge_ensemble,5,59,191.0,201.50111389160156
ims,3,ridge_ensemble,5,60,190.0,201.1328125
ims,3,ridge_ensemble,5,61,189.0,200.2069091796875
ims,3,ridge_ensemble,5,62,188.0,199.1063690185547
ims,3,ridge_ensemble,5,63,187.0,197.95726013183594
ims,3,ridge_ensemble,5,64,186.0,196.61216735839844
ims,3,ridge_ensemble,5,65,185.0,195.6935272216797
ims,3,ridge_ensemble,5,66,184.0,194.87689208984375
ims,3,ridge_ensemble,5,67,183.0,193.333984375
ims,3,ridge_ensemble,5,68,182.0,192.55458068847656
ims,3,ridge_ensemble,5,69,181.0,191.62074279785156
ims,3,ridge_ensemble,5,70,180.0,190.00404357910156
ims,3,ridge_ensemble,5,71,179.0,190.0014190673828
ims,3,ridge_ensemble,5,72,178.0,188.00637817382812
ims,3,ridge_ensemble,5,73,177.0,187.36155700683594
ims,3,ridge_ensemble,5,74,176.0,186.5028076171875
ims,3,ridge_ensemble,5,75,175.0,184.51470947265625
ims,3,ridge_ensemble,5,76,174.0,184.30303955078125
ims,3,ridge_ensemble,5,77,173.0,183.20584106445312
ims,3,ridge_ensemble,5,78,172.0,182.1200408935547
ims,3,ridge_ensemble,5,79,171.0,181.143798828125
ims,3,ridge_ensemble,5,80,170.0,179.43707275390625
ims,3,ridge_ensemble,5,81,169.0,178.84886169433594
ims,3,ridge_ensemble,5,82,168.0,178.077880859375
ims,3,ridge_ensemble,5,83,167.0,176.27659606933594
ims,3,ridge_ensemble,5,84,166.0,175.60377502441406
ims,3,ridge_ensemble,5,85,165.0,174.23838806152344
ims,3,ridge_ensemble,5,86,164.0,173.1461944580078
ims,3,ridge_ensemble,5,87,163.0,172.05294799804688
ims,3,ridge_ensemble,5,88,162.0,171.3588409423828
ims,3,ridge_ensemble,5,89,161.0,170.35015869140625
ims,3,ridge_ensemble,5,90,160.0,169.3516082763672
ims,3,ridge_ensemble,5,91,159.0,168.5628662109375
ims,3,ridge_ensemble,5,92,158.0,166.85906982421875
ims,3,ridge_ensemble,5,93,157.0,166.0734405517578
ims,3,ridge_ensemble,5,94,156.0,165.27789306640625
ims,3,ridge_ensemble,5,95,155.0,163.9099578857422
ims,3,ridge_ensemble,5,96,154.0,162.67288208007812
ims,3,ridge_ensemble,5,97,153.0,161.60653686523438
ims,3,ridge_ensemble,5,98,152.0,160.4955291748047
ims,3,ridge_ensemble,5,99,151.0,159.69541931152344
ims,3,ridge_ensemble,5,100,150.0,158.80404663085938
ims,3,ridge_ensemble,5,101,149.0,157.78695678710938
ims,3,ridge_ensemble,5,102,148.0,156.29544067382812
ims,3,ridge_ensemble,5,103,147.0,155.24583435058594
ims,3,ridge_ensemble,5,104,146.0,154.0502166748047
ims,3,ridge_ensemble,5,105,145.0,152.88624572753906
ims,3,ridge_ensemble,5,106,144.0,152.33189392089844
ims,3,ridge_ensemble,5,107,143.0,150.5357666015625
ims,3,ridge_ensemble,5,108,142.0,149.3798828125
ims,3,ridge_ensemble,5,109,141.0,148.59356689453125
ims,3,ridge_ensemble,5,110,140.0,147.84921264648438
ims,3,ridge_ensemble,5,111,139.0,146.8372039794922
ims,3,ridge_ensemble,5,112,138.0,145.76931762695312
ims,3,ridge_ensemble,5,113,137.0,144.77413940429688
ims,3,ridge_ensemble,5,114,136.0,142.8357696533203
ims,3,ridge_ensemble,5,115,135.0,142.3217010498047
ims,3,ridge_ensemble,5,116,134.0,141.241943359375
ims,3,ridge_ensemble,5,117,133.0,139.718505859375
ims,3,ridge_ensemble,5,118,132.0,139.04917907714844
ims,3,ridge_ensemble,5,119,131.0,137.96658325195312
ims,3,ridge_ensemble,5,120,130.0,136.55426025390625
ims,3,ridge_ensemble,5,121,129.0,135.9625701904297
ims,3,ridge_ensemble,5,122,128.0,134.8819122314453
ims,3,ridge_ensemble,5,123,127.00000762939453,133.9215545654297
ims,3,ridge_ensemble,5,124,126.0,132.2205810546875
ims,3,ridge_ensemble,5,125,125.0,131.5479736328125
ims,3,ridge_ensemble,5,126,124.00000762939453,130.47598266601562
ims,3,ridge_ensemble,5,127,123.0,129.30596923828125
ims,3,ridge_ensemble,5,128,122.0,127.93760681152344
ims,3,ridge_ensemble,5,129,121.00000762939453,127.28634643554688
ims,3,ridge_ensemble,5,130,120.0,126.20821380615234
ims,3,ridge_ensemble,5,131,119.0,124.9209213256836
ims,3,ridge_ensemble,5,132,118.00000762939453,122.99153900146484
ims,3,ridge_ensemble,5,133,117.0,122.43467712402344
ims,3,ridge_ensemble,5,134,116.0,121.5814208984375
ims,3,ridge_ensemble,5,135,115.0,120.40245056152344
ims,3,ridge_ensemble,5,136,114.0,119.17860412597656
ims,3,ridge_ensemble,5,137,113.0,117.93387603759766
ims,3,ridge_ensemble,5,138,112.0,116.42279815673828
ims,3,ridge_ensemble,5,139,111.0,116.30036926269531
ims,3,ridge_ensemble,5,140,110.0,114.54545593261719
ims,3,ridge_ensemble,5,141,109.0,114.44097137451172
ims,3,ridge_ensemble,5,142,108.0,113.1006851196289
ims,3,ridge_ensemble,5,143,107.0,110.66361236572266
ims,3,ridge_ensemble,5,144,106.0,110.8627700805664
ims,3,ridge_ensemble,5,145,105.0,109.9360580444336
ims,3,ridge_ensemble,5,146,104.0,108.4357681274414
ims,3,ridge_ensemble,5,147,103.0,108.03472137451172
ims,3,ridge_ensemble,5,148,102.0,106.93000030517578
ims,3,ridge_ensemble,5,149,101.0,105.76866149902344
ims,3,ridge_ensemble,5,150,100.0,104.68419647216797
ims,3,ridge_ensemble,5,151,99.0,103.4520492553711
ims,3,ridge_ensemble,5,152,98.0,102.36231231689453
ims,3,ridge_ensemble,5,153,97.0,101.26432800292969
ims,3,ridge_ensemble,5,154,96.0,100.27206420898438
ims,3,ridge_ensemble,5,155,95.0,99.61576080322266
ims,3,ridge_ensemble,5,156,94.0,98.26953125
ims,3,ridge_ensemble,5,157,93.0,96.9975814819336
ims,3,ridge_ensemble,5,158,92.0,96.12673950195312
ims,3,ridge_ensemble,5,159,91.0,95.18740844726562
ims,3,ridge_ensemble,5,160,90.0,94.29986572265625
ims,3,ridge_ensemble,5,161,89.0,93.19937896728516
ims,3,ridge_ensemble,5,162,88.0,92.3826675415039
ims,3,ridge_ensemble,5,163,87.0,91.64129638671875
ims,3,ridge_ensemble,5,164,86.0,90.92613220214844
ims,3,ridge_ensemble,5,165,85.0,88.95011138916016
ims,3,ridge_ensemble,5,166,84.0,89.16559600830078
ims,3,ridge_ensemble,5,167,83.0,87.78614044189453
ims,3,ridge_ensemble,5,168,82.0,86.77727508544922
ims,3,ridge_ensemble,5,169,81.0,85.2195816040039
ims,3,ridge_ensemble,5,170,80.0,84.32490539550781
ims,3,ridge_ensemble,5,171,79.0,83.56254577636719
ims,3,ridge_ensemble,5,172,78.0,82.50995635986328
ims,3,ridge_ensemble,5,173,77.0,79.70757293701172
ims,3,ridge_ensemble,5,174,76.0,79.99156188964844
ims,3,ridge_ensemble,5,175,75.0,78.83716583251953
ims,3,ridge_ensemble,5,176,74.0,77.57476806640625
ims,3,ridge_ensemble,5,177,73.0,76.14733123779297
ims,3,ridge_ensemble,5,178,72.0,75.54696655273438
ims,3,ridge_ensemble,5,179,71.0,74.61851501464844
ims,3,ridge_ensemble,5,180,70.0,73.57170867919922
ims,3,ridge_ensemble,5,181,69.0,73.15129852294922
ims,3,ridge_ensemble,5,182,68.0,71.60956573486328
ims,3,ridge_ensemble,5,183,67.0,70.79316711425781
ims,3,ridge_ensemble,5,184,66.0,69.25926971435547
ims,3,ridge_ensemble,5,185,65.0,68.38229370117188
ims,3,ridge_ensemble,5,186,64.0,66.91936492919922
ims,3,ridge_ensemble,5,187,63.0,66.17158508300781
ims,3,ridge_ensemble,5,188,62.000003814697266,64.80108642578125
ims,3,ridge_ensemble,5,189,61.0,64.16564178466797
ims,3,ridge_ensemble,5,190,60.0,62.9106559753418
ims,3,ridge_ensemble,5,191,59.000003814697266,62.13505554199219
ims,3,ridge_ensemble,5,192,58.0,60.90981674194336
ims,3,ridge_ensemble,5,193,57.0,59.28798294067383
ims,3,ridge_ensemble,5,194,56.0,58.495628356933594
ims,3,ridge_ensemble,5,195,55.0,57.84329605102539
ims,3,ridge_ensemble,5,196,54.0,57.019229888916016
ims,3,ridge_ensemble,5,197,53.0,55.4128532409668
ims,3,ridge_ensemble,5,198,52.0,54.42495346069336
ims,3,ridge_ensemble,5,199,51.0,53.08930206298828
ims,3,ridge_ensemble,5,200,50.0,51.9440803527832
ims,3,ridge_ensemble,5,201,49.0,51.097923278808594
ims,3,ridge_ensemble,5,202,48.0,50.087890625
ims,3,ridge_ensemble,5,203,47.0,48.9395637512207
ims,3,ridge_ensemble,5,204,46.0,48.03262710571289
ims,3,ridge_ensemble,5,205,45.0,47.37422180175781
ims,3,ridge_ensemble,5,206,44.0,46.19514465332031
ims,3,ridge_ensemble,5,207,43.0,44.72843551635742
ims,3,ridge_ensemble,5,208,42.0,44.22523880004883
ims,3,ridge_ensemble,5,209,41.0,42.907108306884766
ims,3,ridge_ensemble,5,210,40.0,41.647125244140625
ims,3,ridge_ensemble,5,211,39.0,40.865325927734375
ims,3,ridge_ensemble,5,212,38.0,40.07242202758789
ims,3,ridge_ensemble,5,213,37.0,38.912628173828125
ims,3,ridge_ensemble,5,214,36.0,37.42775344848633
ims,3,ridge_ensemble,5,215,35.0,36.58457565307617
ims,3,ridge_ensemble,5,216,34.0,35.56122970581055
ims,3,ridge_ensemble,5,217,33.0,34.7254753112793
ims,3,ridge_ensemble,5,218,32.0,33.65654754638672
ims,3,ridge_ensemble,5,219,31.000001907348633,32.749244689941406
ims,3,ridge_ensemble,5,220,30.0,30.87336540222168
ims,3,ridge_ensemble,5,221,29.0,31.11117935180664
ims,3,ridge_ensemble,5,222,28.0,29.450870513916016
ims,3,ridge_ensemble,5,223,27.0,28.573753356933594
ims,3,ridge_ensemble,5,224,26.0,26.791719436645508
ims,3,ridge_ensemble,5,225,25.0,25.779645919799805
ims,3,ridge_ensemble,5,226,24.0,24.863445281982422
ims,3,ridge_ensemble,5,227,23.0,24.240943908691406
ims,3,ridge_ensemble,5,228,22.0,22.917797088623047
ims,3,ridge_ensemble,5,229,21.0,22.152936935424805
ims,3,ridge_ensemble,5,230,20.0,20.579795837402344
ims,3,ridge_ensemble,5,231,19.0,19.862457275390625
ims,3,ridge_ensemble,5,232,18.0,18.32583999633789
ims,3,ridge_ensemble,5,233,17.0,17.391189575195312
ims,3,ridge_ensemble,5,234,16.0,16.313344955444336
ims,3,ridge_ensemble,5,235,15.0,15.234102249145508
ims,3,ridge_ensemble,5,236,14.0,14.420011520385742
ims,3,ridge_ensemble,5,237,13.0,13.599581718444824
ims,3,ridge_ensemble,5,238,12.0,12.596415519714355
ims,3,ridge_ensemble,5,239,11.0,11.074387550354004
ims,3,ridge_ensemble,5,240,10.0,9.799887657165527
ims,3,ridge_ensemble,5,241,9.0,8.94927978515625
ims,3,ridge_ensemble,5,242,8.0,7.764870643615723
ims,3,ridge_ensemble,5,243,7.0,6.7108354568481445
ims,3,ridge_ensemble,5,244,6.0,5.528933048248291
ims,3,ridge_ensemble,5,245,5.0,4.477879524230957
ims,3,ridge_ensemble,5,246,4.0,3.570220947265625
ims,3,ridge_ensemble,5,247,3.0,2.5036983489990234
ims,3,ridge_ensemble,5,248,2.0,1.3689868450164795
ims,3,ridge_ensemble,5,249,1.0,0.4609972834587097
ims,3,ridge_ensemble,5,250,0.0,0.0
ims,3,ridge_ensemble,5,251,0.0,0.0
ims,3,ridge_ensemble,5,252,0.0,0.0
ims,3,ridge_ensemble,5,253,0.0,0.0
ims,3,ridge_ensemble,5,254,0.0,0.0
ims,3,ridge_ensemble,5,255,0.0,0.0
ims,3,ridge_ensemble,5,256,0.0,0.0
ims,3,ridge_ensemble,5,257,0.0,0.0
ims,3,ridge_ensemble,5,258,0.0,0.0
ims,3,ridge_ensemble,5,259,0.0,0.0
ims,3,ridge_ensemble,5,260,0.0,0.0
ims,3,ridge_ensemble,5,261,0.0,0.0
ims,3,ridge_ensemble,5,262,0.0,0.0
ims,3,ridge_ensemble,5,263,0.0,0.0
ims,3,ridge_ensemble,5,264,0.0,0.0
ims,3,ridge_ensemble,5,265,0.0,0.0
ims,3,ridge_ensemble,5,266,0.0,0.04004768282175064
ims,3,ridge_ensemble,5,267,0.0,0.0
ims,3,ridge_ensemble,5,268,0.0,0.56456458568573
ims,3,ridge_ensemble,5,269,0.0,0.05460866168141365
ims,3,ridge_ensemble,5,270,0.0,0.31136441230773926
ims,3,ridge_ensemble,5,271,0.0,0.49115216732025146
ims,3,ridge_ensemble,5,272,0.0,0.38216447830200195
ims,3,ridge_ensemble,5,273,0.0,0.0
ims,3,ridge_ensemble,5,274,0.0,0.2271975576877594
ims,3,ridge_ensemble,5,275,0.0,0.1683134138584137
ims,3,ridge_ensemble,5,276,0.0,0.5149542689323425
ims,3,ridge_ensemble,5,277,0.0,0.19893261790275574
ims,3,ridge_ensemble,5,278,0.0,0.5642586946487427
ims,3,ridge_ensemble,5,279,0.0,0.4785146415233612
ims,3,ridge_ensemble,5,280,0.0,0.7742533683776855
ims,3,ridge_ensemble,5,281,0.0,0.489757239818573
ims,3,ridge_ensemble,5,282,0.0,0.6440146565437317
ims,3,ridge_ensemble,5,283,0.0,0.6074976921081543
ims,3,ridge_ensemble,5,284,0.0,0.8184084892272949
ims,3,ridge_ensemble,5,285,0.0,0.5250948667526245
ims,3,ridge_ensemble,5,286,0.0,1.0692392587661743
ims,3,ridge_ensemble,5,287,0.0,1.487178087234497
ims,3,ridge_ensemble,5,288,0.0,2.0405378341674805
ims,3,ridge_ensemble,5,289,0.0,2.38783597946167
ims,3,ridge_ensemble,5,290,0.0,3.1488852500915527
ims,3,ridge_ensemble,5,291,0.0,3.0214195251464844
ims,3,ridge_ensemble,5,292,0.0,4.168024063110352
ims,3,ridge_ensemble,5,293,0.0,4.479363441467285
ims,3,ridge_ensemble,5,294,0.0,4.582389831542969
ims,3,ridge_ensemble,5,295,0.0,5.475849628448486
ims,3,ridge_ensemble,5,296,0.0,5.9234843254089355
ims,3,ridge_ensemble,5,297,0.0,6.49319314956665
ims,3,ridge_ensemble,5,298,0.0,7.156923770904541
ims,3,ridge_ensemble,5,299,0.0,7.713791370391846
