bias,fit_diagnostics,fit_groups,mae,method,n,n_shots,normalized_rmse,outer_holdout,raw_rmse,seed,source,test_groups,validation_groups
-4.698624134063721,"{'best_validation_normalized_rmse': 0.008175716735422611, 'best_epoch': 15, 'epochs_ran': 30, 'frozen_encoder': False, 'requested_warmup_frozen_epochs': 2, 'warmup_frozen_epochs': 2, 'encoder_unfreeze_epoch': 3, 'encoder_anchor_weight': 0.02, 'encoder_was_unfrozen': True, 'require_unfrozen_checkpoint': True, 'best_checkpoint_after_encoder_unfreeze': True, 'residual_target': True, 'bounded_residual_range': [-0.5, 0.5], 'training_seed': 11042, 'trend_prior_method': 'ridge', 'raw_model_validation_available': True, 'target_adapter_alignment': {'enabled': False, 'steps': 0, 'source_samples': 0, 'target_fit_samples': 0, 'target_labels_used': False, 'validation_or_holdout_used': False}, 'residual_blend_selection_unit': 'seed_ensemble', 'residual_blend_weight': 0.5, 'blend_selection_data': 'chronological_validation_fallback', 'blend_selection_raw_rmse': 2.2450313568115234}",['3'],4.73938512802124,trend_residual_transfer,281,1,0.021307429450959082,1,5.476009368896484,42,femto,['1'],['2']
-5.498960971832275,"{'best_validation_normalized_rmse': 0.005775499623268843, 'best_epoch': 3, 'epochs_ran': 18, 'frozen_encoder': False, 'requested_warmup_frozen_epochs': 2, 'warmup_frozen_epochs': 2, 'encoder_unfreeze_epoch': 3, 'encoder_anchor_weight': 0.02, 'encoder_was_unfrozen': True, 'require_unfrozen_checkpoint': True, 'best_checkpoint_after_encoder_unfreeze': True, 'residual_target': True, 'bounded_residual_range': [-0.5, 0.5], 'training_seed': 11123, 'trend_prior_method': 'ridge', 'raw_model_validation_available': True, 'target_adapter_alignment': {'enabled': False, 'steps': 0, 'source_samples': 0, 'target_fit_samples': 0, 'target_labels_used': False, 'validation_or_holdout_used': False}, 'residual_blend_selection_unit': 'seed_ensemble', 'residual_blend_weight': 0.5, 'blend_selection_data': 'chronological_validation_fallback', 'blend_selection_raw_rmse': 2.2450313568115234}",['3'],5.873259544372559,trend_residual_transfer,281,1,0.025283954486772706,1,6.497976303100586,123,femto,['1'],['2']
-4.963595390319824,"{'best_validation_normalized_rmse': 0.032818663865327835, 'best_epoch': 9, 'epochs_ran': 24, 'frozen_encoder': False, 'requested_warmup_frozen_epochs': 2, 'warmup_frozen_epochs': 2, 'encoder_unfreeze_epoch': 3, 'encoder_anchor_weight': 0.02, 'encoder_was_unfrozen': True, 'require_unfrozen_checkpoint': True, 'best_checkpoint_after_encoder_unfreeze': True, 'residual_target': True, 'bounded_residual_range': [-0.5, 0.5], 'training_seed': 11456, 'trend_prior_method': 'ridge', 'raw_model_validation_available': True, 'target_adapter_alignment': {'enabled': False, 'steps': 0, 'source_samples': 0, 'target_fit_samples': 0, 'target_labels_used': False, 'validation_or_holdout_used': False}, 'residual_blend_selection_unit': 'seed_ensemble', 'residual_blend_weight': 0.5, 'blend_selection_data': 'chronological_validation_fallback', 'blend_selection_raw_rmse': 2.2450313568115234}",['3'],4.998012065887451,trend_residual_transfer,281,1,0.0228374570260252,1,5.869226455688477,456,femto,['1'],['2']
-6.439866542816162,"{'best_validation_normalized_rmse': 0.007870014756917953, 'best_epoch': 110, 'epochs_ran': 120, 'frozen_encoder': False, 'requested_warmup_frozen_epochs': 2, 'warmup_frozen_epochs': 2, 'encoder_unfreeze_epoch': 3, 'encoder_anchor_weight': 0.02, 'encoder_was_unfrozen': True, 'require_unfrozen_checkpoint': True, 'best_checkpoint_after_encoder_unfreeze': True, 'residual_target': True, 'bounded_residual_range': [-0.5, 0.5], 'training_seed': 13026, 'trend_prior_method': 'ridge', 'raw_model_validation_available': True, 'target_adapter_alignment': {'enabled': False, 'steps': 0, 'source_samples': 0, 'target_fit_samples': 0, 'target_labels_used': False, 'validation_or_holdout_used': False}, 'residual_blend_selection_unit': 'seed_ensemble', 'residual_blend_weight': 0.5, 'blend_selection_data': 'chronological_validation_fallback', 'blend_selection_raw_rmse': 2.2450313568115234}",['3'],6.464353084564209,trend_residual_transfer,281,1,0.02804403453485511,1,7.207316875457764,2026,femto,['1'],['2']
-6.309970378875732,"{'best_validation_normalized_rmse': 0.008701138198375702, 'best_epoch': 113, 'epochs_ran': 120, 'frozen_encoder': False, 'requested_warmup_frozen_epochs': 2, 'warmup_frozen_epochs': 2, 'encoder_unfreeze_epoch': 3, 'encoder_anchor_weight': 0.02, 'encoder_was_unfrozen': True, 'require_unfrozen_checkpoint': True, 'best_checkpoint_after_encoder_unfreeze': True, 'residual_target': True, 'bounded_residual_range': [-0.5, 0.5], 'training_seed': 14407, 'trend_prior_method': 'ridge', 'raw_model_validation_available': True, 'target_adapter_alignment': {'enabled': False, 'steps': 0, 'source_samples': 0, 'target_fit_samples': 0, 'target_labels_used': False, 'validation_or_holdout_used': False}, 'residual_blend_selection_unit': 'seed_ensemble', 'residual_blend_weight': 0.5, 'blend_selection_data': 'chronological_validation_fallback', 'blend_selection_raw_rmse': 2.2450313568115234}",['3'],6.365222930908203,trend_residual_transfer,281,1,0.027946206846125858,1,7.182175159454346,3407,femto,['1'],['2']
-4.203967571258545,"{'best_validation_normalized_rmse': 0.0074726976454257965, 'best_epoch': 11, 'epochs_ran': 26, 'frozen_encoder': True, 'requested_warmup_frozen_epochs': 0, 'warmup_frozen_epochs': 0, 'encoder_unfreeze_epoch': None, 'encoder_anchor_weight': 0.0, 'encoder_was_unfrozen': False, 'require_unfrozen_checkpoint': False, 'best_checkpoint_after_encoder_unfreeze': False, 'residual_target': True, 'bounded_residual_range': [-0.5, 0.5], 'training_seed': 11042, 'trend_prior_method': 'ridge', 'raw_model_validation_available': True, 'target_adapter_alignment': {'enabled': False, 'steps': 0, 'source_samples': 0, 'target_fit_samples': 0, 'target_labels_used': False, 'validation_or_holdout_used': False}, 'residual_blend_selection_unit': 'seed_ensemble', 'residual_blend_weight': 0.45, 'blend_selection_data': 'chronological_validation_fallback', 'blend_selection_raw_rmse': 2.283620834350586}",['3'],4.257466793060303,trend_residual_frozen,281,1,0.019565316953547733,1,5.028286457061768,42,femto,['1'],['2']
-5.786826133728027,"{'best_validation_normalized_rmse': 0.006190356332808733, 'best_epoch': 3, 'epochs_ran': 18, 'frozen_encoder': True, 'requested_warmup_frozen_epochs': 0, 'warmup_frozen_epochs': 0, 'encoder_unfreeze_epoch': None, 'encoder_anchor_weight': 0.0, 'encoder_was_unfrozen': False, 'require_unfrozen_checkpoint': False, 'best_checkpoint_after_encoder_unfreeze': False, 'residual_target': True, 'bounded_residual_range': [-0.5, 0.5], 'training_seed': 11123, 'trend_prior_method': 'ridge', 'raw_model_validation_available': True, 'target_adapter_alignment': {'enabled': False, 'steps': 0, 'source_samples': 0, 'target_fit_samples': 0, 'target_labels_used': False, 'validation_or_holdout_used': False}, 'residual_blend_selection_unit': 'seed_ensemble', 'residual_blend_weight': 0.45, 'blend_selection_data': 'chronological_validation_fallback', 'blend_selection_raw_rmse': 2.283620834350586}",['3'],6.102607250213623,trend_residual_frozen,281,1,0.026342891069701672,1,6.77012300491333,123,femto,['1'],['2']
-5.320801734924316,"{'best_validation_normalized_rmse': 0.030951138585805893, 'best_epoch': 9, 'epochs_ran': 24, 'frozen_encoder': True, 'requested_warmup_frozen_epochs': 0, 'warmup_frozen_epochs': 0, 'encoder_unfreeze_epoch': None, 'encoder_anchor_weight': 0.0, 'encoder_was_unfrozen': False, 'require_unfrozen_checkpoint': False, 'best_checkpoint_after_encoder_unfreeze': False, 'residual_target': True, 'bounded_residual_range': [-0.5, 0.5], 'training_seed': 11456, 'trend_prior_method': 'ridge', 'raw_model_validation_available': True, 'target_adapter_alignment': {'enabled': False, 'steps': 0, 'source_samples': 0, 'target_fit_samples': 0, 'target_labels_used': False, 'validation_or_holdout_used': False}, 'residual_blend_selection_unit': 'seed_ensemble', 'residual_blend_weight': 0.45, 'blend_selection_data': 'chronological_validation_fallback', 'blend_selection_raw_rmse': 2.283620834350586}",['3'],5.346141815185547,trend_residual_frozen,281,1,0.023926644009838773,1,6.1491475105285645,456,femto,['1'],['2']
-6.143495559692383,"{'best_validation_normalized_rmse': 0.008829096332192421, 'best_epoch': 21, 'epochs_ran': 36, 'frozen_encoder': True, 'requested_warmup_frozen_epochs': 0, 'warmup_frozen_epochs': 0, 'encoder_unfreeze_epoch': None, 'encoder_anchor_weight': 0.0, 'encoder_was_unfrozen': False, 'require_unfrozen_checkpoint': False, 'best_checkpoint_after_encoder_unfreeze': False, 'residual_target': True, 'bounded_residual_range': [-0.5, 0.5], 'training_seed': 13026, 'trend_prior_method': 'ridge', 'raw_model_validation_available': True, 'target_adapter_alignment': {'enabled': False, 'steps': 0, 'source_samples': 0, 'target_fit_samples': 0, 'target_labels_used': False, 'validation_or_holdout_used': False}, 'residual_blend_selection_unit': 'seed_ensemble', 'residual_blend_weight': 0.45, 'blend_selection_data': 'chronological_validation_fallback', 'blend_selection_raw_rmse': 2.283620834350586}",['3'],6.179909706115723,trend_residual_frozen,281,1,0.027187089511856496,1,6.987082004547119,2026,femto,['1'],['2']
-6.488704204559326,"{'best_validation_normalized_rmse': 0.011074799112975597, 'best_epoch': 6, 'epochs_ran': 21, 'frozen_encoder': True, 'requested_warmup_frozen_epochs': 0, 'warmup_frozen_epochs': 0, 'encoder_unfreeze_epoch': None, 'encoder_anchor_weight': 0.0, 'encoder_was_unfrozen': False, 'require_unfrozen_checkpoint': False, 'best_checkpoint_after_encoder_unfreeze': False, 'residual_target': True, 'bounded_residual_range': [-0.5, 0.5], 'training_seed': 14407, 'trend_prior_method': 'ridge', 'raw_model_validation_available': True, 'target_adapter_alignment': {'enabled': False, 'steps': 0, 'source_samples': 0, 'target_fit_samples': 0, 'target_labels_used': False, 'validation_or_holdout_used': False}, 'residual_blend_selection_unit': 'seed_ensemble', 'residual_blend_weight': 0.45, 'blend_selection_data': 'chronological_validation_fallback', 'blend_selection_raw_rmse': 2.283620834350586}",['3'],6.729670524597168,trend_residual_frozen,281,1,0.029288345737679924,1,7.52710485458374,3407,femto,['1'],['2']
-3.1674256324768066,"{'best_validation_normalized_rmse': 0.00805732887238264, 'best_epoch': 8, 'epochs_ran': 23, 'frozen_encoder': False, 'requested_warmup_frozen_epochs': 0, 'warmup_frozen_epochs': 0, 'encoder_unfreeze_epoch': 1, 'encoder_anchor_weight': 0.0, 'encoder_was_unfrozen': True, 'require_unfrozen_checkpoint': False, 'best_checkpoint_after_encoder_unfreeze': True, 'residual_target': True, 'bounded_residual_range': [-0.5, 0.5], 'training_seed': 11042, 'trend_prior_method': 'ridge', 'raw_model_validation_available': True, 'target_adapter_alignment': {'enabled': False, 'reason': 'scratch_target_only_control', 'target_labels_used': False, 'validation_or_holdout_used': False}, 'residual_blend_selection_unit': 'seed_ensemble', 'residual_blend_weight': 1.0, 'blend_selection_data': 'chronological_validation_fallback', 'blend_selection_raw_rmse': 2.1935393810272217}",['3'],3.937609910964966,trend_residual_scratch,281,1,0.01935997083493244,1,4.975512504577637,42,femto,['1'],['2']
-5.298803806304932,"{'best_validation_normalized_rmse': 0.007889221422374249, 'best_epoch': 15, 'epochs_ran': 30, 'frozen_encoder': False, 'requested_warmup_frozen_epochs': 0, 'warmup_frozen_epochs': 0, 'encoder_unfreeze_epoch': 1, 'encoder_anchor_weight': 0.0, 'encoder_was_unfrozen': True, 'require_unfrozen_checkpoint': False, 'best_checkpoint_after_encoder_unfreeze': True, 'residual_target': True, 'bounded_residual_range': [-0.5, 0.5], 'training_seed': 11123, 'trend_prior_method': 'ridge', 'raw_model_validation_available': True, 'target_adapter_alignment': {'enabled': False, 'reason': 'scratch_target_only_control', 'target_labels_used': False, 'validation_or_holdout_used': False}, 'residual_blend_selection_unit': 'seed_ensemble', 'residual_blend_weight': 1.0, 'blend_selection_data': 'chronological_validation_fallback', 'blend_selection_raw_rmse': 2.1935393810272217}",['3'],5.298803806304932,trend_residual_scratch,281,1,0.023641929552248944,1,6.0759758949279785,123,femto,['1'],['2']
-8.025185585021973,"{'best_validation_normalized_rmse': 0.01463811844587326, 'best_epoch': 8, 'epochs_ran': 23, 'frozen_encoder': False, 'requested_warmup_frozen_epochs': 0, 'warmup_frozen_epochs': 0, 'encoder_unfreeze_epoch': 1, 'encoder_anchor_weight': 0.0, 'encoder_was_unfrozen': True, 'require_unfrozen_checkpoint': False, 'best_checkpoint_after_encoder_unfreeze': True, 'residual_target': True, 'bounded_residual_range': [-0.5, 0.5], 'training_seed': 11456, 'trend_prior_method': 'ridge', 'raw_model_validation_available': True, 'target_adapter_alignment': {'enabled': False, 'reason': 'scratch_target_only_control', 'target_labels_used': False, 'validation_or_holdout_used': False}, 'residual_blend_selection_unit': 'seed_ensemble', 'residual_blend_weight': 1.0, 'blend_selection_data': 'chronological_validation_fallback', 'blend_selection_raw_rmse': 2.1935393810272217}",['3'],8.047101020812988,trend_residual_scratch,281,1,0.03717626950156364,1,9.554301261901855,456,femto,['1'],['2']
-8.809243202209473,"{'best_validation_normalized_rmse': 0.010159770958125591, 'best_epoch': 1, 'epochs_ran': 16, 'frozen_encoder': False, 'requested_warmup_frozen_epochs': 0, 'warmup_frozen_epochs': 0, 'encoder_unfreeze_epoch': 1, 'encoder_anchor_weight': 0.0, 'encoder_was_unfrozen': True, 'require_unfrozen_checkpoint': False, 'best_checkpoint_after_encoder_unfreeze': True, 'residual_target': True, 'bounded_residual_range': [-0.5, 0.5], 'training_seed': 13026, 'trend_prior_method': 'ridge', 'raw_model_validation_available': True, 'target_adapter_alignment': {'enabled': False, 'reason': 'scratch_target_only_control', 'target_labels_used': False, 'validation_or_holdout_used': False}, 'residual_blend_selection_unit': 'seed_ensemble', 'residual_blend_weight': 1.0, 'blend_selection_data': 'chronological_validation_fallback', 'blend_selection_raw_rmse': 2.1935393810272217}",['3'],8.809243202209473,trend_residual_scratch,281,1,0.03803007519198763,1,9.77372932434082,2026,femto,['1'],['2']
-5.743367671966553,"{'best_validation_normalized_rmse': 0.009284017607569695, 'best_epoch': 6, 'epochs_ran': 21, 'frozen_encoder': False, 'requested_warmup_frozen_epochs': 0, 'warmup_frozen_epochs': 0, 'encoder_unfreeze_epoch': 1, 'encoder_anchor_weight': 0.0, 'encoder_was_unfrozen': True, 'require_unfrozen_checkpoint': False, 'best_checkpoint_after_encoder_unfreeze': True, 'residual_target': True, 'bounded_residual_range': [-0.5, 0.5], 'training_seed': 14407, 'trend_prior_method': 'ridge', 'raw_model_validation_available': True, 'target_adapter_alignment': {'enabled': False, 'reason': 'scratch_target_only_control', 'target_labels_used': False, 'validation_or_holdout_used': False}, 'residual_blend_selection_unit': 'seed_ensemble', 'residual_blend_weight': 1.0, 'blend_selection_data': 'chronological_validation_fallback', 'blend_selection_raw_rmse': 2.1935393810272217}",['3'],5.743367671966553,trend_residual_scratch,281,1,0.025003251398583795,1,6.425835609436035,3407,femto,['1'],['2']
-6.0642523765563965,"{'family': 'target_only_ridge', 'alpha': 1.0, 'validation_raw_rmse': 2.3461689949035645}",['3'],6.1299543380737305,ridge,281,1,0.027157961626461044,1,6.979596138000488,,femto,['1'],['2']
-8.6637601852417,"{'family': 'causal_target_time_trend', 'degree': 1, 'trend_prior_selected_for_residual': 'ridge'}",['3'],8.6637601852417,trend_linear,281,1,0.039312314430563364,1,10.103264808654785,,femto,['1'],['2']
-9.496919631958008,"{'family': 'causal_target_time_trend', 'degree': 2, 'trend_prior_selected_for_residual': 'ridge'}",['3'],9.63896369934082,trend_quadratic,281,1,0.042898467542596366,1,11.024906158447266,,femto,['1'],['2']
-10.436098098754883,"{'family': 'causal_target_time_trend', 'degree': 1, 'trend_prior_selected_for_residual': 'ridge'}",['3'],10.436098098754883,trend_huber,281,1,0.04335568943840057,1,11.142412185668945,,femto,['1'],['2']
-6.0642523765563965,"{'selected_method': 'ridge', 'selection_policy': 'ridge', 'selected_beta': [0.4516537905633861, -0.11653396280862045, -0.13622470948170953, 0.0, 0.0, 0.0, -0.010677957957878867, -0.02209347834578186, 0.01357227757213791, -0.012815318662182856, -0.022594005074487333, -0.0224497001652512, 0.02675950345276127, -0.0030994676000778445, -0.03926879831819616], 'selected_diagnostics': {'family': 'causal_target_ridge_prior', 'alpha': 1.0, 'validation_raw_rmse': 2.3461689949035645}, 'candidates': {'trend_linear': {'degree': 1, 'endpoint_scale_from_fit_groups': 299.0, 'validation_raw_rmse': 9.2540864944458, 'beta': [0.9743326142266551, -1.0916427659074501]}, 'trend_quadratic': {'degree': 2, 'selected_alpha': 0.1, 'endpoint_scale_from_fit_groups': 299.0, 'validation_raw_rmse': 9.797005653381348, 'beta': [1.0086442810663983, -1.2766108083734944, 0.17972029690651067]}, 'trend_huber': {'degree': 1, 'selected_delta': 2.0, 'endpoint_scale_from_fit_groups': 299.0, 'validation_raw_rmse': 9.873392105102539, 'beta': [0.9951724915205147, -1.1496077021953863]}, 'ridge': {'family': 'causal_target_ridge_prior', 'alpha': 1.0, 'validation_raw_rmse': 2.3461689949035645, 'beta': [0.4516537905633861, -0.11653396280862045, -0.13622470948170953, 0.0, 0.0, 0.0, -0.010677957957878867, -0.02209347834578186, 0.01357227757213791, -0.012815318662182856, -0.022594005074487333, -0.0224497001652512, 0.02675950345276127, -0.0030994676000778445, -0.03926879831819616]}}, 'full_life_target_labels_used_for_prior': False, 'holdout_labels_used_for_prior': False}",['3'],6.1299543380737305,trend_prior,281,1,0.027157961626461044,1,6.979596138000488,,femto,['1'],['2']
-5.5822038650512695,,['3'],5.68412446975708,trend_residual_transfer_ensemble,281,1,0.02497565978232061,1,6.4187445640563965,,femto,['1'],['2']
-5.5822038650512695,,['3'],5.68412446975708,trend_residual_transfer_calibrated_ensemble,281,1,0.02497565978232061,1,6.4187445640563965,,femto,['1'],['2']
-6.629740238189697,,['3'],6.629740238189697,trend_residual_transfer_affine_calibrated_ensemble,281,1,0.02697334771954132,1,6.932150363922119,,femto,['1'],['2']
-5.5822038650512695,,['3'],5.68412446975708,ridge_calibrated_transfer_ensemble,281,1,0.02497565978232061,1,6.4187445640563965,,femto,['1'],['2']
-6.208804607391357,,['3'],6.347228050231934,trend_residual_scratch_calibrated_ensemble,281,1,0.027974729871935416,1,7.189505577087402,,femto,['1'],['2']
-6.877420902252197,,['3'],6.877420902252197,trend_residual_scratch_affine_calibrated_ensemble,281,1,0.028315030183309713,1,7.276962757110596,,femto,['1'],['2']
-6.208804607391357,,['3'],6.347228050231934,ridge_calibrated_scratch_ensemble,281,1,0.027974729871935416,1,7.189505577087402,,femto,['1'],['2']
-5.588758945465088,,['3'],5.7191290855407715,trend_residual_frozen_ensemble,281,1,0.02518039918595251,1,6.471362590789795,,femto,['1'],['2']
-6.208804607391357,,['3'],6.347228050231934,trend_residual_scratch_ensemble,281,1,0.027974729871935416,1,7.189505577087402,,femto,['1'],['2']
-6.0642523765563965,,['3'],6.1299543380737305,ridge_ensemble,281,1,0.027157961626461044,1,6.979596138000488,,femto,['1'],['2']
-8.6637601852417,,['3'],8.6637601852417,trend_linear_ensemble,281,1,0.039312314430563364,1,10.103264808654785,,femto,['1'],['2']
-9.496919631958008,,['3'],9.63896369934082,trend_quadratic_ensemble,281,1,0.042898467542596366,1,11.024906158447266,,femto,['1'],['2']
-10.436098098754883,,['3'],10.436098098754883,trend_huber_ensemble,281,1,0.04335568943840057,1,11.142412185668945,,femto,['1'],['2']
-6.0642523765563965,,['3'],6.1299543380737305,trend_prior_ensemble,281,1,0.027157961626461044,1,6.979596138000488,,femto,['1'],['2']
-1.9667556285858154,"{'best_validation_normalized_rmse': 0.03917944058775902, 'best_epoch': 3, 'epochs_ran': 16, 'frozen_encoder': False, 'requested_warmup_frozen_epochs': 2, 'warmup_frozen_epochs': 2, 'encoder_unfreeze_epoch': 3, 'encoder_anchor_weight': 0.02, 'encoder_was_unfrozen': True, 'require_unfrozen_checkpoint': True, 'best_checkpoint_after_encoder_unfreeze': True, 'residual_target': True, 'bounded_residual_range': [-0.5, 0.5], 'training_seed': 12042, 'trend_prior_method': 'ridge', 'raw_model_validation_available': True, 'target_adapter_alignment': {'enabled': False, 'steps': 0, 'source_samples': 0, 'target_fit_samples': 0, 'target_labels_used': False, 'validation_or_holdout_used': False}, 'residual_blend_selection_unit': 'seed_ensemble', 'residual_blend_weight': 1.0, 'blend_selection_data': 'fit_only_inner_group_loo', 'blend_selection_raw_rmse': 4.430080997168088}","['3', '4']",4.6312971115112305,trend_residual_transfer,281,2,0.0222352756345404,1,6.025759696960449,42,femto,['1'],['2']
-3.623120069503784,"{'best_validation_normalized_rmse': 0.0497581884264946, 'best_epoch': 6, 'epochs_ran': 21, 'frozen_encoder': False, 'requested_warmup_frozen_epochs': 2, 'warmup_frozen_epochs': 2, 'encoder_unfreeze_epoch': 3, 'encoder_anchor_weight': 0.02, 'encoder_was_unfrozen': True, 'require_unfrozen_checkpoint': True, 'best_checkpoint_after_encoder_unfreeze': True, 'residual_target': True, 'bounded_residual_range': [-0.5, 0.5], 'training_seed': 12123, 'trend_prior_method': 'ridge', 'raw_model_validation_available': True, 'target_adapter_alignment': {'enabled': False, 'steps': 0, 'source_samples': 0, 'target_fit_samples': 0, 'target_labels_used': False, 'validation_or_holdout_used': False}, 'residual_blend_selection_unit': 'seed_ensemble', 'residual_blend_weight': 1.0, 'blend_selection_data': 'fit_only_inner_group_loo', 'blend_selection_raw_rmse': 4.430080997168088}","['3', '4']",4.226971626281738,trend_residual_transfer,281,2,0.020914579229601195,1,5.667850971221924,123,femto,['1'],['2']
-2.436803102493286,"{'best_validation_normalized_rmse': 0.05119768902659416, 'best_epoch': 3, 'epochs_ran': 16, 'frozen_encoder': False, 'requested_warmup_frozen_epochs': 2, 'warmup_frozen_epochs': 2, 'encoder_unfreeze_epoch': 3, 'encoder_anchor_weight': 0.02, 'encoder_was_unfrozen': True, 'require_unfrozen_checkpoint': True, 'best_checkpoint_after_encoder_unfreeze': True, 'residual_target': True, 'bounded_residual_range': [-0.5, 0.5], 'training_seed': 12456, 'trend_prior_method': 'ridge', 'raw_model_validation_available': True, 'target_adapter_alignment': {'enabled': False, 'steps': 0, 'source_samples': 0, 'target_fit_samples': 0, 'target_labels_used': False, 'validation_or_holdout_used': False}, 'residual_blend_selection_unit': 'seed_ensemble', 'residual_blend_weight': 1.0, 'blend_selection_data': 'fit_only_inner_group_loo', 'blend_selection_raw_rmse': 4.430080997168088}","['3', '4']",3.3943326473236084,trend_residual_transfer,281,2,0.019331696288612057,1,5.238889694213867,456,femto,['1'],['2']
6.866995334625244,"{'best_validation_normalized_rmse': 0.026019714772701263, 'best_epoch': 3, 'epochs_ran': 18, 'frozen_encoder': False, 'requested_warmup_frozen_epochs': 2, 'warmup_frozen_epochs': 2, 'encoder_unfreeze_epoch': 3, 'encoder_anchor_weight': 0.02, 'encoder_was_unfrozen': True, 'require_unfrozen_checkpoint': True, 'best_checkpoint_after_encoder_unfreeze': True, 'residual_target': True, 'bounded_residual_range': [-0.5, 0.5], 'training_seed': 14026, 'trend_prior_method': 'ridge', 'raw_model_validation_available': True, 'target_adapter_alignment': {'enabled': False, 'steps': 0, 'source_samples': 0, 'target_fit_samples': 0, 'target_labels_used': False, 'validation_or_holdout_used': False}, 'residual_blend_selection_unit': 'seed_ensemble', 'residual_blend_weight': 1.0, 'blend_selection_data': 'fit_only_inner_group_loo', 'blend_selection_raw_rmse': 4.430080997168088}","['3', '4']",8.180689811706543,trend_residual_transfer,281,2,0.03315107057015394,1,8.983940124511719,2026,femto,['1'],['2']
-4.129011154174805,"{'best_validation_normalized_rmse': 0.051579155027866364, 'best_epoch': 7, 'epochs_ran': 22, 'frozen_encoder': False, 'requested_warmup_frozen_epochs': 2, 'warmup_frozen_epochs': 2, 'encoder_unfreeze_epoch': 3, 'encoder_anchor_weight': 0.02, 'encoder_was_unfrozen': True, 'require_unfrozen_checkpoint': True, 'best_checkpoint_after_encoder_unfreeze': True, 'residual_target': True, 'bounded_residual_range': [-0.5, 0.5], 'training_seed': 15407, 'trend_prior_method': 'ridge', 'raw_model_validation_available': True, 'target_adapter_alignment': {'enabled': False, 'steps': 0, 'source_samples': 0, 'target_fit_samples': 0, 'target_labels_used': False, 'validation_or_holdout_used': False}, 'residual_blend_selection_unit': 'seed_ensemble', 'residual_blend_weight': 1.0, 'blend_selection_data': 'fit_only_inner_group_loo', 'blend_selection_raw_rmse': 4.430080997168088}","['3', '4']",4.5310773849487305,trend_residual_transfer,281,2,0.0242137363476067,1,6.561922550201416,3407,femto,['1'],['2']
-1.426021695137024,"{'best_validation_normalized_rmse': 0.036912914365530014, 'best_epoch': 1, 'epochs_ran': 16, 'frozen_encoder': True, 'requested_warmup_frozen_epochs': 0, 'warmup_frozen_epochs': 0, 'encoder_unfreeze_epoch': None, 'encoder_anchor_weight': 0.0, 'encoder_was_unfrozen': False, 'require_unfrozen_checkpoint': False, 'best_checkpoint_after_encoder_unfreeze': False, 'residual_target': True, 'bounded_residual_range': [-0.5, 0.5], 'training_seed': 12042, 'trend_prior_method': 'ridge', 'raw_model_validation_available': True, 'target_adapter_alignment': {'enabled': False, 'steps': 0, 'source_samples': 0, 'target_fit_samples': 0, 'target_labels_used': False, 'validation_or_holdout_used': False}, 'residual_blend_selection_unit': 'seed_ensemble', 'residual_blend_weight': 1.0, 'blend_selection_data': 'fit_only_inner_group_loo', 'blend_selection_raw_rmse': 3.554594984971706}","['3', '4']",5.3286848068237305,trend_residual_frozen,281,2,0.024927297641430392,1,6.755297660827637,42,femto,['1'],['2']
-1.725541591644287,"{'best_validation_normalized_rmse': 0.04254193603992462, 'best_epoch': 7, 'epochs_ran': 22, 'frozen_encoder': True, 'requested_warmup_frozen_epochs': 0, 'warmup_frozen_epochs': 0, 'encoder_unfreeze_epoch': None, 'encoder_anchor_weight': 0.0, 'encoder_was_unfrozen': False, 'require_unfrozen_checkpoint': False, 'best_checkpoint_after_encoder_unfreeze': False, 'residual_target': True, 'bounded_residual_range': [-0.5, 0.5], 'training_seed': 12123, 'trend_prior_method': 'ridge', 'raw_model_validation_available': True, 'target_adapter_alignment': {'enabled': False, 'steps': 0, 'source_samples': 0, 'target_fit_samples': 0, 'target_labels_used': False, 'validation_or_holdout_used': False}, 'residual_blend_selection_unit': 'seed_ensemble', 'residual_blend_weight': 1.0, 'blend_selection_data': 'fit_only_inner_group_loo', 'blend_selection_raw_rmse': 3.554594984971706}","['3', '4']",3.1813535690307617,trend_residual_frozen,281,2,0.01664179981414682,1,4.509927749633789,123,femto,['1'],['2']
-0.10692447423934937,"{'best_validation_normalized_rmse': 0.043762028217315674, 'best_epoch': 1, 'epochs_ran': 16, 'frozen_encoder': True, 'requested_warmup_frozen_epochs': 0, 'warmup_frozen_epochs': 0, 'encoder_unfreeze_epoch': None, 'encoder_anchor_weight': 0.0, 'encoder_was_unfrozen': False, 'require_unfrozen_checkpoint': False, 'best_checkpoint_after_encoder_unfreeze': False, 'residual_target': True, 'bounded_residual_range': [-0.5, 0.5], 'training_seed': 12456, 'trend_prior_method': 'ridge', 'raw_model_validation_available': True, 'target_adapter_alignment': {'enabled': False, 'steps': 0, 'source_samples': 0, 'target_fit_samples': 0, 'target_labels_used': False, 'validation_or_holdout_used': False}, 'residual_blend_selection_unit': 'seed_ensemble', 'residual_blend_weight': 1.0, 'blend_selection_data': 'fit_only_inner_group_loo', 'blend_selection_raw_rmse': 3.554594984971706}","['3', '4']",3.4484610557556152,trend_residual_frozen,281,2,0.017560971179131652,1,4.759023189544678,456,femto,['1'],['2']
6.177233695983887,"{'best_validation_normalized_rmse': 0.026256196200847626, 'best_epoch': 3, 'epochs_ran': 18, 'frozen_encoder': True, 'requested_warmup_frozen_epochs': 0, 'warmup_frozen_epochs': 0, 'encoder_unfreeze_epoch': None, 'encoder_anchor_weight': 0.0, 'encoder_was_unfrozen': False, 'require_unfrozen_checkpoint': False, 'best_checkpoint_after_encoder_unfreeze': False, 'residual_target': True, 'bounded_residual_range': [-0.5, 0.5], 'training_seed': 14026, 'trend_prior_method': 'ridge', 'raw_model_validation_available': True, 'target_adapter_alignment': {'enabled': False, 'steps': 0, 'source_samples': 0, 'target_fit_samples': 0, 'target_labels_used': False, 'validation_or_holdout_used': False}, 'residual_blend_selection_unit': 'seed_ensemble', 'residual_blend_weight': 1.0, 'blend_selection_data': 'fit_only_inner_group_loo', 'blend_selection_raw_rmse': 3.554594984971706}","['3', '4']",7.736701488494873,trend_residual_frozen,281,2,0.03148030003058514,1,8.531161308288574,2026,femto,['1'],['2']
-2.43467116355896,"{'best_validation_normalized_rmse': 0.04608086124062538, 'best_epoch': 7, 'epochs_ran': 22, 'frozen_encoder': True, 'requested_warmup_frozen_epochs': 0, 'warmup_frozen_epochs': 0, 'encoder_unfreeze_epoch': None, 'encoder_anchor_weight': 0.0, 'encoder_was_unfrozen': False, 'require_unfrozen_checkpoint': False, 'best_checkpoint_after_encoder_unfreeze': False, 'residual_target': True, 'bounded_residual_range': [-0.5, 0.5], 'training_seed': 15407, 'trend_prior_method': 'ridge', 'raw_model_validation_available': True, 'target_adapter_alignment': {'enabled': False, 'steps': 0, 'source_samples': 0, 'target_fit_samples': 0, 'target_labels_used': False, 'validation_or_holdout_used': False}, 'residual_blend_selection_unit': 'seed_ensemble', 'residual_blend_weight': 1.0, 'blend_selection_data': 'fit_only_inner_group_loo', 'blend_selection_raw_rmse': 3.554594984971706}","['3', '4']",3.56960129737854,trend_residual_frozen,281,2,0.020070639043716487,1,5.439143180847168,3407,femto,['1'],['2']
-3.1673409938812256,"{'best_validation_normalized_rmse': 0.04624816030263901, 'best_epoch': 1, 'epochs_ran': 16, 'frozen_encoder': False, 'requested_warmup_frozen_epochs': 0, 'warmup_frozen_epochs': 0, 'encoder_unfreeze_epoch': 1, 'encoder_anchor_weight': 0.0, 'encoder_was_unfrozen': True, 'require_unfrozen_checkpoint': False, 'best_checkpoint_after_encoder_unfreeze': True, 'residual_target': True, 'bounded_residual_range': [-0.5, 0.5], 'training_seed': 12042, 'trend_prior_method': 'ridge', 'raw_model_validation_available': True, 'target_adapter_alignment': {'enabled': False, 'reason': 'scratch_target_only_control', 'target_labels_used': False, 'validation_or_holdout_used': False}, 'residual_blend_selection_unit': 'seed_ensemble', 'residual_blend_weight': 1.0, 'blend_selection_data': 'fit_only_inner_group_loo', 'blend_selection_raw_rmse': 5.287319335388956}","['3', '4']",5.859925746917725,trend_residual_scratch,281,2,0.029228996966597778,1,7.921058177947998,42,femto,['1'],['2']
-1.320800542831421,"{'best_validation_normalized_rmse': 0.038746271282434464, 'best_epoch': 3, 'epochs_ran': 18, 'frozen_encoder': False, 'requested_warmup_frozen_epochs': 0, 'warmup_frozen_epochs': 0, 'encoder_unfreeze_epoch': 1, 'encoder_anchor_weight': 0.0, 'encoder_was_unfrozen': True, 'require_unfrozen_checkpoint': False, 'best_checkpoint_after_encoder_unfreeze': True, 'residual_target': True, 'bounded_residual_range': [-0.5, 0.5], 'training_seed': 12123, 'trend_prior_method': 'ridge', 'raw_model_validation_available': True, 'target_adapter_alignment': {'enabled': False, 'reason': 'scratch_target_only_control', 'target_labels_used': False, 'validation_or_holdout_used': False}, 'residual_blend_selection_unit': 'seed_ensemble', 'residual_blend_weight': 1.0, 'blend_selection_data': 'fit_only_inner_group_loo', 'blend_selection_raw_rmse': 5.287319335388956}","['3', '4']",3.1974756717681885,trend_residual_scratch,281,2,0.017348166321476448,1,4.701353073120117,123,femto,['1'],['2']
-2.5517492294311523,"{'best_validation_normalized_rmse': 0.04484565556049347, 'best_epoch': 15, 'epochs_ran': 30, 'frozen_encoder': False, 'requested_warmup_frozen_epochs': 0, 'warmup_frozen_epochs': 0, 'encoder_unfreeze_epoch': 1, 'encoder_anchor_weight': 0.0, 'encoder_was_unfrozen': True, 'require_unfrozen_checkpoint': False, 'best_checkpoint_after_encoder_unfreeze': True, 'residual_target': True, 'bounded_residual_range': [-0.5, 0.5], 'training_seed': 12456, 'trend_prior_method': 'ridge', 'raw_model_validation_available': True, 'target_adapter_alignment': {'enabled': False, 'reason': 'scratch_target_only_control', 'target_labels_used': False, 'validation_or_holdout_used': False}, 'residual_blend_selection_unit': 'seed_ensemble', 'residual_blend_weight': 1.0, 'blend_selection_data': 'fit_only_inner_group_loo', 'blend_selection_raw_rmse': 5.287319335388956}","['3', '4']",3.7225537300109863,trend_residual_scratch,281,2,0.017726271794730887,1,4.80381965637207,456,femto,['1'],['2']
0.13938745856285095,"{'best_validation_normalized_rmse': 0.03528561815619469, 'best_epoch': 1, 'epochs_ran': 16, 'frozen_encoder': False, 'requested_warmup_frozen_epochs': 0, 'warmup_frozen_epochs': 0, 'encoder_unfreeze_epoch': 1, 'encoder_anchor_weight': 0.0, 'encoder_was_unfrozen': True, 'require_unfrozen_checkpoint': False, 'best_checkpoint_after_encoder_unfreeze': True, 'residual_target': True, 'bounded_residual_range': [-0.5, 0.5], 'training_seed': 14026, 'trend_prior_method': 'ridge', 'raw_model_validation_available': True, 'target_adapter_alignment': {'enabled': False, 'reason': 'scratch_target_only_control', 'target_labels_used': False, 'validation_or_holdout_used': False}, 'residual_blend_selection_unit': 'seed_ensemble', 'residual_blend_weight': 1.0, 'blend_selection_data': 'fit_only_inner_group_loo', 'blend_selection_raw_rmse': 5.287319335388956}","['3', '4']",4.3710856437683105,trend_residual_scratch,281,2,0.020427204146156452,1,5.535772323608398,2026,femto,['1'],['2']
-1.0849303007125854,"{'best_validation_normalized_rmse': 0.046531740576028824, 'best_epoch': 5, 'epochs_ran': 20, 'frozen_encoder': False, 'requested_warmup_frozen_epochs': 0, 'warmup_frozen_epochs': 0, 'encoder_unfreeze_epoch': 1, 'encoder_anchor_weight': 0.0, 'encoder_was_unfrozen': True, 'require_unfrozen_checkpoint': False, 'best_checkpoint_after_encoder_unfreeze': True, 'residual_target': True, 'bounded_residual_range': [-0.5, 0.5], 'training_seed': 15407, 'trend_prior_method': 'ridge', 'raw_model_validation_available': True, 'target_adapter_alignment': {'enabled': False, 'reason': 'scratch_target_only_control', 'target_labels_used': False, 'validation_or_holdout_used': False}, 'residual_blend_selection_unit': 'seed_ensemble', 'residual_blend_weight': 1.0, 'blend_selection_data': 'fit_only_inner_group_loo', 'blend_selection_raw_rmse': 5.287319335388956}","['3', '4']",3.393242597579956,trend_residual_scratch,281,2,0.017433405802258706,1,4.724452972412109,3407,femto,['1'],['2']
-3.7079575061798096,"{'family': 'target_only_ridge', 'alpha': 100.0, 'validation_raw_rmse': 12.653182029724121}","['3', '4']",4.598296642303467,ridge,281,2,0.02569652219540079,1,6.963757514953613,,femto,['1'],['2']
-2.9855079650878906,"{'family': 'causal_target_time_trend', 'degree': 1, 'trend_prior_selected_for_residual': 'ridge'}","['3', '4']",3.42403244972229,trend_linear,281,2,0.01634543408326997,1,4.429612636566162,,femto,['1'],['2']
-3.5632917881011963,"{'family': 'causal_target_time_trend', 'degree': 2, 'trend_prior_selected_for_residual': 'ridge'}","['3', '4']",4.431851863861084,trend_quadratic,281,2,0.01893436424846579,1,5.1312127113342285,,femto,['1'],['2']
-3.21572208404541,"{'family': 'causal_target_time_trend', 'degree': 1, 'trend_prior_selected_for_residual': 'ridge'}","['3', '4']",3.3382067680358887,trend_huber,281,2,0.01576675260198952,1,4.27278995513916,,femto,['1'],['2']
-3.7079575061798096,"{'selected_method': 'ridge', 'selection_policy': 'ridge', 'selected_beta': [0.43639967868417534, -0.05847441556048487, -0.06241033326657914, 0.0, 0.0, 0.012381879792235808, 0.00935187152267193, -0.023006210836228135, 0.007347875959139648, -0.05884546544000464, -0.03789232194055466, -0.03817360835125119, 0.02474249455322158, -0.027292109099383934, -0.018686364416537656], 'selected_diagnostics': {'family': 'causal_target_ridge_prior', 'alpha': 100.0, 'validation_raw_rmse': 12.653182029724121}, 'candidates': {'trend_linear': {'degree': 1, 'endpoint_scale_from_fit_groups': 299.0, 'validation_raw_rmse': 3.809370994567871, 'beta': [0.9562263540577541, -1.0534159529060638]}, 'trend_quadratic': {'degree': 2, 'selected_alpha': 0.1, 'endpoint_scale_from_fit_groups': 299.0, 'validation_raw_rmse': 4.187742710113525, 'beta': [0.9878061771837235, -1.2189989611643577, 0.15846062673245484]}, 'trend_huber': {'degree': 1, 'selected_delta': 1.0, 'endpoint_scale_from_fit_groups': 299.0, 'validation_raw_rmse': 3.438967227935791, 'beta': [0.961254172517398, -1.0668559940194942]}, 'ridge': {'family': 'causal_target_ridge_prior', 'alpha': 100.0, 'validation_raw_rmse': 12.653182029724121, 'beta': [0.43639967868417534, -0.05847441556048487, -0.06241033326657914, 0.0, 0.0, 0.012381879792235808, 0.00935187152267193, -0.023006210836228135, 0.007347875959139648, -0.05884546544000464, -0.03789232194055466, -0.03817360835125119, 0.02474249455322158, -0.027292109099383934, -0.018686364416537656]}}, 'full_life_target_labels_used_for_prior': False, 'holdout_labels_used_for_prior': False}","['3', '4']",4.598296642303467,trend_prior,281,2,0.02569652219540079,1,6.963757514953613,,femto,['1'],['2']
-1.057739019393921,,"['3', '4']",3.6437132358551025,trend_residual_transfer_ensemble,281,2,0.01865442388611966,1,5.055348873138428,,femto,['1'],['2']
-1.057739019393921,,"['3', '4']",3.6437132358551025,trend_residual_transfer_calibrated_ensemble,281,2,0.01865442388611966,1,5.055348873138428,,femto,['1'],['2']
8.005139350891113,,"['3', '4']",8.072919845581055,trend_residual_transfer_affine_calibrated_ensemble,281,2,0.03508531211487042,1,9.508119583129883,,femto,['1'],['2']
-1.057739019393921,,"['3', '4']",3.6437132358551025,ridge_calibrated_transfer_ensemble,281,2,0.01865442388611966,1,5.055348873138428,,femto,['1'],['2']
-1.5970871448516846,,"['3', '4']",3.739816427230835,trend_residual_scratch_calibrated_ensemble,281,2,0.018955557988578543,1,5.136956214904785,,femto,['1'],['2']
8.016408920288086,,"['3', '4']",8.049057960510254,trend_residual_scratch_affine_calibrated_ensemble,281,2,0.03450669925591163,1,9.35131549835205,,femto,['1'],['2']
-1.5970871448516846,,"['3', '4']",3.739816427230835,ridge_calibrated_scratch_ensemble,281,2,0.018955557988578543,1,5.136956214904785,,femto,['1'],['2']
0.09681544452905655,,"['3', '4']",3.821159601211548,trend_residual_frozen_ensemble,281,2,0.01849662245859519,1,5.012584686279297,,femto,['1'],['2']
-1.5970871448516846,,"['3', '4']",3.739816427230835,trend_residual_scratch_ensemble,281,2,0.018955557988578543,1,5.136956214904785,,femto,['1'],['2']
-3.7079575061798096,,"['3', '4']",4.598296642303467,ridge_ensemble,281,2,0.02569652219540079,1,6.963757514953613,,femto,['1'],['2']
-2.9855079650878906,,"['3', '4']",3.42403244972229,trend_linear_ensemble,281,2,0.01634543408326997,1,4.429612636566162,,femto,['1'],['2']
-3.5632917881011963,,"['3', '4']",4.431851863861084,trend_quadratic_ensemble,281,2,0.01893436424846579,1,5.1312127113342285,,femto,['1'],['2']
-3.21572208404541,,"['3', '4']",3.3382067680358887,trend_huber_ensemble,281,2,0.01576675260198952,1,4.27278995513916,,femto,['1'],['2']
-3.7079575061798096,,"['3', '4']",4.598296642303467,trend_prior_ensemble,281,2,0.02569652219540079,1,6.963757514953613,,femto,['1'],['2']
9.368478775024414,"{'best_validation_normalized_rmse': 0.044071830809116364, 'best_epoch': 3, 'epochs_ran': 16, 'frozen_encoder': False, 'requested_warmup_frozen_epochs': 2, 'warmup_frozen_epochs': 2, 'encoder_unfreeze_epoch': 3, 'encoder_anchor_weight': 0.02, 'encoder_was_unfrozen': True, 'require_unfrozen_checkpoint': True, 'best_checkpoint_after_encoder_unfreeze': True, 'residual_target': True, 'bounded_residual_range': [-0.5, 0.5], 'training_seed': 13042, 'trend_prior_method': 'ridge', 'raw_model_validation_available': True, 'target_adapter_alignment': {'enabled': False, 'steps': 0, 'source_samples': 0, 'target_fit_samples': 0, 'target_labels_used': False, 'validation_or_holdout_used': False}, 'residual_blend_selection_unit': 'seed_ensemble', 'residual_blend_weight': 1.0, 'blend_selection_data': 'fit_only_inner_group_loo', 'blend_selection_raw_rmse': 2.7266140816064492}","['3', '4', '5']",9.918444633483887,trend_residual_transfer,281,3,0.04227260645905104,1,11.455876350402832,42,femto,['1'],['2']
-4.683618068695068,"{'best_validation_normalized_rmse': 0.08008137345314026, 'best_epoch': 3, 'epochs_ran': 16, 'frozen_encoder': False, 'requested_warmup_frozen_epochs': 2, 'warmup_frozen_epochs': 2, 'encoder_unfreeze_epoch': 3, 'encoder_anchor_weight': 0.02, 'encoder_was_unfrozen': True, 'require_unfrozen_checkpoint': True, 'best_checkpoint_after_encoder_unfreeze': True, 'residual_target': True, 'bounded_residual_range': [-0.5, 0.5], 'training_seed': 13123, 'trend_prior_method': 'ridge', 'raw_model_validation_available': True, 'target_adapter_alignment': {'enabled': False, 'steps': 0, 'source_samples': 0, 'target_fit_samples': 0, 'target_labels_used': False, 'validation_or_holdout_used': False}, 'residual_blend_selection_unit': 'seed_ensemble', 'residual_blend_weight': 1.0, 'blend_selection_data': 'fit_only_inner_group_loo', 'blend_selection_raw_rmse': 2.7266140816064492}","['3', '4', '5']",5.406622886657715,trend_residual_transfer,281,3,0.02498571811127047,1,6.771129608154297,123,femto,['1'],['2']
4.330348968505859,"{'best_validation_normalized_rmse': 0.03629721701145172, 'best_epoch': 3, 'epochs_ran': 17, 'frozen_encoder': False, 'requested_warmup_frozen_epochs': 2, 'warmup_frozen_epochs': 2, 'encoder_unfreeze_epoch': 3, 'encoder_anchor_weight': 0.02, 'encoder_was_unfrozen': True, 'require_unfrozen_checkpoint': True, 'best_checkpoint_after_encoder_unfreeze': True, 'residual_target': True, 'bounded_residual_range': [-0.5, 0.5], 'training_seed': 13456, 'trend_prior_method': 'ridge', 'raw_model_validation_available': True, 'target_adapter_alignment': {'enabled': False, 'steps': 0, 'source_samples': 0, 'target_fit_samples': 0, 'target_labels_used': False, 'validation_or_holdout_used': False}, 'residual_blend_selection_unit': 'seed_ensemble', 'residual_blend_weight': 1.0, 'blend_selection_data': 'fit_only_inner_group_loo', 'blend_selection_raw_rmse': 2.7266140816064492}","['3', '4', '5']",7.632823944091797,trend_residual_transfer,281,3,0.03283234979833624,1,8.897566795349121,456,femto,['1'],['2']
-4.582047939300537,"{'best_validation_normalized_rmse': 0.09018418192863464, 'best_epoch': 22, 'epochs_ran': 37, 'frozen_encoder': False, 'requested_warmup_frozen_epochs': 2, 'warmup_frozen_epochs': 2, 'encoder_unfreeze_epoch': 3, 'encoder_anchor_weight': 0.02, 'encoder_was_unfrozen': True, 'require_unfrozen_checkpoint': True, 'best_checkpoint_after_encoder_unfreeze': True, 'residual_target': True, 'bounded_residual_range': [-0.5, 0.5], 'training_seed': 15026, 'trend_prior_method': 'ridge', 'raw_model_validation_available': True, 'target_adapter_alignment': {'enabled': False, 'steps': 0, 'source_samples': 0, 'target_fit_samples': 0, 'target_labels_used': False, 'validation_or_holdout_used': False}, 'residual_blend_selection_unit': 'seed_ensemble', 'residual_blend_weight': 1.0, 'blend_selection_data': 'fit_only_inner_group_loo', 'blend_selection_raw_rmse': 2.7266140816064492}","['3', '4', '5']",4.884514331817627,trend_residual_transfer,281,3,0.023708837938484672,1,6.425095081329346,2026,femto,['1'],['2']
-3.5382585525512695,"{'best_validation_normalized_rmse': 0.08702880144119263, 'best_epoch': 26, 'epochs_ran': 41, 'frozen_encoder': False, 'requested_warmup_frozen_epochs': 2, 'warmup_frozen_epochs': 2, 'encoder_unfreeze_epoch': 3, 'encoder_anchor_weight': 0.02, 'encoder_was_unfrozen': True, 'require_unfrozen_checkpoint': True, 'best_checkpoint_after_encoder_unfreeze': True, 'residual_target': True, 'bounded_residual_range': [-0.5, 0.5], 'training_seed': 16407, 'trend_prior_method': 'ridge', 'raw_model_validation_available': True, 'target_adapter_alignment': {'enabled': False, 'steps': 0, 'source_samples': 0, 'target_fit_samples': 0, 'target_labels_used': False, 'validation_or_holdout_used': False}, 'residual_blend_selection_unit': 'seed_ensemble', 'residual_blend_weight': 1.0, 'blend_selection_data': 'fit_only_inner_group_loo', 'blend_selection_raw_rmse': 2.7266140816064492}","['3', '4', '5']",4.012947082519531,trend_residual_transfer,281,3,0.021694626755380104,1,5.879243850708008,3407,femto,['1'],['2']
12.79482650756836,"{'best_validation_normalized_rmse': 0.03971611335873604, 'best_epoch': 1, 'epochs_ran': 16, 'frozen_encoder': True, 'requested_warmup_frozen_epochs': 0, 'warmup_frozen_epochs': 0, 'encoder_unfreeze_epoch': None, 'encoder_anchor_weight': 0.0, 'encoder_was_unfrozen': False, 'require_unfrozen_checkpoint': False, 'best_checkpoint_after_encoder_unfreeze': False, 'residual_target': True, 'bounded_residual_range': [-0.5, 0.5], 'training_seed': 13042, 'trend_prior_method': 'ridge', 'raw_model_validation_available': True, 'target_adapter_alignment': {'enabled': False, 'steps': 0, 'source_samples': 0, 'target_fit_samples': 0, 'target_labels_used': False, 'validation_or_holdout_used': False}, 'residual_blend_selection_unit': 'seed_ensemble', 'residual_blend_weight': 1.0, 'blend_selection_data': 'fit_only_inner_group_loo', 'blend_selection_raw_rmse': 2.4154430689360114}","['3', '4', '5']",12.933149337768555,trend_residual_frozen,281,3,0.052811379802183034,1,14.311883926391602,42,femto,['1'],['2']
-1.7936595678329468,"{'best_validation_normalized_rmse': 0.07120733708143234, 'best_epoch': 1, 'epochs_ran': 16, 'frozen_encoder': True, 'requested_warmup_frozen_epochs': 0, 'warmup_frozen_epochs': 0, 'encoder_unfreeze_epoch': None, 'encoder_anchor_weight': 0.0, 'encoder_was_unfrozen': False, 'require_unfrozen_checkpoint': False, 'best_checkpoint_after_encoder_unfreeze': False, 'residual_target': True, 'bounded_residual_range': [-0.5, 0.5], 'training_seed': 13123, 'trend_prior_method': 'ridge', 'raw_model_validation_available': True, 'target_adapter_alignment': {'enabled': False, 'steps': 0, 'source_samples': 0, 'target_fit_samples': 0, 'target_labels_used': False, 'validation_or_holdout_used': False}, 'residual_blend_selection_unit': 'seed_ensemble', 'residual_blend_weight': 1.0, 'blend_selection_data': 'fit_only_inner_group_loo', 'blend_selection_raw_rmse': 2.4154430689360114}","['3', '4', '5']",4.133098602294922,trend_residual_frozen,281,3,0.018879429440656712,1,5.116325378417969,123,femto,['1'],['2']
5.500701427459717,"{'best_validation_normalized_rmse': 0.036071114242076874, 'best_epoch': 2, 'epochs_ran': 17, 'frozen_encoder': True, 'requested_warmup_frozen_epochs': 0, 'warmup_frozen_epochs': 0, 'encoder_unfreeze_epoch': None, 'encoder_anchor_weight': 0.0, 'encoder_was_unfrozen': False, 'require_unfrozen_checkpoint': False, 'best_checkpoint_after_encoder_unfreeze': False, 'residual_target': True, 'bounded_residual_range': [-0.5, 0.5], 'training_seed': 13456, 'trend_prior_method': 'ridge', 'raw_model_validation_available': True, 'target_adapter_alignment': {'enabled': False, 'steps': 0, 'source_samples': 0, 'target_fit_samples': 0, 'target_labels_used': False, 'validation_or_holdout_used': False}, 'residual_blend_selection_unit': 'seed_ensemble', 'residual_blend_weight': 1.0, 'blend_selection_data': 'fit_only_inner_group_loo', 'blend_selection_raw_rmse': 2.4154430689360114}","['3', '4', '5']",8.304475784301758,trend_residual_frozen,281,3,0.03550550242631638,1,9.621991157531738,456,femto,['1'],['2']
-3.2902679443359375,"{'best_validation_normalized_rmse': 0.08412396162748337, 'best_epoch': 18, 'epochs_ran': 33, 'frozen_encoder': True, 'requested_warmup_frozen_epochs': 0, 'warmup_frozen_epochs': 0, 'encoder_unfreeze_epoch': None, 'encoder_anchor_weight': 0.0, 'encoder_was_unfrozen': False, 'require_unfrozen_checkpoint': False, 'best_checkpoint_after_encoder_unfreeze': False, 'residual_target': True, 'bounded_residual_range': [-0.5, 0.5], 'training_seed': 15026, 'trend_prior_method': 'ridge', 'raw_model_validation_available': True, 'target_adapter_alignment': {'enabled': False, 'steps': 0, 'source_samples': 0, 'target_fit_samples': 0, 'target_labels_used': False, 'validation_or_holdout_used': False}, 'residual_blend_selection_unit': 'seed_ensemble', 'residual_blend_weight': 1.0, 'blend_selection_data': 'fit_only_inner_group_loo', 'blend_selection_raw_rmse': 2.4154430689360114}","['3', '4', '5']",3.999030351638794,trend_residual_frozen,281,3,0.020265580983179522,1,5.49197244644165,2026,femto,['1'],['2']
-2.033874273300171,"{'best_validation_normalized_rmse': 0.08054590970277786, 'best_epoch': 20, 'epochs_ran': 35, 'frozen_encoder': True, 'requested_warmup_frozen_epochs': 0, 'warmup_frozen_epochs': 0, 'encoder_unfreeze_epoch': None, 'encoder_anchor_weight': 0.0, 'encoder_was_unfrozen': False, 'require_unfrozen_checkpoint': False, 'best_checkpoint_after_encoder_unfreeze': False, 'residual_target': True, 'bounded_residual_range': [-0.5, 0.5], 'training_seed': 16407, 'trend_prior_method': 'ridge', 'raw_model_validation_available': True, 'target_adapter_alignment': {'enabled': False, 'steps': 0, 'source_samples': 0, 'target_fit_samples': 0, 'target_labels_used': False, 'validation_or_holdout_used': False}, 'residual_blend_selection_unit': 'seed_ensemble', 'residual_blend_weight': 1.0, 'blend_selection_data': 'fit_only_inner_group_loo', 'blend_selection_raw_rmse': 2.4154430689360114}","['3', '4', '5']",3.4883055686950684,trend_residual_frozen,281,3,0.018051414912037305,1,4.891933441162109,3407,femto,['1'],['2']
8.891160011291504,"{'best_validation_normalized_rmse': 0.042908813804388046, 'best_epoch': 1, 'epochs_ran': 16, 'frozen_encoder': False, 'requested_warmup_frozen_epochs': 0, 'warmup_frozen_epochs': 0, 'encoder_unfreeze_epoch': 1, 'encoder_anchor_weight': 0.0, 'encoder_was_unfrozen': True, 'require_unfrozen_checkpoint': False, 'best_checkpoint_after_encoder_unfreeze': True, 'residual_target': True, 'bounded_residual_range': [-0.5, 0.5], 'training_seed': 13042, 'trend_prior_method': 'ridge', 'raw_model_validation_available': True, 'target_adapter_alignment': {'enabled': False, 'reason': 'scratch_target_only_control', 'target_labels_used': False, 'validation_or_holdout_used': False}, 'residual_blend_selection_unit': 'seed_ensemble', 'residual_blend_weight': 1.0, 'blend_selection_data': 'fit_only_inner_group_loo', 'blend_selection_raw_rmse': 1.8108116412204438}","['3', '4', '5']",10.002283096313477,trend_residual_scratch,281,3,0.04226216530887843,1,11.453046798706055,42,femto,['1'],['2']
-1.5883270502090454,"{'best_validation_normalized_rmse': 0.05735389143228531, 'best_epoch': 1, 'epochs_ran': 16, 'frozen_encoder': False, 'requested_warmup_frozen_epochs': 0, 'warmup_frozen_epochs': 0, 'encoder_unfreeze_epoch': 1, 'encoder_anchor_weight': 0.0, 'encoder_was_unfrozen': True, 'require_unfrozen_checkpoint': False, 'best_checkpoint_after_encoder_unfreeze': True, 'residual_target': True, 'bounded_residual_range': [-0.5, 0.5], 'training_seed': 13123, 'trend_prior_method': 'ridge', 'raw_model_validation_available': True, 'target_adapter_alignment': {'enabled': False, 'reason': 'scratch_target_only_control', 'target_labels_used': False, 'validation_or_holdout_used': False}, 'residual_blend_selection_unit': 'seed_ensemble', 'residual_blend_weight': 1.0, 'blend_selection_data': 'fit_only_inner_group_loo', 'blend_selection_raw_rmse': 1.8108116412204438}","['3', '4', '5']",6.432446002960205,trend_residual_scratch,281,3,0.029971773773981636,1,8.122350692749023,123,femto,['1'],['2']
8.285452842712402,"{'best_validation_normalized_rmse': 0.04670936241745949, 'best_epoch': 1, 'epochs_ran': 16, 'frozen_encoder': False, 'requested_warmup_frozen_epochs': 0, 'warmup_frozen_epochs': 0, 'encoder_unfreeze_epoch': 1, 'encoder_anchor_weight': 0.0, 'encoder_was_unfrozen': True, 'require_unfrozen_checkpoint': False, 'best_checkpoint_after_encoder_unfreeze': True, 'residual_target': True, 'bounded_residual_range': [-0.5, 0.5], 'training_seed': 13456, 'trend_prior_method': 'ridge', 'raw_model_validation_available': True, 'target_adapter_alignment': {'enabled': False, 'reason': 'scratch_target_only_control', 'target_labels_used': False, 'validation_or_holdout_used': False}, 'residual_blend_selection_unit': 'seed_ensemble', 'residual_blend_weight': 1.0, 'blend_selection_data': 'fit_only_inner_group_loo', 'blend_selection_raw_rmse': 1.8108116412204438}","['3', '4', '5']",9.556312561035156,trend_residual_scratch,281,3,0.041547268519102426,1,11.259309768676758,456,femto,['1'],['2']
-1.7855780124664307,"{'best_validation_normalized_rmse': 0.07711581140756607, 'best_epoch': 11, 'epochs_ran': 26, 'frozen_encoder': False, 'requested_warmup_frozen_epochs': 0, 'warmup_frozen_epochs': 0, 'encoder_unfreeze_epoch': 1, 'encoder_anchor_weight': 0.0, 'encoder_was_unfrozen': True, 'require_unfrozen_checkpoint': False, 'best_checkpoint_after_encoder_unfreeze': True, 'residual_target': True, 'bounded_residual_range': [-0.5, 0.5], 'training_seed': 15026, 'trend_prior_method': 'ridge', 'raw_model_validation_available': True, 'target_adapter_alignment': {'enabled': False, 'reason': 'scratch_target_only_control', 'target_labels_used': False, 'validation_or_holdout_used': False}, 'residual_blend_selection_unit': 'seed_ensemble', 'residual_blend_weight': 1.0, 'blend_selection_data': 'fit_only_inner_group_loo', 'blend_selection_raw_rmse': 1.8108116412204438}","['3', '4', '5']",3.53554630279541,trend_residual_scratch,281,3,0.017897491525459993,1,4.850220203399658,2026,femto,['1'],['2']
-1.069411277770996,"{'best_validation_normalized_rmse': 0.08059010654687881, 'best_epoch': 11, 'epochs_ran': 26, 'frozen_encoder': False, 'requested_warmup_frozen_epochs': 0, 'warmup_frozen_epochs': 0, 'encoder_unfreeze_epoch': 1, 'encoder_anchor_weight': 0.0, 'encoder_was_unfrozen': True, 'require_unfrozen_checkpoint': False, 'best_checkpoint_after_encoder_unfreeze': True, 'residual_target': True, 'bounded_residual_range': [-0.5, 0.5], 'training_seed': 16407, 'trend_prior_method': 'ridge', 'raw_model_validation_available': True, 'target_adapter_alignment': {'enabled': False, 'reason': 'scratch_target_only_control', 'target_labels_used': False, 'validation_or_holdout_used': False}, 'residual_blend_selection_unit': 'seed_ensemble', 'residual_blend_weight': 1.0, 'blend_selection_data': 'fit_only_inner_group_loo', 'blend_selection_raw_rmse': 1.8108116412204438}","['3', '4', '5']",4.051636219024658,trend_residual_scratch,281,3,0.0209588898943799,1,5.679859161376953,3407,femto,['1'],['2']
-6.6091837882995605,"{'family': 'target_only_ridge', 'alpha': 100.0, 'validation_raw_rmse': 22.80047607421875}","['3', '4', '5']",6.723455429077148,ridge,281,3,0.03278268483292133,1,8.88410758972168,,femto,['1'],['2']
-6.719385147094727,"{'family': 'causal_target_time_trend', 'degree': 1, 'trend_prior_selected_for_residual': 'ridge'}","['3', '4', '5']",6.719385147094727,trend_linear,281,3,0.02999834292929111,1,8.12955093383789,,femto,['1'],['2']
-7.482077598571777,"{'family': 'causal_target_time_trend', 'degree': 2, 'trend_prior_selected_for_residual': 'ridge'}","['3', '4', '5']",7.830777645111084,trend_quadratic,281,3,0.03326761590598694,1,9.015523910522461,,femto,['1'],['2']
-6.958364009857178,"{'family': 'causal_target_time_trend', 'degree': 1, 'trend_prior_selected_for_residual': 'ridge'}","['3', '4', '5']",6.958364009857178,trend_huber,281,3,0.0299151515608784,1,8.107006072998047,,femto,['1'],['2']
-6.6091837882995605,"{'selected_method': 'ridge', 'selection_policy': 'ridge', 'selected_beta': [0.4232200646314647, -0.06316582572304846, -0.06887298174105673, 0.0, 0.0, 0.020842848472254743, 0.007644552223114598, -0.023934024820247923, 0.012032407093692857, -0.05730500609610168, -0.03880126227516841, -0.03918997362532299, 0.018505037456348197, -0.02709766121648699, -0.020185573924026912], 'selected_diagnostics': {'family': 'causal_target_ridge_prior', 'alpha': 100.0, 'validation_raw_rmse': 22.80047607421875}, 'candidates': {'trend_linear': {'degree': 1, 'endpoint_scale_from_fit_groups': 299.0, 'validation_raw_rmse': 7.317138195037842, 'beta': [0.9342825624962041, -1.0398371204007146]}, 'trend_quadratic': {'degree': 2, 'selected_alpha': 0.1, 'endpoint_scale_from_fit_groups': 299.0, 'validation_raw_rmse': 8.002082824707031, 'beta': [0.9804019267840448, -1.27783183983913, 0.22571136091536545]}, 'trend_huber': {'degree': 1, 'selected_delta': 1.35, 'endpoint_scale_from_fit_groups': 299.0, 'validation_raw_rmse': 7.259235858917236, 'beta': [0.9376356984041346, -1.048910095188557]}, 'ridge': {'family': 'causal_target_ridge_prior', 'alpha': 100.0, 'validation_raw_rmse': 22.80047607421875, 'beta': [0.4232200646314647, -0.06316582572304846, -0.06887298174105673, 0.0, 0.0, 0.020842848472254743, 0.007644552223114598, -0.023934024820247923, 0.012032407093692857, -0.05730500609610168, -0.03880126227516841, -0.03918997362532299, 0.018505037456348197, -0.02709766121648699, -0.020185573924026912]}}, 'full_life_target_labels_used_for_prior': False, 'holdout_labels_used_for_prior': False}","['3', '4', '5']",6.723455429077148,trend_prior,281,3,0.03278268483292133,1,8.88410758972168,,femto,['1'],['2']
0.17898103594779968,,"['3', '4', '5']",4.058332443237305,trend_residual_transfer_ensemble,281,3,0.019279770305675775,1,5.224817752838135,,femto,['1'],['2']
0.17898103594779968,,"['3', '4', '5']",4.058332443237305,trend_residual_transfer_calibrated_ensemble,281,3,0.019279770305675775,1,5.224817752838135,,femto,['1'],['2']
15.81640625,,"['3', '4', '5']",15.81640625,trend_residual_transfer_affine_calibrated_ensemble,281,3,0.06198348154441017,1,16.797523498535156,,femto,['1'],['2']
0.17898103594779968,,"['3', '4', '5']",4.058332443237305,ridge_calibrated_transfer_ensemble,281,3,0.019279770305675775,1,5.224817752838135,,femto,['1'],['2']
2.546658992767334,,"['3', '4', '5']",5.603533744812012,trend_residual_scratch_calibrated_ensemble,281,3,0.024349696521829414,1,6.5987677574157715,,femto,['1'],['2']
16.146034240722656,,"['3', '4', '5']",16.146034240722656,trend_residual_scratch_affine_calibrated_ensemble,281,3,0.06289411031012165,1,17.04430389404297,,femto,['1'],['2']
2.546658992767334,,"['3', '4', '5']",5.603533744812012,ridge_calibrated_scratch_ensemble,281,3,0.024349696521829414,1,6.5987677574157715,,femto,['1'],['2']
2.2355456352233887,,"['3', '4', '5']",4.651542663574219,trend_residual_frozen_ensemble,281,3,0.020284448602542665,1,5.4970855712890625,,femto,['1'],['2']
2.546658992767334,,"['3', '4', '5']",5.603533744812012,trend_residual_scratch_ensemble,281,3,0.024349696521829414,1,6.5987677574157715,,femto,['1'],['2']
-6.6091837882995605,,"['3', '4', '5']",6.723455429077148,ridge_ensemble,281,3,0.03278268483292133,1,8.88410758972168,,femto,['1'],['2']
-6.719385147094727,,"['3', '4', '5']",6.719385147094727,trend_linear_ensemble,281,3,0.02999834292929111,1,8.12955093383789,,femto,['1'],['2']
-7.482077598571777,,"['3', '4', '5']",7.830777645111084,trend_quadratic_ensemble,281,3,0.03326761590598694,1,9.015523910522461,,femto,['1'],['2']
-6.958364009857178,,"['3', '4', '5']",6.958364009857178,trend_huber_ensemble,281,3,0.0299151515608784,1,8.107006072998047,,femto,['1'],['2']
-6.6091837882995605,,"['3', '4', '5']",6.723455429077148,trend_prior_ensemble,281,3,0.03278268483292133,1,8.88410758972168,,femto,['1'],['2']
15.923124313354492,"{'best_validation_normalized_rmse': 0.018139950931072235, 'best_epoch': 8, 'epochs_ran': 23, 'frozen_encoder': False, 'requested_warmup_frozen_epochs': 2, 'warmup_frozen_epochs': 2, 'encoder_unfreeze_epoch': 3, 'encoder_anchor_weight': 0.02, 'encoder_was_unfrozen': True, 'require_unfrozen_checkpoint': True, 'best_checkpoint_after_encoder_unfreeze': True, 'residual_target': True, 'bounded_residual_range': [-0.5, 0.5], 'training_seed': 21042, 'trend_prior_method': 'ridge', 'raw_model_validation_available': True, 'target_adapter_alignment': {'enabled': False, 'steps': 0, 'source_samples': 0, 'target_fit_samples': 0, 'target_labels_used': False, 'validation_or_holdout_used': False}, 'residual_blend_selection_unit': 'seed_ensemble', 'residual_blend_weight': 1.0, 'blend_selection_data': 'chronological_validation_fallback', 'blend_selection_raw_rmse': 5.005059719085693}",['1'],15.923124313354492,trend_residual_transfer,281,1,0.06198735573921062,2,16.674598693847656,42,femto,['2'],['3']
16.192167282104492,"{'best_validation_normalized_rmse': 0.019244294613599777, 'best_epoch': 20, 'epochs_ran': 35, 'frozen_encoder': False, 'requested_warmup_frozen_epochs': 2, 'warmup_frozen_epochs': 2, 'encoder_unfreeze_epoch': 3, 'encoder_anchor_weight': 0.02, 'encoder_was_unfrozen': True, 'require_unfrozen_checkpoint': True, 'best_checkpoint_after_encoder_unfreeze': True, 'residual_target': True, 'bounded_residual_range': [-0.5, 0.5], 'training_seed': 21123, 'trend_prior_method': 'ridge', 'raw_model_validation_available': True, 'target_adapter_alignment': {'enabled': False, 'steps': 0, 'source_samples': 0, 'target_fit_samples': 0, 'target_labels_used': False, 'validation_or_holdout_used': False}, 'residual_blend_selection_unit': 'seed_ensemble', 'residual_blend_weight': 1.0, 'blend_selection_data': 'chronological_validation_fallback', 'blend_selection_raw_rmse': 5.005059719085693}",['1'],16.192167282104492,trend_residual_transfer,281,1,0.0626934718022116,2,16.864543914794922,123,femto,['2'],['3']
1.6837358474731445,"{'best_validation_normalized_rmse': 0.025996236130595207, 'best_epoch': 3, 'epochs_ran': 16, 'frozen_encoder': False, 'requested_warmup_frozen_epochs': 2, 'warmup_frozen_epochs': 2, 'encoder_unfreeze_epoch': 3, 'encoder_anchor_weight': 0.02, 'encoder_was_unfrozen': True, 'require_unfrozen_checkpoint': True, 'best_checkpoint_after_encoder_unfreeze': True, 'residual_target': True, 'bounded_residual_range': [-0.5, 0.5], 'training_seed': 21456, 'trend_prior_method': 'ridge', 'raw_model_validation_available': True, 'target_adapter_alignment': {'enabled': False, 'steps': 0, 'source_samples': 0, 'target_fit_samples': 0, 'target_labels_used': False, 'validation_or_holdout_used': False}, 'residual_blend_selection_unit': 'seed_ensemble', 'residual_blend_weight': 1.0, 'blend_selection_data': 'chronological_validation_fallback', 'blend_selection_raw_rmse': 5.005059719085693}",['1'],3.3884289264678955,trend_residual_transfer,281,1,0.015897761490265234,2,4.276497840881348,456,femto,['2'],['3']
12.08253002166748,"{'best_validation_normalized_rmse': 0.016328511759638786, 'best_epoch': 18, 'epochs_ran': 33, 'frozen_encoder': False, 'requested_warmup_frozen_epochs': 2, 'warmup_frozen_epochs': 2, 'encoder_unfreeze_epoch': 3, 'encoder_anchor_weight': 0.02, 'encoder_was_unfrozen': True, 'require_unfrozen_checkpoint': True, 'best_checkpoint_after_encoder_unfreeze': True, 'residual_target': True, 'bounded_residual_range': [-0.5, 0.5], 'training_seed': 23026, 'trend_prior_method': 'ridge', 'raw_model_validation_available': True, 'target_adapter_alignment': {'enabled': False, 'steps': 0, 'source_samples': 0, 'target_fit_samples': 0, 'target_labels_used': False, 'validation_or_holdout_used': False}, 'residual_blend_selection_unit': 'seed_ensemble', 'residual_blend_weight': 1.0, 'blend_selection_data': 'chronological_validation_fallback', 'blend_selection_raw_rmse': 5.005059719085693}",['1'],12.086090087890625,trend_residual_transfer,281,1,0.0480403191094948,2,12.922845840454102,2026,femto,['2'],['3']
6.640891075134277,"{'best_validation_normalized_rmse': 0.021570317447185516, 'best_epoch': 10, 'epochs_ran': 25, 'frozen_encoder': False, 'requested_warmup_frozen_epochs': 2, 'warmup_frozen_epochs': 2, 'encoder_unfreeze_epoch': 3, 'encoder_anchor_weight': 0.02, 'encoder_was_unfrozen': True, 'require_unfrozen_checkpoint': True, 'best_checkpoint_after_encoder_unfreeze': True, 'residual_target': True, 'bounded_residual_range': [-0.5, 0.5], 'training_seed': 24407, 'trend_prior_method': 'ridge', 'raw_model_validation_available': True, 'target_adapter_alignment': {'enabled': False, 'steps': 0, 'source_samples': 0, 'target_fit_samples': 0, 'target_labels_used': False, 'validation_or_holdout_used': False}, 'residual_blend_selection_unit': 'seed_ensemble', 'residual_blend_weight': 1.0, 'blend_selection_data': 'chronological_validation_fallback', 'blend_selection_raw_rmse': 5.005059719085693}",['1'],6.6928629875183105,trend_residual_transfer,281,1,0.030048288820401444,2,8.082989692687988,3407,femto,['2'],['3']
14.603724479675293,"{'best_validation_normalized_rmse': 0.015376856550574303, 'best_epoch': 7, 'epochs_ran': 22, 'frozen_encoder': True, 'requested_warmup_frozen_epochs': 0, 'warmup_frozen_epochs': 0, 'encoder_unfreeze_epoch': None, 'encoder_anchor_weight': 0.0, 'encoder_was_unfrozen': False, 'require_unfrozen_checkpoint': False, 'best_checkpoint_after_encoder_unfreeze': False, 'residual_target': True, 'bounded_residual_range': [-0.5, 0.5], 'training_seed': 21042, 'trend_prior_method': 'ridge', 'raw_model_validation_available': True, 'target_adapter_alignment': {'enabled': False, 'steps': 0, 'source_samples': 0, 'target_fit_samples': 0, 'target_labels_used': False, 'validation_or_holdout_used': False}, 'residual_blend_selection_unit': 'seed_ensemble', 'residual_blend_weight': 1.0, 'blend_selection_data': 'chronological_validation_fallback', 'blend_selection_raw_rmse': 4.278006553649902}",['1'],14.605430603027344,trend_residual_frozen,281,1,0.057251965689393225,2,15.400778770446777,42,femto,['2'],['3']
15.110281944274902,"{'best_validation_normalized_rmse': 0.01612933725118637, 'best_epoch': 16, 'epochs_ran': 31, 'frozen_encoder': True, 'requested_warmup_frozen_epochs': 0, 'warmup_frozen_epochs': 0, 'encoder_unfreeze_epoch': None, 'encoder_anchor_weight': 0.0, 'encoder_was_unfrozen': False, 'require_unfrozen_checkpoint': False, 'best_checkpoint_after_encoder_unfreeze': False, 'residual_target': True, 'bounded_residual_range': [-0.5, 0.5], 'training_seed': 21123, 'trend_prior_method': 'ridge', 'raw_model_validation_available': True, 'target_adapter_alignment': {'enabled': False, 'steps': 0, 'source_samples': 0, 'target_fit_samples': 0, 'target_labels_used': False, 'validation_or_holdout_used': False}, 'residual_blend_selection_unit': 'seed_ensemble', 'residual_blend_weight': 1.0, 'blend_selection_data': 'chronological_validation_fallback', 'blend_selection_raw_rmse': 4.278006553649902}",['1'],15.110281944274902,trend_residual_frozen,281,1,0.058780453905297035,2,15.811942100524902,123,femto,['2'],['3']
-0.8313726782798767,"{'best_validation_normalized_rmse': 0.02380860596895218, 'best_epoch': 1, 'epochs_ran': 16, 'frozen_encoder': True, 'requested_warmup_frozen_epochs': 0, 'warmup_frozen_epochs': 0, 'encoder_unfreeze_epoch': None, 'encoder_anchor_weight': 0.0, 'encoder_was_unfrozen': False, 'require_unfrozen_checkpoint': False, 'best_checkpoint_after_encoder_unfreeze': False, 'residual_target': True, 'bounded_residual_range': [-0.5, 0.5], 'training_seed': 21456, 'trend_prior_method': 'ridge', 'raw_model_validation_available': True, 'target_adapter_alignment': {'enabled': False, 'steps': 0, 'source_samples': 0, 'target_fit_samples': 0, 'target_labels_used': False, 'validation_or_holdout_used': False}, 'residual_blend_selection_unit': 'seed_ensemble', 'residual_blend_weight': 1.0, 'blend_selection_data': 'chronological_validation_fallback', 'blend_selection_raw_rmse': 4.278006553649902}",['1'],2.7649359703063965,trend_residual_frozen,281,1,0.014641053614563216,2,3.938443422317505,456,femto,['2'],['3']
11.602555274963379,"{'best_validation_normalized_rmse': 0.014769609086215496, 'best_epoch': 12, 'epochs_ran': 27, 'frozen_encoder': True, 'requested_warmup_frozen_epochs': 0, 'warmup_frozen_epochs': 0, 'encoder_unfreeze_epoch': None, 'encoder_anchor_weight': 0.0, 'encoder_was_unfrozen': False, 'require_unfrozen_checkpoint': False, 'best_checkpoint_after_encoder_unfreeze': False, 'residual_target': True, 'bounded_residual_range': [-0.5, 0.5], 'training_seed': 23026, 'trend_prior_method': 'ridge', 'raw_model_validation_available': True, 'target_adapter_alignment': {'enabled': False, 'steps': 0, 'source_samples': 0, 'target_fit_samples': 0, 'target_labels_used': False, 'validation_or_holdout_used': False}, 'residual_blend_selection_unit': 'seed_ensemble', 'residual_blend_weight': 1.0, 'blend_selection_data': 'chronological_validation_fallback', 'blend_selection_raw_rmse': 4.278006553649902}",['1'],11.614046096801758,trend_residual_frozen,281,1,0.04632535388478559,2,12.461520195007324,2026,femto,['2'],['3']
5.350397109985352,"{'best_validation_normalized_rmse': 0.022874925285577774, 'best_epoch': 6, 'epochs_ran': 21, 'frozen_encoder': True, 'requested_warmup_frozen_epochs': 0, 'warmup_frozen_epochs': 0, 'encoder_unfreeze_epoch': None, 'encoder_anchor_weight': 0.0, 'encoder_was_unfrozen': False, 'require_unfrozen_checkpoint': False, 'best_checkpoint_after_encoder_unfreeze': False, 'residual_target': True, 'bounded_residual_range': [-0.5, 0.5], 'training_seed': 24407, 'trend_prior_method': 'ridge', 'raw_model_validation_available': True, 'target_adapter_alignment': {'enabled': False, 'steps': 0, 'source_samples': 0, 'target_fit_samples': 0, 'target_labels_used': False, 'validation_or_holdout_used': False}, 'residual_blend_selection_unit': 'seed_ensemble', 'residual_blend_weight': 1.0, 'blend_selection_data': 'chronological_validation_fallback', 'blend_selection_raw_rmse': 4.278006553649902}",['1'],5.516791343688965,trend_residual_frozen,281,1,0.025751700631747903,2,6.9272074699401855,3407,femto,['2'],['3']
11.953182220458984,"{'best_validation_normalized_rmse': 0.014848640188574791, 'best_epoch': 8, 'epochs_ran': 23, 'frozen_encoder': False, 'requested_warmup_frozen_epochs': 0, 'warmup_frozen_epochs': 0, 'encoder_unfreeze_epoch': 1, 'encoder_anchor_weight': 0.0, 'encoder_was_unfrozen': True, 'require_unfrozen_checkpoint': False, 'best_checkpoint_after_encoder_unfreeze': True, 'residual_target': True, 'bounded_residual_range': [-0.5, 0.5], 'training_seed': 21042, 'trend_prior_method': 'ridge', 'raw_model_validation_available': True, 'target_adapter_alignment': {'enabled': False, 'reason': 'scratch_target_only_control', 'target_labels_used': False, 'validation_or_holdout_used': False}, 'residual_blend_selection_unit': 'seed_ensemble', 'residual_blend_weight': 1.0, 'blend_selection_data': 'chronological_validation_fallback', 'blend_selection_raw_rmse': 3.4584527015686035}",['1'],12.016145706176758,trend_residual_scratch,281,1,0.04765405973980418,2,12.818942070007324,42,femto,['2'],['3']
20.83844757080078,"{'best_validation_normalized_rmse': 0.013971085660159588, 'best_epoch': 16, 'epochs_ran': 31, 'frozen_encoder': False, 'requested_warmup_frozen_epochs': 0, 'warmup_frozen_epochs': 0, 'encoder_unfreeze_epoch': 1, 'encoder_anchor_weight': 0.0, 'encoder_was_unfrozen': True, 'require_unfrozen_checkpoint': False, 'best_checkpoint_after_encoder_unfreeze': True, 'residual_target': True, 'bounded_residual_range': [-0.5, 0.5], 'training_seed': 21123, 'trend_prior_method': 'ridge', 'raw_model_validation_available': True, 'target_adapter_alignment': {'enabled': False, 'reason': 'scratch_target_only_control', 'target_labels_used': False, 'validation_or_holdout_used': False}, 'residual_blend_selection_unit': 'seed_ensemble', 'residual_blend_weight': 1.0, 'blend_selection_data': 'chronological_validation_fallback', 'blend_selection_raw_rmse': 3.4584527015686035}",['1'],20.83844757080078,trend_residual_scratch,281,1,0.08009083829404696,2,21.544435501098633,123,femto,['2'],['3']
8.611493110656738,"{'best_validation_normalized_rmse': 0.01470431312918663, 'best_epoch': 2, 'epochs_ran': 17, 'frozen_encoder': False, 'requested_warmup_frozen_epochs': 0, 'warmup_frozen_epochs': 0, 'encoder_unfreeze_epoch': 1, 'encoder_anchor_weight': 0.0, 'encoder_was_unfrozen': True, 'require_unfrozen_checkpoint': False, 'best_checkpoint_after_encoder_unfreeze': True, 'residual_target': True, 'bounded_residual_range': [-0.5, 0.5], 'training_seed': 21456, 'trend_prior_method': 'ridge', 'raw_model_validation_available': True, 'target_adapter_alignment': {'enabled': False, 'reason': 'scratch_target_only_control', 'target_labels_used': False, 'validation_or_holdout_used': False}, 'residual_blend_selection_unit': 'seed_ensemble', 'residual_blend_weight': 1.0, 'blend_selection_data': 'chronological_validation_fallback', 'blend_selection_raw_rmse': 3.4584527015686035}",['1'],8.711508750915527,trend_residual_scratch,281,1,0.03636575365598317,2,9.782387733459473,456,femto,['2'],['3']
14.173583030700684,"{'best_validation_normalized_rmse': 0.013050421141088009, 'best_epoch': 12, 'epochs_ran': 27, 'frozen_encoder': False, 'requested_warmup_frozen_epochs': 0, 'warmup_frozen_epochs': 0, 'encoder_unfreeze_epoch': 1, 'encoder_anchor_weight': 0.0, 'encoder_was_unfrozen': True, 'require_unfrozen_checkpoint': False, 'best_checkpoint_after_encoder_unfreeze': True, 'residual_target': True, 'bounded_residual_range': [-0.5, 0.5], 'training_seed': 23026, 'trend_prior_method': 'ridge', 'raw_model_validation_available': True, 'target_adapter_alignment': {'enabled': False, 'reason': 'scratch_target_only_control', 'target_labels_used': False, 'validation_or_holdout_used': False}, 'residual_blend_selection_unit': 'seed_ensemble', 'residual_blend_weight': 1.0, 'blend_selection_data': 'chronological_validation_fallback', 'blend_selection_raw_rmse': 3.4584527015686035}",['1'],14.173583030700684,trend_residual_scratch,281,1,0.055770998107456365,2,15.002398490905762,2026,femto,['2'],['3']
10.09099006652832,"{'best_validation_normalized_rmse': 0.01734362728893757, 'best_epoch': 17, 'epochs_ran': 32, 'frozen_encoder': False, 'requested_warmup_frozen_epochs': 0, 'warmup_frozen_epochs': 0, 'encoder_unfreeze_epoch': 1, 'encoder_anchor_weight': 0.0, 'encoder_was_unfrozen': True, 'require_unfrozen_checkpoint': False, 'best_checkpoint_after_encoder_unfreeze': True, 'residual_target': True, 'bounded_residual_range': [-0.5, 0.5], 'training_seed': 24407, 'trend_prior_method': 'ridge', 'raw_model_validation_available': True, 'target_adapter_alignment': {'enabled': False, 'reason': 'scratch_target_only_control', 'target_labels_used': False, 'validation_or_holdout_used': False}, 'residual_blend_selection_unit': 'seed_ensemble', 'residual_blend_weight': 1.0, 'blend_selection_data': 'chronological_validation_fallback', 'blend_selection_raw_rmse': 3.4584527015686035}",['1'],10.102643013000488,trend_residual_scratch,281,1,0.041377415001170786,2,11.130524635314941,3407,femto,['2'],['3']
13.4202880859375,"{'family': 'target_only_ridge', 'alpha': 10.0, 'validation_raw_rmse': 5.621731758117676}",['1'],13.42406177520752,ridge,281,1,0.05291917155666422,2,14.235257148742676,,femto,['2'],['3']
1.9706112146377563,"{'family': 'causal_target_time_trend', 'degree': 1, 'trend_prior_selected_for_residual': 'ridge'}",['1'],2.3836135864257812,trend_linear,281,1,0.011342344674035961,2,3.051090717315674,,femto,['2'],['3']
1.5783897638320923,"{'family': 'causal_target_time_trend', 'degree': 2, 'trend_prior_selected_for_residual': 'ridge'}",['1'],2.014518976211548,trend_quadratic,281,1,0.011098664046220176,2,2.9855406284332275,,femto,['2'],['3']
0.8935569524765015,"{'family': 'causal_target_time_trend', 'degree': 1, 'trend_prior_selected_for_residual': 'ridge'}",['1'],0.8935569524765015,trend_huber,281,1,0.0035215667189275467,2,0.94730144739151,,femto,['2'],['3']
13.4202880859375,"{'selected_method': 'ridge', 'selection_policy': 'ridge', 'selected_beta': [0.46063264783144714, -0.07372674509154378, -0.07793593547857128, 0.0, 0.0, 0.0, 0.005140750701028396, -0.02479195889771807, 0.008080919545316883, -0.05348424630497297, -0.03833451168330645, -0.038497228014032915, 0.027935352019022752, -0.018391453707018626, -0.02373564266095112], 'selected_diagnostics': {'family': 'causal_target_ridge_prior', 'alpha': 10.0, 'validation_raw_rmse': 5.621731758117676}, 'candidates': {'trend_linear': {'degree': 1, 'endpoint_scale_from_fit_groups': 299.0, 'validation_raw_rmse': 12.358724594116211, 'beta': [0.9867776121825106, -1.0750911481820367]}, 'trend_quadratic': {'degree': 2, 'selected_alpha': 0.0, 'endpoint_scale_from_fit_groups': 299.0, 'validation_raw_rmse': 11.855311393737793, 'beta': [1.021514937615338, -1.2517070712238072, 0.16606339933801817]}, 'trend_huber': {'degree': 1, 'selected_delta': 0.75, 'endpoint_scale_from_fit_groups': 299.0, 'validation_raw_rmse': 11.150738716125488, 'beta': [0.9999658944067962, -1.111428525453376]}, 'ridge': {'family': 'causal_target_ridge_prior', 'alpha': 10.0, 'validation_raw_rmse': 5.621731758117676, 'beta': [0.46063264783144714, -0.07372674509154378, -0.07793593547857128, 0.0, 0.0, 0.0, 0.005140750701028396, -0.02479195889771807, 0.008080919545316883, -0.05348424630497297, -0.03833451168330645, -0.038497228014032915, 0.027935352019022752, -0.018391453707018626, -0.02373564266095112]}}, 'full_life_target_labels_used_for_prior': False, 'holdout_labels_used_for_prior': False}",['1'],13.42406177520752,trend_prior,281,1,0.05291917155666422,2,14.235257148742676,,femto,['2'],['3']
10.50448989868164,,['1'],10.529767990112305,trend_residual_transfer_ensemble,281,1,0.04225194143983068,2,11.365772247314453,,femto,['2'],['3']
10.50448989868164,,['1'],10.529767990112305,trend_residual_transfer_calibrated_ensemble,281,1,0.04225194143983068,2,11.365772247314453,,femto,['2'],['3']
7.254312515258789,,['1'],7.727617263793945,trend_residual_transfer_affine_calibrated_ensemble,281,1,0.03163219650438727,2,8.509060859680176,,femto,['2'],['3']
10.50448989868164,,['1'],10.529767990112305,ridge_calibrated_transfer_ensemble,281,1,0.04225194143983068,2,11.365772247314453,,femto,['2'],['3']
13.133539199829102,,['1'],13.135738372802734,trend_residual_scratch_calibrated_ensemble,281,1,0.05189409575054637,2,13.959511756896973,,femto,['2'],['3']
12.364559173583984,,['1'],12.383370399475098,trend_residual_scratch_affine_calibrated_ensemble,281,1,0.04903316143276966,2,13.189920425415039,,femto,['2'],['3']
13.133539199829102,,['1'],13.135738372802734,ridge_calibrated_scratch_ensemble,281,1,0.05189409575054637,2,13.959511756896973,,femto,['2'],['3']
9.167116165161133,,['1'],9.232322692871094,trend_residual_frozen_ensemble,281,1,0.037455069531295376,2,10.075413703918457,,femto,['2'],['3']
13.133539199829102,,['1'],13.135738372802734,trend_residual_scratch_ensemble,281,1,0.05189409575054637,2,13.959511756896973,,femto,['2'],['3']
13.4202880859375,,['1'],13.42406177520752,ridge_ensemble,281,1,0.05291917155666422,2,14.235257148742676,,femto,['2'],['3']
1.9706112146377563,,['1'],2.3836135864257812,trend_linear_ensemble,281,1,0.011342344674035961,2,3.051090717315674,,femto,['2'],['3']
1.5783897638320923,,['1'],2.014518976211548,trend_quadratic_ensemble,281,1,0.011098664046220176,2,2.9855406284332275,,femto,['2'],['3']
0.8935569524765015,,['1'],0.8935569524765015,trend_huber_ensemble,281,1,0.0035215667189275467,2,0.94730144739151,,femto,['2'],['3']
13.4202880859375,,['1'],13.42406177520752,trend_prior_ensemble,281,1,0.05291917155666422,2,14.235257148742676,,femto,['2'],['3']
-3.519380807876587,"{'best_validation_normalized_rmse': 0.015363618731498718, 'best_epoch': 15, 'epochs_ran': 30, 'frozen_encoder': False, 'requested_warmup_frozen_epochs': 2, 'warmup_frozen_epochs': 2, 'encoder_unfreeze_epoch': 3, 'encoder_anchor_weight': 0.02, 'encoder_was_unfrozen': True, 'require_unfrozen_checkpoint': True, 'best_checkpoint_after_encoder_unfreeze': True, 'residual_target': True, 'bounded_residual_range': [-0.5, 0.5], 'training_seed': 22042, 'trend_prior_method': 'ridge', 'raw_model_validation_available': True, 'target_adapter_alignment': {'enabled': False, 'steps': 0, 'source_samples': 0, 'target_fit_samples': 0, 'target_labels_used': False, 'validation_or_holdout_used': False}, 'residual_blend_selection_unit': 'seed_ensemble', 'residual_blend_weight': 0.0, 'blend_selection_data': 'fit_only_inner_group_loo', 'blend_selection_raw_rmse': 1.0796539185329208}","['1', '4']",3.519380807876587,trend_residual_transfer,281,2,0.013936765079568673,2,3.7768633365631104,42,femto,['2'],['3']
-3.519380807876587,"{'best_validation_normalized_rmse': 0.014511615969240665, 'best_epoch': 13, 'epochs_ran': 28, 'frozen_encoder': False, 'requested_warmup_frozen_epochs': 2, 'warmup_frozen_epochs': 2, 'encoder_unfreeze_epoch': 3, 'encoder_anchor_weight': 0.02, 'encoder_was_unfrozen': True, 'require_unfrozen_checkpoint': True, 'best_checkpoint_after_encoder_unfreeze': True, 'residual_target': True, 'bounded_residual_range': [-0.5, 0.5], 'training_seed': 22123, 'trend_prior_method': 'ridge', 'raw_model_validation_available': True, 'target_adapter_alignment': {'enabled': False, 'steps': 0, 'source_samples': 0, 'target_fit_samples': 0, 'target_labels_used': False, 'validation_or_holdout_used': False}, 'residual_blend_selection_unit': 'seed_ensemble', 'residual_blend_weight': 0.0, 'blend_selection_data': 'fit_only_inner_group_loo', 'blend_selection_raw_rmse': 1.0796539185329208}","['1', '4']",3.519380807876587,trend_residual_transfer,281,2,0.013936765079568673,2,3.7768633365631104,123,femto,['2'],['3']
-3.519380807876587,"{'best_validation_normalized_rmse': 0.016445733606815338, 'best_epoch': 17, 'epochs_ran': 32, 'frozen_encoder': False, 'requested_warmup_frozen_epochs': 2, 'warmup_frozen_epochs': 2, 'encoder_unfreeze_epoch': 3, 'encoder_anchor_weight': 0.02, 'encoder_was_unfrozen': True, 'require_unfrozen_checkpoint': True, 'best_checkpoint_after_encoder_unfreeze': True, 'residual_target': True, 'bounded_residual_range': [-0.5, 0.5], 'training_seed': 22456, 'trend_prior_method': 'ridge', 'raw_model_validation_available': True, 'target_adapter_alignment': {'enabled': False, 'steps': 0, 'source_samples': 0, 'target_fit_samples': 0, 'target_labels_used': False, 'validation_or_holdout_used': False}, 'residual_blend_selection_unit': 'seed_ensemble', 'residual_blend_weight': 0.0, 'blend_selection_data': 'fit_only_inner_group_loo', 'blend_selection_raw_rmse': 1.0796539185329208}","['1', '4']",3.519380807876587,trend_residual_transfer,281,2,0.013936765079568673,2,3.7768633365631104,456,femto,['2'],['3']
-3.519380807876587,"{'best_validation_normalized_rmse': 0.0203105416148901, 'best_epoch': 5, 'epochs_ran': 20, 'frozen_encoder': False, 'requested_warmup_frozen_epochs': 2, 'warmup_frozen_epochs': 2, 'encoder_unfreeze_epoch': 3, 'encoder_anchor_weight': 0.02, 'encoder_was_unfrozen': True, 'require_unfrozen_checkpoint': True, 'best_checkpoint_after_encoder_unfreeze': True, 'residual_target': True, 'bounded_residual_range': [-0.5, 0.5], 'training_seed': 24026, 'trend_prior_method': 'ridge', 'raw_model_validation_available': True, 'target_adapter_alignment': {'enabled': False, 'steps': 0, 'source_samples': 0, 'target_fit_samples': 0, 'target_labels_used': False, 'validation_or_holdout_used': False}, 'residual_blend_selection_unit': 'seed_ensemble', 'residual_blend_weight': 0.0, 'blend_selection_data': 'fit_only_inner_group_loo', 'blend_selection_raw_rmse': 1.0796539185329208}","['1', '4']",3.519380807876587,trend_residual_transfer,281,2,0.013936765079568673,2,3.7768633365631104,2026,femto,['2'],['3']
-3.519380807876587,"{'best_validation_normalized_rmse': 0.01157296635210514, 'best_epoch': 3, 'epochs_ran': 17, 'frozen_encoder': False, 'requested_warmup_frozen_epochs': 2, 'warmup_frozen_epochs': 2, 'encoder_unfreeze_epoch': 3, 'encoder_anchor_weight': 0.02, 'encoder_was_unfrozen': True, 'require_unfrozen_checkpoint': True, 'best_checkpoint_after_encoder_unfreeze': True, 'residual_target': True, 'bounded_residual_range': [-0.5, 0.5], 'training_seed': 25407, 'trend_prior_method': 'ridge', 'raw_model_validation_available': True, 'target_adapter_alignment': {'enabled': False, 'steps': 0, 'source_samples': 0, 'target_fit_samples': 0, 'target_labels_used': False, 'validation_or_holdout_used': False}, 'residual_blend_selection_unit': 'seed_ensemble', 'residual_blend_weight': 0.0, 'blend_selection_data': 'fit_only_inner_group_loo', 'blend_selection_raw_rmse': 1.0796539185329208}","['1', '4']",3.519380807876587,trend_residual_transfer,281,2,0.013936765079568673,2,3.7768633365631104,3407,femto,['2'],['3']
-3.8007352352142334,"{'best_validation_normalized_rmse': 0.01429590955376625, 'best_epoch': 13, 'epochs_ran': 28, 'frozen_encoder': True, 'requested_warmup_frozen_epochs': 0, 'warmup_frozen_epochs': 0, 'encoder_unfreeze_epoch': None, 'encoder_anchor_weight': 0.0, 'encoder_was_unfrozen': False, 'require_unfrozen_checkpoint': False, 'best_checkpoint_after_encoder_unfreeze': False, 'residual_target': True, 'bounded_residual_range': [-0.5, 0.5], 'training_seed': 22042, 'trend_prior_method': 'ridge', 'raw_model_validation_available': True, 'target_adapter_alignment': {'enabled': False, 'steps': 0, 'source_samples': 0, 'target_fit_samples': 0, 'target_labels_used': False, 'validation_or_holdout_used': False}, 'residual_blend_selection_unit': 'seed_ensemble', 'residual_blend_weight': 0.15000000000000002, 'blend_selection_data': 'fit_only_inner_group_loo', 'blend_selection_raw_rmse': 1.072621628962353}","['1', '4']",3.8007352352142334,trend_residual_frozen,281,2,0.015024308348933708,2,4.071587562561035,42,femto,['2'],['3']
-3.7206835746765137,"{'best_validation_normalized_rmse': 0.011053560301661491, 'best_epoch': 12, 'epochs_ran': 27, 'frozen_encoder': True, 'requested_warmup_frozen_epochs': 0, 'warmup_frozen_epochs': 0, 'encoder_unfreeze_epoch': None, 'encoder_anchor_weight': 0.0, 'encoder_was_unfrozen': False, 'require_unfrozen_checkpoint': False, 'best_checkpoint_after_encoder_unfreeze': False, 'residual_target': True, 'bounded_residual_range': [-0.5, 0.5], 'training_seed': 22123, 'trend_prior_method': 'ridge', 'raw_model_validation_available': True, 'target_adapter_alignment': {'enabled': False, 'steps': 0, 'source_samples': 0, 'target_fit_samples': 0, 'target_labels_used': False, 'validation_or_holdout_used': False}, 'residual_blend_selection_unit': 'seed_ensemble', 'residual_blend_weight': 0.15000000000000002, 'blend_selection_data': 'fit_only_inner_group_loo', 'blend_selection_raw_rmse': 1.072621628962353}","['1', '4']",3.7315948009490967,trend_residual_frozen,281,2,0.014673044760728674,2,3.9763951301574707,123,femto,['2'],['3']
-3.3317530155181885,"{'best_validation_normalized_rmse': 0.013769906014204025, 'best_epoch': 15, 'epochs_ran': 30, 'frozen_encoder': True, 'requested_warmup_frozen_epochs': 0, 'warmup_frozen_epochs': 0, 'encoder_unfreeze_epoch': None, 'encoder_anchor_weight': 0.0, 'encoder_was_unfrozen': False, 'require_unfrozen_checkpoint': False, 'best_checkpoint_after_encoder_unfreeze': False, 'residual_target': True, 'bounded_residual_range': [-0.5, 0.5], 'training_seed': 22456, 'trend_prior_method': 'ridge', 'raw_model_validation_available': True, 'target_adapter_alignment': {'enabled': False, 'steps': 0, 'source_samples': 0, 'target_fit_samples': 0, 'target_labels_used': False, 'validation_or_holdout_used': False}, 'residual_blend_selection_unit': 'seed_ensemble', 'residual_blend_weight': 0.15000000000000002, 'blend_selection_data': 'fit_only_inner_group_loo', 'blend_selection_raw_rmse': 1.072621628962353}","['1', '4']",3.3566746711730957,trend_residual_frozen,281,2,0.013283427790962022,2,3.599808931350708,456,femto,['2'],['3']
-4.116914749145508,"{'best_validation_normalized_rmse': 0.02002493105828762, 'best_epoch': 4, 'epochs_ran': 19, 'frozen_encoder': True, 'requested_warmup_frozen_epochs': 0, 'warmup_frozen_epochs': 0, 'encoder_unfreeze_epoch': None, 'encoder_anchor_weight': 0.0, 'encoder_was_unfrozen': False, 'require_unfrozen_checkpoint': False, 'best_checkpoint_after_encoder_unfreeze': False, 'residual_target': True, 'bounded_residual_range': [-0.5, 0.5], 'training_seed': 24026, 'trend_prior_method': 'ridge', 'raw_model_validation_available': True, 'target_adapter_alignment': {'enabled': False, 'steps': 0, 'source_samples': 0, 'target_fit_samples': 0, 'target_labels_used': False, 'validation_or_holdout_used': False}, 'residual_blend_selection_unit': 'seed_ensemble', 'residual_blend_weight': 0.15000000000000002, 'blend_selection_data': 'fit_only_inner_group_loo', 'blend_selection_raw_rmse': 1.072621628962353}","['1', '4']",4.116914749145508,trend_residual_frozen,281,2,0.01630134160228321,2,4.41766357421875,2026,femto,['2'],['3']
-3.6109766960144043,"{'best_validation_normalized_rmse': 0.009866656735539436, 'best_epoch': 2, 'epochs_ran': 17, 'frozen_encoder': True, 'requested_warmup_frozen_epochs': 0, 'warmup_frozen_epochs': 0, 'encoder_unfreeze_epoch': None, 'encoder_anchor_weight': 0.0, 'encoder_was_unfrozen': False, 'require_unfrozen_checkpoint': False, 'best_checkpoint_after_encoder_unfreeze': False, 'residual_target': True, 'bounded_residual_range': [-0.5, 0.5], 'training_seed': 25407, 'trend_prior_method': 'ridge', 'raw_model_validation_available': True, 'target_adapter_alignment': {'enabled': False, 'steps': 0, 'source_samples': 0, 'target_fit_samples': 0, 'target_labels_used': False, 'validation_or_holdout_used': False}, 'residual_blend_selection_unit': 'seed_ensemble', 'residual_blend_weight': 0.15000000000000002, 'blend_selection_data': 'fit_only_inner_group_loo', 'blend_selection_raw_rmse': 1.072621628962353}","['1', '4']",3.611060619354248,trend_residual_frozen,281,2,0.014323213443544957,2,3.8815908432006836,3407,femto,['2'],['3']
-5.434439182281494,"{'best_validation_normalized_rmse': 0.010514100082218647, 'best_epoch': 8, 'epochs_ran': 23, 'frozen_encoder': False, 'requested_warmup_frozen_epochs': 0, 'warmup_frozen_epochs': 0, 'encoder_unfreeze_epoch': 1, 'encoder_anchor_weight': 0.0, 'encoder_was_unfrozen': True, 'require_unfrozen_checkpoint': False, 'best_checkpoint_after_encoder_unfreeze': True, 'residual_target': True, 'bounded_residual_range': [-0.5, 0.5], 'training_seed': 22042, 'trend_prior_method': 'ridge', 'raw_model_validation_available': True, 'target_adapter_alignment': {'enabled': False, 'reason': 'scratch_target_only_control', 'target_labels_used': False, 'validation_or_holdout_used': False}, 'residual_blend_selection_unit': 'seed_ensemble', 'residual_blend_weight': 0.6000000000000001, 'blend_selection_data': 'fit_only_inner_group_loo', 'blend_selection_raw_rmse': 0.5501519580314177}","['1', '4']",5.434439182281494,trend_residual_scratch,281,2,0.021494349870294662,2,5.8249688148498535,42,femto,['2'],['3']
-4.797371864318848,"{'best_validation_normalized_rmse': 0.02013237029314041, 'best_epoch': 3, 'epochs_ran': 18, 'frozen_encoder': False, 'requested_warmup_frozen_epochs': 0, 'warmup_frozen_epochs': 0, 'encoder_unfreeze_epoch': 1, 'encoder_anchor_weight': 0.0, 'encoder_was_unfrozen': True, 'require_unfrozen_checkpoint': False, 'best_checkpoint_after_encoder_unfreeze': True, 'residual_target': True, 'bounded_residual_range': [-0.5, 0.5], 'training_seed': 22123, 'trend_prior_method': 'ridge', 'raw_model_validation_available': True, 'target_adapter_alignment': {'enabled': False, 'reason': 'scratch_target_only_control', 'target_labels_used': False, 'validation_or_holdout_used': False}, 'residual_blend_selection_unit': 'seed_ensemble', 'residual_blend_weight': 0.6000000000000001, 'blend_selection_data': 'fit_only_inner_group_loo', 'blend_selection_raw_rmse': 0.5501519580314177}","['1', '4']",4.797371864318848,trend_residual_scratch,281,2,0.018901064826993486,2,5.122188568115234,123,femto,['2'],['3']
-2.813004493713379,"{'best_validation_normalized_rmse': 0.015668166801333427, 'best_epoch': 2, 'epochs_ran': 17, 'frozen_encoder': False, 'requested_warmup_frozen_epochs': 0, 'warmup_frozen_epochs': 0, 'encoder_unfreeze_epoch': 1, 'encoder_anchor_weight': 0.0, 'encoder_was_unfrozen': True, 'require_unfrozen_checkpoint': False, 'best_checkpoint_after_encoder_unfreeze': True, 'residual_target': True, 'bounded_residual_range': [-0.5, 0.5], 'training_seed': 22456, 'trend_prior_method': 'ridge', 'raw_model_validation_available': True, 'target_adapter_alignment': {'enabled': False, 'reason': 'scratch_target_only_control', 'target_labels_used': False, 'validation_or_holdout_used': False}, 'residual_blend_selection_unit': 'seed_ensemble', 'residual_blend_weight': 0.6000000000000001, 'blend_selection_data': 'fit_only_inner_group_loo', 'blend_selection_raw_rmse': 0.5501519580314177}","['1', '4']",3.0064313411712646,trend_residual_scratch,281,2,0.011761848337096042,2,3.1874608993530273,456,femto,['2'],['3']
-5.934085369110107,"{'best_validation_normalized_rmse': 0.015679415315389633, 'best_epoch': 3, 'epochs_ran': 18, 'frozen_encoder': False, 'requested_warmup_frozen_epochs': 0, 'warmup_frozen_epochs': 0, 'encoder_unfreeze_epoch': 1, 'encoder_anchor_weight': 0.0, 'encoder_was_unfrozen': True, 'require_unfrozen_checkpoint': False, 'best_checkpoint_after_encoder_unfreeze': True, 'residual_target': True, 'bounded_residual_range': [-0.5, 0.5], 'training_seed': 24026, 'trend_prior_method': 'ridge', 'raw_model_validation_available': True, 'target_adapter_alignment': {'enabled': False, 'reason': 'scratch_target_only_control', 'target_labels_used': False, 'validation_or_holdout_used': False}, 'residual_blend_selection_unit': 'seed_ensemble', 'residual_blend_weight': 0.6000000000000001, 'blend_selection_data': 'fit_only_inner_group_loo', 'blend_selection_raw_rmse': 0.5501519580314177}","['1', '4']",5.934085369110107,trend_residual_scratch,281,2,0.0233682354437909,2,6.332791805267334,2026,femto,['2'],['3']
-4.781386375427246,"{'best_validation_normalized_rmse': 0.00893913023173809, 'best_epoch': 1, 'epochs_ran': 16, 'frozen_encoder': False, 'requested_warmup_frozen_epochs': 0, 'warmup_frozen_epochs': 0, 'encoder_unfreeze_epoch': 1, 'encoder_anchor_weight': 0.0, 'encoder_was_unfrozen': True, 'require_unfrozen_checkpoint': False, 'best_checkpoint_after_encoder_unfreeze': True, 'residual_target': True, 'bounded_residual_range': [-0.5, 0.5], 'training_seed': 25407, 'trend_prior_method': 'ridge', 'raw_model_validation_available': True, 'target_adapter_alignment': {'enabled': False, 'reason': 'scratch_target_only_control', 'target_labels_used': False, 'validation_or_holdout_used': False}, 'residual_blend_selection_unit': 'seed_ensemble', 'residual_blend_weight': 0.6000000000000001, 'blend_selection_data': 'fit_only_inner_group_loo', 'blend_selection_raw_rmse': 0.5501519580314177}","['1', '4']",4.791890621185303,trend_residual_scratch,281,2,0.01894503062061718,2,5.134103298187256,3407,femto,['2'],['3']
-3.519380807876587,"{'family': 'target_only_ridge', 'alpha': 0.0001, 'validation_raw_rmse': 5.628529071807861}","['1', '4']",3.519380807876587,ridge,281,2,0.013936765079568673,2,3.7768633365631104,,femto,['2'],['3']
2.809272289276123,"{'family': 'causal_target_time_trend', 'degree': 1, 'trend_prior_selected_for_residual': 'ridge'}","['1', '4']",2.878472328186035,trend_linear,281,2,0.013360871600049009,2,3.6207962036132812,,femto,['2'],['3']
2.436350107192993,"{'family': 'causal_target_time_trend', 'degree': 2, 'trend_prior_selected_for_residual': 'ridge'}","['1', '4']",2.436350107192993,trend_quadratic,281,2,0.01282435325678864,2,3.4753997325897217,,femto,['2'],['3']
1.9948500394821167,"{'family': 'causal_target_time_trend', 'degree': 1, 'trend_prior_selected_for_residual': 'ridge'}","['1', '4']",1.9948500394821167,trend_huber,281,2,0.007936702883111595,2,2.150846481323242,,femto,['2'],['3']
-3.519380807876587,"{'selected_method': 'ridge', 'selection_policy': 'ridge', 'selected_beta': [0.44930109392448575, 0.0037574430347807543, -0.3078673129382859, 0.0, 0.0, 0.0014615627174367233, 0.0005885885990524753, -0.010188765725554357, 0.0033636333759679625, 0.00024118120130584738, 0.03053244465950509, -0.008254048145277968, 0.03869836452861468, 0.00012336700926904925, 0.0012003456136527519], 'selected_diagnostics': {'family': 'causal_target_ridge_prior', 'alpha': 0.0001, 'validation_raw_rmse': 5.628529071807861}, 'candidates': {'trend_linear': {'degree': 1, 'endpoint_scale_from_fit_groups': 299.0, 'validation_raw_rmse': 13.203977584838867, 'beta': [0.9839748599194242, -1.0693704226193645]}, 'trend_quadratic': {'degree': 2, 'selected_alpha': 0.0, 'endpoint_scale_from_fit_groups': 299.0, 'validation_raw_rmse': 12.72805118560791, 'beta': [1.0165096498531239, -1.2347879348634176, 0.15553407597789928]}, 'trend_huber': {'degree': 1, 'selected_delta': 1.0, 'endpoint_scale_from_fit_groups': 299.0, 'validation_raw_rmse': 12.248957633972168, 'beta': [0.9943848678914482, -1.097914839323161]}, 'ridge': {'family': 'causal_target_ridge_prior', 'alpha': 0.0001, 'validation_raw_rmse': 5.628529071807861, 'beta': [0.44930109392448575, 0.0037574430347807543, -0.3078673129382859, 0.0, 0.0, 0.0014615627174367233, 0.0005885885990524753, -0.010188765725554357, 0.0033636333759679625, 0.00024118120130584738, 0.03053244465950509, -0.008254048145277968, 0.03869836452861468, 0.00012336700926904925, 0.0012003456136527519]}}, 'full_life_target_labels_used_for_prior': False, 'holdout_labels_used_for_prior': False}","['1', '4']",3.519380807876587,trend_prior,281,2,0.013936765079568673,2,3.7768633365631104,,femto,['2'],['3']
-3.519381046295166,,"['1', '4']",3.519381046295166,trend_residual_transfer_ensemble,281,2,0.013936765959342028,2,3.7768635749816895,,femto,['2'],['3']
-3.519381046295166,,"['1', '4']",3.519381046295166,trend_residual_transfer_calibrated_ensemble,281,2,0.013936765959342028,2,3.7768635749816895,,femto,['2'],['3']
-7.451683521270752,,"['1', '4']",7.791125774383545,trend_residual_transfer_affine_calibrated_ensemble,281,2,0.03193182083073577,2,8.653523445129395,,femto,['2'],['3']
-3.519381046295166,,"['1', '4']",3.519381046295166,ridge_calibrated_transfer_ensemble,281,2,0.013936765959342028,2,3.7768635749816895,,femto,['2'],['3']
-4.752057075500488,,"['1', '4']",4.792843341827393,trend_residual_scratch_calibrated_ensemble,281,2,0.018773026132055753,2,5.087490081787109,,femto,['2'],['3']
-7.378365993499756,,"['1', '4']",7.798909664154053,trend_residual_scratch_affine_calibrated_ensemble,281,2,0.03146147991898315,2,8.526061058044434,,femto,['2'],['3']
-4.752057075500488,,"['1', '4']",4.792843341827393,ridge_calibrated_scratch_ensemble,281,2,0.018773026132055753,2,5.087490081787109,,femto,['2'],['3']
-3.7162129878997803,,"['1', '4']",3.7233965396881104,trend_residual_frozen_ensemble,281,2,0.014714257743525768,2,3.9875638484954834,,femto,['2'],['3']
-4.752057075500488,,"['1', '4']",4.792843341827393,trend_residual_scratch_ensemble,281,2,0.018773026132055753,2,5.087490081787109,,femto,['2'],['3']
-3.519380807876587,,"['1', '4']",3.519380807876587,ridge_ensemble,281,2,0.013936765079568673,2,3.7768633365631104,,femto,['2'],['3']
2.809272289276123,,"['1', '4']",2.878472328186035,trend_linear_ensemble,281,2,0.013360871600049009,2,3.6207962036132812,,femto,['2'],['3']
2.436350107192993,,"['1', '4']",2.436350107192993,trend_quadratic_ensemble,281,2,0.01282435325678864,2,3.4753997325897217,,femto,['2'],['3']
1.9948500394821167,,"['1', '4']",1.9948500394821167,trend_huber_ensemble,281,2,0.007936702883111595,2,2.150846481323242,,femto,['2'],['3']
-3.519380807876587,,"['1', '4']",3.519380807876587,trend_prior_ensemble,281,2,0.013936765079568673,2,3.7768633365631104,,femto,['2'],['3']
-18.95879554748535,"{'best_validation_normalized_rmse': 0.0081899743527174, 'best_epoch': 21, 'epochs_ran': 36, 'frozen_encoder': False, 'requested_warmup_frozen_epochs': 2, 'warmup_frozen_epochs': 2, 'encoder_unfreeze_epoch': 3, 'encoder_anchor_weight': 0.02, 'encoder_was_unfrozen': True, 'require_unfrozen_checkpoint': True, 'best_checkpoint_after_encoder_unfreeze': True, 'residual_target': True, 'bounded_residual_range': [-0.5, 0.5], 'training_seed': 23042, 'trend_prior_method': 'ridge', 'raw_model_validation_available': True, 'target_adapter_alignment': {'enabled': False, 'steps': 0, 'source_samples': 0, 'target_fit_samples': 0, 'target_labels_used': False, 'validation_or_holdout_used': False}, 'residual_blend_selection_unit': 'seed_ensemble', 'residual_blend_weight': 1.0, 'blend_selection_data': 'fit_only_inner_group_loo', 'blend_selection_raw_rmse': 16.86058814640296}","['1', '4', '5']",18.95879554748535,trend_residual_transfer,281,3,0.07542810756781884,2,20.441017150878906,42,femto,['2'],['3']
-16.369300842285156,"{'best_validation_normalized_rmse': 0.006766158621758223, 'best_epoch': 22, 'epochs_ran': 37, 'frozen_encoder': False, 'requested_warmup_frozen_epochs': 2, 'warmup_frozen_epochs': 2, 'encoder_unfreeze_epoch': 3, 'encoder_anchor_weight': 0.02, 'encoder_was_unfrozen': True, 'require_unfrozen_checkpoint': True, 'best_checkpoint_after_encoder_unfreeze': True, 'residual_target': True, 'bounded_residual_range': [-0.5, 0.5], 'training_seed': 23123, 'trend_prior_method': 'ridge', 'raw_model_validation_available': True, 'target_adapter_alignment': {'enabled': False, 'steps': 0, 'source_samples': 0, 'target_fit_samples': 0, 'target_labels_used': False, 'validation_or_holdout_used': False}, 'residual_blend_selection_unit': 'seed_ensemble', 'residual_blend_weight': 1.0, 'blend_selection_data': 'fit_only_inner_group_loo', 'blend_selection_raw_rmse': 16.86058814640296}","['1', '4', '5']",16.369300842285156,trend_residual_transfer,281,3,0.06503799128796342,2,17.625295639038086,123,femto,['2'],['3']
-22.408578872680664,"{'best_validation_normalized_rmse': 0.005412072874605656, 'best_epoch': 8, 'epochs_ran': 23, 'frozen_encoder': False, 'requested_warmup_frozen_epochs': 2, 'warmup_frozen_epochs': 2, 'encoder_unfreeze_epoch': 3, 'encoder_anchor_weight': 0.02, 'encoder_was_unfrozen': True, 'require_unfrozen_checkpoint': True, 'best_checkpoint_after_encoder_unfreeze': True, 'residual_target': True, 'bounded_residual_range': [-0.5, 0.5], 'training_seed': 23456, 'trend_prior_method': 'ridge', 'raw_model_validation_available': True, 'target_adapter_alignment': {'enabled': False, 'steps': 0, 'source_samples': 0, 'target_fit_samples': 0, 'target_labels_used': False, 'validation_or_holdout_used': False}, 'residual_blend_selection_unit': 'seed_ensemble', 'residual_blend_weight': 1.0, 'blend_selection_data': 'fit_only_inner_group_loo', 'blend_selection_raw_rmse': 16.86058814640296}","['1', '4', '5']",22.408578872680664,trend_residual_transfer,281,3,0.08938509951658355,2,24.22336196899414,456,femto,['2'],['3']
-19.37372398376465,"{'best_validation_normalized_rmse': 0.006155114620923996, 'best_epoch': 3, 'epochs_ran': 18, 'frozen_encoder': False, 'requested_warmup_frozen_epochs': 2, 'warmup_frozen_epochs': 2, 'encoder_unfreeze_epoch': 3, 'encoder_anchor_weight': 0.02, 'encoder_was_unfrozen': True, 'require_unfrozen_checkpoint': True, 'best_checkpoint_after_encoder_unfreeze': True, 'residual_target': True, 'bounded_residual_range': [-0.5, 0.5], 'training_seed': 25026, 'trend_prior_method': 'ridge', 'raw_model_validation_available': True, 'target_adapter_alignment': {'enabled': False, 'steps': 0, 'source_samples': 0, 'target_fit_samples': 0, 'target_labels_used': False, 'validation_or_holdout_used': False}, 'residual_blend_selection_unit': 'seed_ensemble', 'residual_blend_weight': 1.0, 'blend_selection_data': 'fit_only_inner_group_loo', 'blend_selection_raw_rmse': 16.86058814640296}","['1', '4', '5']",19.37372398376465,trend_residual_transfer,281,3,0.07708887332479893,2,20.891084671020508,2026,femto,['2'],['3']
-14.99292278289795,"{'best_validation_normalized_rmse': 0.012159937992691994, 'best_epoch': 18, 'epochs_ran': 33, 'frozen_encoder': False, 'requested_warmup_frozen_epochs': 2, 'warmup_frozen_epochs': 2, 'encoder_unfreeze_epoch': 3, 'encoder_anchor_weight': 0.02, 'encoder_was_unfrozen': True, 'require_unfrozen_checkpoint': True, 'best_checkpoint_after_encoder_unfreeze': True, 'residual_target': True, 'bounded_residual_range': [-0.5, 0.5], 'training_seed': 26407, 'trend_prior_method': 'ridge', 'raw_model_validation_available': True, 'target_adapter_alignment': {'enabled': False, 'steps': 0, 'source_samples': 0, 'target_fit_samples': 0, 'target_labels_used': False, 'validation_or_holdout_used': False}, 'residual_blend_selection_unit': 'seed_ensemble', 'residual_blend_weight': 1.0, 'blend_selection_data': 'fit_only_inner_group_loo', 'blend_selection_raw_rmse': 16.86058814640296}","['1', '4', '5']",15.662877082824707,trend_residual_transfer,281,3,0.06189501857405659,2,16.773550033569336,3407,femto,['2'],['3']
-19.22662925720215,"{'best_validation_normalized_rmse': 0.008957711048424244, 'best_epoch': 13, 'epochs_ran': 28, 'frozen_encoder': True, 'requested_warmup_frozen_epochs': 0, 'warmup_frozen_epochs': 0, 'encoder_unfreeze_epoch': None, 'encoder_anchor_weight': 0.0, 'encoder_was_unfrozen': False, 'require_unfrozen_checkpoint': False, 'best_checkpoint_after_encoder_unfreeze': False, 'residual_target': True, 'bounded_residual_range': [-0.5, 0.5], 'training_seed': 23042, 'trend_prior_method': 'ridge', 'raw_model_validation_available': True, 'target_adapter_alignment': {'enabled': False, 'steps': 0, 'source_samples': 0, 'target_fit_samples': 0, 'target_labels_used': False, 'validation_or_holdout_used': False}, 'residual_blend_selection_unit': 'seed_ensemble', 'residual_blend_weight': 1.0, 'blend_selection_data': 'fit_only_inner_group_loo', 'blend_selection_raw_rmse': 15.46415512764536}","['1', '4', '5']",19.22662925720215,trend_residual_frozen,281,3,0.07651585230528209,2,20.735795974731445,42,femto,['2'],['3']
-17.033153533935547,"{'best_validation_normalized_rmse': 0.0072303591296076775, 'best_epoch': 22, 'epochs_ran': 37, 'frozen_encoder': True, 'requested_warmup_frozen_epochs': 0, 'warmup_frozen_epochs': 0, 'encoder_unfreeze_epoch': None, 'encoder_anchor_weight': 0.0, 'encoder_was_unfrozen': False, 'require_unfrozen_checkpoint': False, 'best_checkpoint_after_encoder_unfreeze': False, 'residual_target': True, 'bounded_residual_range': [-0.5, 0.5], 'training_seed': 23123, 'trend_prior_method': 'ridge', 'raw_model_validation_available': True, 'target_adapter_alignment': {'enabled': False, 'steps': 0, 'source_samples': 0, 'target_fit_samples': 0, 'target_labels_used': False, 'validation_or_holdout_used': False}, 'residual_blend_selection_unit': 'seed_ensemble', 'residual_blend_weight': 1.0, 'blend_selection_data': 'fit_only_inner_group_loo', 'blend_selection_raw_rmse': 15.46415512764536}","['1', '4', '5']",17.033153533935547,trend_residual_frozen,281,3,0.06765445132097195,2,18.3343563079834,123,femto,['2'],['3']
-21.98124122619629,"{'best_validation_normalized_rmse': 0.007107575424015522, 'best_epoch': 6, 'epochs_ran': 21, 'frozen_encoder': True, 'requested_warmup_frozen_epochs': 0, 'warmup_frozen_epochs': 0, 'encoder_unfreeze_epoch': None, 'encoder_anchor_weight': 0.0, 'encoder_was_unfrozen': False, 'require_unfrozen_checkpoint': False, 'best_checkpoint_after_encoder_unfreeze': False, 'residual_target': True, 'bounded_residual_range': [-0.5, 0.5], 'training_seed': 23456, 'trend_prior_method': 'ridge', 'raw_model_validation_available': True, 'target_adapter_alignment': {'enabled': False, 'steps': 0, 'source_samples': 0, 'target_fit_samples': 0, 'target_labels_used': False, 'validation_or_holdout_used': False}, 'residual_blend_selection_unit': 'seed_ensemble', 'residual_blend_weight': 1.0, 'blend_selection_data': 'fit_only_inner_group_loo', 'blend_selection_raw_rmse': 15.46415512764536}","['1', '4', '5']",21.98124122619629,trend_residual_frozen,281,3,0.08763155638071883,2,23.748151779174805,456,femto,['2'],['3']
-19.112443923950195,"{'best_validation_normalized_rmse': 0.006530236452817917, 'best_epoch': 3, 'epochs_ran': 18, 'frozen_encoder': True, 'requested_warmup_frozen_epochs': 0, 'warmup_frozen_epochs': 0, 'encoder_unfreeze_epoch': None, 'encoder_anchor_weight': 0.0, 'encoder_was_unfrozen': False, 'require_unfrozen_checkpoint': False, 'best_checkpoint_after_encoder_unfreeze': False, 'residual_target': True, 'bounded_residual_range': [-0.5, 0.5], 'training_seed': 25026, 'trend_prior_method': 'ridge', 'raw_model_validation_available': True, 'target_adapter_alignment': {'enabled': False, 'steps': 0, 'source_samples': 0, 'target_fit_samples': 0, 'target_labels_used': False, 'validation_or_holdout_used': False}, 'residual_blend_selection_unit': 'seed_ensemble', 'residual_blend_weight': 1.0, 'blend_selection_data': 'fit_only_inner_group_loo', 'blend_selection_raw_rmse': 15.46415512764536}","['1', '4', '5']",19.112443923950195,trend_residual_frozen,281,3,0.07602949248028858,2,20.603992462158203,2026,femto,['2'],['3']
-14.891512870788574,"{'best_validation_normalized_rmse': 0.012225487269461155, 'best_epoch': 13, 'epochs_ran': 28, 'frozen_encoder': True, 'requested_warmup_frozen_epochs': 0, 'warmup_frozen_epochs': 0, 'encoder_unfreeze_epoch': None, 'encoder_anchor_weight': 0.0, 'encoder_was_unfrozen': False, 'require_unfrozen_checkpoint': False, 'best_checkpoint_after_encoder_unfreeze': False, 'residual_target': True, 'bounded_residual_range': [-0.5, 0.5], 'training_seed': 26407, 'trend_prior_method': 'ridge', 'raw_model_validation_available': True, 'target_adapter_alignment': {'enabled': False, 'steps': 0, 'source_samples': 0, 'target_fit_samples': 0, 'target_labels_used': False, 'validation_or_holdout_used': False}, 'residual_blend_selection_unit': 'seed_ensemble', 'residual_blend_weight': 1.0, 'blend_selection_data': 'fit_only_inner_group_loo', 'blend_selection_raw_rmse': 15.46415512764536}","['1', '4', '5']",15.666373252868652,trend_residual_frozen,281,3,0.061623626089623934,2,16.700002670288086,3407,femto,['2'],['3']
-16.244234085083008,"{'best_validation_normalized_rmse': 0.0070358216762542725, 'best_epoch': 10, 'epochs_ran': 25, 'frozen_encoder': False, 'requested_warmup_frozen_epochs': 0, 'warmup_frozen_epochs': 0, 'encoder_unfreeze_epoch': 1, 'encoder_anchor_weight': 0.0, 'encoder_was_unfrozen': True, 'require_unfrozen_checkpoint': False, 'best_checkpoint_after_encoder_unfreeze': True, 'residual_target': True, 'bounded_residual_range': [-0.5, 0.5], 'training_seed': 23042, 'trend_prior_method': 'ridge', 'raw_model_validation_available': True, 'target_adapter_alignment': {'enabled': False, 'reason': 'scratch_target_only_control', 'target_labels_used': False, 'validation_or_holdout_used': False}, 'residual_blend_selection_unit': 'seed_ensemble', 'residual_blend_weight': 1.0, 'blend_selection_data': 'fit_only_inner_group_loo', 'blend_selection_raw_rmse': 16.242798377211745}","['1', '4', '5']",16.422367095947266,trend_residual_scratch,281,3,0.06503576722092294,2,17.624692916870117,42,femto,['2'],['3']
-18.638153076171875,"{'best_validation_normalized_rmse': 0.00753925321623683, 'best_epoch': 5, 'epochs_ran': 20, 'frozen_encoder': False, 'requested_warmup_frozen_epochs': 0, 'warmup_frozen_epochs': 0, 'encoder_unfreeze_epoch': 1, 'encoder_anchor_weight': 0.0, 'encoder_was_unfrozen': True, 'require_unfrozen_checkpoint': False, 'best_checkpoint_after_encoder_unfreeze': True, 'residual_target': True, 'bounded_residual_range': [-0.5, 0.5], 'training_seed': 23123, 'trend_prior_method': 'ridge', 'raw_model_validation_available': True, 'target_adapter_alignment': {'enabled': False, 'reason': 'scratch_target_only_control', 'target_labels_used': False, 'validation_or_holdout_used': False}, 'residual_blend_selection_unit': 'seed_ensemble', 'residual_blend_weight': 1.0, 'blend_selection_data': 'fit_only_inner_group_loo', 'blend_selection_raw_rmse': 16.242798377211745}","['1', '4', '5']",18.638153076171875,trend_residual_scratch,281,3,0.07411150210897861,2,20.084217071533203,123,femto,['2'],['3']
-19.172319412231445,"{'best_validation_normalized_rmse': 0.008760695345699787, 'best_epoch': 18, 'epochs_ran': 33, 'frozen_encoder': False, 'requested_warmup_frozen_epochs': 0, 'warmup_frozen_epochs': 0, 'encoder_unfreeze_epoch': 1, 'encoder_anchor_weight': 0.0, 'encoder_was_unfrozen': True, 'require_unfrozen_checkpoint': False, 'best_checkpoint_after_encoder_unfreeze': True, 'residual_target': True, 'bounded_residual_range': [-0.5, 0.5], 'training_seed': 23456, 'trend_prior_method': 'ridge', 'raw_model_validation_available': True, 'target_adapter_alignment': {'enabled': False, 'reason': 'scratch_target_only_control', 'target_labels_used': False, 'validation_or_holdout_used': False}, 'residual_blend_selection_unit': 'seed_ensemble', 'residual_blend_weight': 1.0, 'blend_selection_data': 'fit_only_inner_group_loo', 'blend_selection_raw_rmse': 16.242798377211745}","['1', '4', '5']",19.172319412231445,trend_residual_scratch,281,3,0.07640499382441335,2,20.705753326416016,456,femto,['2'],['3']
-18.344226837158203,"{'best_validation_normalized_rmse': 0.007457357831299305, 'best_epoch': 22, 'epochs_ran': 37, 'frozen_encoder': False, 'requested_warmup_frozen_epochs': 0, 'warmup_frozen_epochs': 0, 'encoder_unfreeze_epoch': 1, 'encoder_anchor_weight': 0.0, 'encoder_was_unfrozen': True, 'require_unfrozen_checkpoint': False, 'best_checkpoint_after_encoder_unfreeze': True, 'residual_target': True, 'bounded_residual_range': [-0.5, 0.5], 'training_seed': 25026, 'trend_prior_method': 'ridge', 'raw_model_validation_available': True, 'target_adapter_alignment': {'enabled': False, 'reason': 'scratch_target_only_control', 'target_labels_used': False, 'validation_or_holdout_used': False}, 'residual_blend_selection_unit': 'seed_ensemble', 'residual_blend_weight': 1.0, 'blend_selection_data': 'fit_only_inner_group_loo', 'blend_selection_raw_rmse': 16.242798377211745}","['1', '4', '5']",18.344226837158203,trend_residual_scratch,281,3,0.07306440993868557,2,19.80045509338379,2026,femto,['2'],['3']
-18.68608856201172,"{'best_validation_normalized_rmse': 0.008468166925013065, 'best_epoch': 15, 'epochs_ran': 30, 'frozen_encoder': False, 'requested_warmup_frozen_epochs': 0, 'warmup_frozen_epochs': 0, 'encoder_unfreeze_epoch': 1, 'encoder_anchor_weight': 0.0, 'encoder_was_unfrozen': True, 'require_unfrozen_checkpoint': False, 'best_checkpoint_after_encoder_unfreeze': True, 'residual_target': True, 'bounded_residual_range': [-0.5, 0.5], 'training_seed': 26407, 'trend_prior_method': 'ridge', 'raw_model_validation_available': True, 'target_adapter_alignment': {'enabled': False, 'reason': 'scratch_target_only_control', 'target_labels_used': False, 'validation_or_holdout_used': False}, 'residual_blend_selection_unit': 'seed_ensemble', 'residual_blend_weight': 1.0, 'blend_selection_data': 'fit_only_inner_group_loo', 'blend_selection_raw_rmse': 16.242798377211745}","['1', '4', '5']",18.881746292114258,trend_residual_scratch,281,3,0.07556991295620964,2,20.479446411132812,3407,femto,['2'],['3']
-16.104969024658203,"{'family': 'target_only_ridge', 'alpha': 1.0, 'validation_raw_rmse': 3.3153493404388428}","['1', '4', '5']",16.104969024658203,ridge,281,3,0.06397414823299845,2,17.336994171142578,,femto,['2'],['3']
-2.588167667388916,"{'family': 'causal_target_time_trend', 'degree': 1, 'trend_prior_selected_for_residual': 'ridge'}","['1', '4', '5']",3.3102102279663086,trend_linear,281,3,0.01576435961846496,2,4.272141456604004,,femto,['2'],['3']
-3.196686029434204,"{'family': 'causal_target_time_trend', 'degree': 2, 'trend_prior_selected_for_residual': 'ridge'}","['1', '4', '5']",4.275181770324707,trend_quadratic,281,3,0.018340997590350048,2,4.970410346984863,,femto,['2'],['3']
-0.24819615483283997,"{'family': 'causal_target_time_trend', 'degree': 1, 'trend_prior_selected_for_residual': 'ridge'}","['1', '4', '5']",1.5290236473083496,trend_huber,281,3,0.006897644363206251,2,1.869261622428894,,femto,['2'],['3']
-16.104969024658203,"{'selected_method': 'ridge', 'selection_policy': 'ridge', 'selected_beta': [0.4370281364099804, -0.04912624038292414, -0.23773257464325595, 0.0, 0.0, 0.013855516314786903, 0.016627745116873007, -0.004695822047509886, 0.008226559537921188, -0.01143204524950258, -0.00220607175358385, -0.0044431971829290064, -0.009375668633179816, -0.0009490517186756225, -0.015699016484052378], 'selected_diagnostics': {'family': 'causal_target_ridge_prior', 'alpha': 1.0, 'validation_raw_rmse': 3.3153493404388428}, 'candidates': {'trend_linear': {'degree': 1, 'endpoint_scale_from_fit_groups': 299.0, 'validation_raw_rmse': 7.998495578765869, 'beta': [0.9527815664039845, -1.0504734335429153]}, 'trend_quadratic': {'degree': 2, 'selected_alpha': 0.01, 'endpoint_scale_from_fit_groups': 299.0, 'validation_raw_rmse': 7.344216823577881, 'beta': [0.9993093550102724, -1.2873894305847997, 0.2229557322801378]}, 'trend_huber': {'degree': 1, 'selected_delta': 2.0, 'endpoint_scale_from_fit_groups': 299.0, 'validation_raw_rmse': 7.979703903198242, 'beta': [0.954568678421138, -1.0537484788849898]}, 'ridge': {'family': 'causal_target_ridge_prior', 'alpha': 1.0, 'validation_raw_rmse': 3.3153493404388428, 'beta': [0.4370281364099804, -0.04912624038292414, -0.23773257464325595, 0.0, 0.0, 0.013855516314786903, 0.016627745116873007, -0.004695822047509886, 0.008226559537921188, -0.01143204524950258, -0.00220607175358385, -0.0044431971829290064, -0.009375668633179816, -0.0009490517186756225, -0.015699016484052378]}}, 'full_life_target_labels_used_for_prior': False, 'holdout_labels_used_for_prior': False}","['1', '4', '5']",16.104969024658203,trend_prior,281,3,0.06397414823299845,2,17.336994171142578,,femto,['2'],['3']
-18.420663833618164,,"['1', '4', '5']",18.548858642578125,trend_residual_transfer_ensemble,281,3,0.07363142034664365,2,19.95411491394043,,femto,['2'],['3']
-4.791313171386719,,"['1', '4', '5']",4.9300384521484375,trend_residual_transfer_calibrated_ensemble,281,3,0.020337625623189214,2,5.511496543884277,,femto,['2'],['3']
-19.0955753326416,,"['1', '4', '5']",19.33144760131836,trend_residual_transfer_affine_calibrated_ensemble,281,3,0.07678713217872535,2,20.80931282043457,,femto,['2'],['3']
-18.420663833618164,,"['1', '4', '5']",18.548858642578125,ridge_calibrated_transfer_ensemble,281,3,0.07363142034664365,2,19.95411491394043,,femto,['2'],['3']
-4.740397930145264,,"['1', '4', '5']",4.858998775482178,trend_residual_scratch_calibrated_ensemble,281,3,0.020244139146980766,2,5.486161708831787,,femto,['2'],['3']
-19.2779598236084,,"['1', '4', '5']",19.2779598236084,trend_residual_scratch_affine_calibrated_ensemble,281,3,0.07678263477733654,2,20.808094024658203,,femto,['2'],['3']
-18.217004776000977,,"['1', '4', '5']",18.29160499572754,ridge_calibrated_scratch_ensemble,281,3,0.07274990152168978,2,19.71522331237793,,femto,['2'],['3']
-18.44899559020996,,"['1', '4', '5']",18.59758949279785,trend_residual_frozen_ensemble,281,3,0.07379358720955373,2,19.998062133789062,,femto,['2'],['3']
-18.217004776000977,,"['1', '4', '5']",18.29160499572754,trend_residual_scratch_ensemble,281,3,0.07274990152168978,2,19.71522331237793,,femto,['2'],['3']
-16.104969024658203,,"['1', '4', '5']",16.104969024658203,ridge_ensemble,281,3,0.06397414823299845,2,17.336994171142578,,femto,['2'],['3']
-2.588167667388916,,"['1', '4', '5']",3.3102102279663086,trend_linear_ensemble,281,3,0.01576435961846496,2,4.272141456604004,,femto,['2'],['3']
-3.196686029434204,,"['1', '4', '5']",4.275181770324707,trend_quadratic_ensemble,281,3,0.018340997590350048,2,4.970410346984863,,femto,['2'],['3']
-0.24819615483283997,,"['1', '4', '5']",1.5290236473083496,trend_huber_ensemble,281,3,0.006897644363206251,2,1.869261622428894,,femto,['2'],['3']
-16.104969024658203,,"['1', '4', '5']",16.104969024658203,trend_prior_ensemble,281,3,0.06397414823299845,2,17.336994171142578,,femto,['2'],['3']
5.097914218902588,"{'best_validation_normalized_rmse': 0.0050491830334067345, 'best_epoch': 3, 'epochs_ran': 17, 'frozen_encoder': False, 'requested_warmup_frozen_epochs': 2, 'warmup_frozen_epochs': 2, 'encoder_unfreeze_epoch': 3, 'encoder_anchor_weight': 0.02, 'encoder_was_unfrozen': True, 'require_unfrozen_checkpoint': True, 'best_checkpoint_after_encoder_unfreeze': True, 'residual_target': True, 'bounded_residual_range': [-0.5, 0.5], 'training_seed': 31042, 'trend_prior_method': 'ridge', 'raw_model_validation_available': True, 'target_adapter_alignment': {'enabled': False, 'steps': 0, 'source_samples': 0, 'target_fit_samples': 0, 'target_labels_used': False, 'validation_or_holdout_used': False}, 'residual_blend_selection_unit': 'seed_ensemble', 'residual_blend_weight': 0.65, 'blend_selection_data': 'chronological_validation_fallback', 'blend_selection_raw_rmse': 0.24382303655147552}",['1'],5.097914218902588,trend_residual_transfer,281,1,0.022567387407153954,3,6.070627212524414,42,femto,['3'],['4']
4.621589183807373,"{'best_validation_normalized_rmse': 0.005082710180431604, 'best_epoch': 15, 'epochs_ran': 30, 'frozen_encoder': False, 'requested_warmup_frozen_epochs': 2, 'warmup_frozen_epochs': 2, 'encoder_unfreeze_epoch': 3, 'encoder_anchor_weight': 0.02, 'encoder_was_unfrozen': True, 'require_unfrozen_checkpoint': True, 'best_checkpoint_after_encoder_unfreeze': True, 'residual_target': True, 'bounded_residual_range': [-0.5, 0.5], 'training_seed': 31123, 'trend_prior_method': 'ridge', 'raw_model_validation_available': True, 'target_adapter_alignment': {'enabled': False, 'steps': 0, 'source_samples': 0, 'target_fit_samples': 0, 'target_labels_used': False, 'validation_or_holdout_used': False}, 'residual_blend_selection_unit': 'seed_ensemble', 'residual_blend_weight': 0.65, 'blend_selection_data': 'chronological_validation_fallback', 'blend_selection_raw_rmse': 0.24382303655147552}",['1'],4.62308931350708,trend_residual_transfer,281,1,0.022227960891440014,3,5.979321479797363,123,femto,['3'],['4']
5.612123966217041,"{'best_validation_normalized_rmse': 0.004210994578897953, 'best_epoch': 15, 'epochs_ran': 30, 'frozen_encoder': False, 'requested_warmup_frozen_epochs': 2, 'warmup_frozen_epochs': 2, 'encoder_unfreeze_epoch': 3, 'encoder_anchor_weight': 0.02, 'encoder_was_unfrozen': True, 'require_unfrozen_checkpoint': True, 'best_checkpoint_after_encoder_unfreeze': True, 'residual_target': True, 'bounded_residual_range': [-0.5, 0.5], 'training_seed': 31456, 'trend_prior_method': 'ridge', 'raw_model_validation_available': True, 'target_adapter_alignment': {'enabled': False, 'steps': 0, 'source_samples': 0, 'target_fit_samples': 0, 'target_labels_used': False, 'validation_or_holdout_used': False}, 'residual_blend_selection_unit': 'seed_ensemble', 'residual_blend_weight': 0.65, 'blend_selection_data': 'chronological_validation_fallback', 'blend_selection_raw_rmse': 0.24382303655147552}",['1'],5.612123966217041,trend_residual_transfer,281,1,0.025102723486804607,3,6.7526326179504395,456,femto,['3'],['4']
5.1838250160217285,"{'best_validation_normalized_rmse': 0.014422434382140636, 'best_epoch': 60, 'epochs_ran': 75, 'frozen_encoder': False, 'requested_warmup_frozen_epochs': 2, 'warmup_frozen_epochs': 2, 'encoder_unfreeze_epoch': 3, 'encoder_anchor_weight': 0.02, 'encoder_was_unfrozen': True, 'require_unfrozen_checkpoint': True, 'best_checkpoint_after_encoder_unfreeze': True, 'residual_target': True, 'bounded_residual_range': [-0.5, 0.5], 'training_seed': 33026, 'trend_prior_method': 'ridge', 'raw_model_validation_available': True, 'target_adapter_alignment': {'enabled': False, 'steps': 0, 'source_samples': 0, 'target_fit_samples': 0, 'target_labels_used': False, 'validation_or_holdout_used': False}, 'residual_blend_selection_unit': 'seed_ensemble', 'residual_blend_weight': 0.65, 'blend_selection_data': 'chronological_validation_fallback', 'blend_selection_raw_rmse': 0.24382303655147552}",['1'],5.202785968780518,trend_residual_transfer,281,1,0.024748415751971276,3,6.657323837280273,2026,femto,['3'],['4']
5.902432918548584,"{'best_validation_normalized_rmse': 0.002807559911161661, 'best_epoch': 18, 'epochs_ran': 33, 'frozen_encoder': False, 'requested_warmup_frozen_epochs': 2, 'warmup_frozen_epochs': 2, 'encoder_unfreeze_epoch': 3, 'encoder_anchor_weight': 0.02, 'encoder_was_unfrozen': True, 'require_unfrozen_checkpoint': True, 'best_checkpoint_after_encoder_unfreeze': True, 'residual_target': True, 'bounded_residual_range': [-0.5, 0.5], 'training_seed': 34407, 'trend_prior_method': 'ridge', 'raw_model_validation_available': True, 'target_adapter_alignment': {'enabled': False, 'steps': 0, 'source_samples': 0, 'target_fit_samples': 0, 'target_labels_used': False, 'validation_or_holdout_used': False}, 'residual_blend_selection_unit': 'seed_ensemble', 'residual_blend_weight': 0.65, 'blend_selection_data': 'chronological_validation_fallback', 'blend_selection_raw_rmse': 0.24382303655147552}",['1'],5.902432918548584,trend_residual_transfer,281,1,0.025433029827132102,3,6.841485023498535,3407,femto,['3'],['4']
5.334195613861084,"{'best_validation_normalized_rmse': 0.0027500903233885765, 'best_epoch': 3, 'epochs_ran': 18, 'frozen_encoder': True, 'requested_warmup_frozen_epochs': 0, 'warmup_frozen_epochs': 0, 'encoder_unfreeze_epoch': None, 'encoder_anchor_weight': 0.0, 'encoder_was_unfrozen': False, 'require_unfrozen_checkpoint': False, 'best_checkpoint_after_encoder_unfreeze': False, 'residual_target': True, 'bounded_residual_range': [-0.5, 0.5], 'training_seed': 31042, 'trend_prior_method': 'ridge', 'raw_model_validation_available': True, 'target_adapter_alignment': {'enabled': False, 'steps': 0, 'source_samples': 0, 'target_fit_samples': 0, 'target_labels_used': False, 'validation_or_holdout_used': False}, 'residual_blend_selection_unit': 'seed_ensemble', 'residual_blend_weight': 0.5, 'blend_selection_data': 'chronological_validation_fallback', 'blend_selection_raw_rmse': 0.17924347519874573}",['1'],5.334195613861084,trend_residual_frozen,281,1,0.02383385626356841,3,6.411307334899902,42,femto,['3'],['4']
4.576747894287109,"{'best_validation_normalized_rmse': 0.0044794222339987755, 'best_epoch': 14, 'epochs_ran': 29, 'frozen_encoder': True, 'requested_warmup_frozen_epochs': 0, 'warmup_frozen_epochs': 0, 'encoder_unfreeze_epoch': None, 'encoder_anchor_weight': 0.0, 'encoder_was_unfrozen': False, 'require_unfrozen_checkpoint': False, 'best_checkpoint_after_encoder_unfreeze': False, 'residual_target': True, 'bounded_residual_range': [-0.5, 0.5], 'training_seed': 31123, 'trend_prior_method': 'ridge', 'raw_model_validation_available': True, 'target_adapter_alignment': {'enabled': False, 'steps': 0, 'source_samples': 0, 'target_fit_samples': 0, 'target_labels_used': False, 'validation_or_holdout_used': False}, 'residual_blend_selection_unit': 'seed_ensemble', 'residual_blend_weight': 0.5, 'blend_selection_data': 'chronological_validation_fallback', 'blend_selection_raw_rmse': 0.17924347519874573}",['1'],4.620818138122559,trend_residual_frozen,281,1,0.02196224382818853,3,5.907843589782715,123,femto,['3'],['4']
5.854453086853027,"{'best_validation_normalized_rmse': 0.001801662496291101, 'best_epoch': 13, 'epochs_ran': 28, 'frozen_encoder': True, 'requested_warmup_frozen_epochs': 0, 'warmup_frozen_epochs': 0, 'encoder_unfreeze_epoch': None, 'encoder_anchor_weight': 0.0, 'encoder_was_unfrozen': False, 'require_unfrozen_checkpoint': False, 'best_checkpoint_after_encoder_unfreeze': False, 'residual_target': True, 'bounded_residual_range': [-0.5, 0.5], 'training_seed': 31456, 'trend_prior_method': 'ridge', 'raw_model_validation_available': True, 'target_adapter_alignment': {'enabled': False, 'steps': 0, 'source_samples': 0, 'target_fit_samples': 0, 'target_labels_used': False, 'validation_or_holdout_used': False}, 'residual_blend_selection_unit': 'seed_ensemble', 'residual_blend_weight': 0.5, 'blend_selection_data': 'chronological_validation_fallback', 'blend_selection_raw_rmse': 0.17924347519874573}",['1'],5.854453086853027,trend_residual_frozen,281,1,0.025522629124524424,3,6.86558723449707,456,femto,['3'],['4']
4.861608982086182,"{'best_validation_normalized_rmse': 0.01649198867380619, 'best_epoch': 10, 'epochs_ran': 25, 'frozen_encoder': True, 'requested_warmup_frozen_epochs': 0, 'warmup_frozen_epochs': 0, 'encoder_unfreeze_epoch': None, 'encoder_anchor_weight': 0.0, 'encoder_was_unfrozen': False, 'require_unfrozen_checkpoint': False, 'best_checkpoint_after_encoder_unfreeze': False, 'residual_target': True, 'bounded_residual_range': [-0.5, 0.5], 'training_seed': 33026, 'trend_prior_method': 'ridge', 'raw_model_validation_available': True, 'target_adapter_alignment': {'enabled': False, 'steps': 0, 'source_samples': 0, 'target_fit_samples': 0, 'target_labels_used': False, 'validation_or_holdout_used': False}, 'residual_blend_selection_unit': 'seed_ensemble', 'residual_blend_weight': 0.5, 'blend_selection_data': 'chronological_validation_fallback', 'blend_selection_raw_rmse': 0.17924347519874573}",['1'],4.935348987579346,trend_residual_frozen,281,1,0.023599878119713313,3,6.348367214202881,2026,femto,['3'],['4']
5.9409918785095215,"{'best_validation_normalized_rmse': 0.002449576510116458, 'best_epoch': 12, 'epochs_ran': 27, 'frozen_encoder': True, 'requested_warmup_frozen_epochs': 0, 'warmup_frozen_epochs': 0, 'encoder_unfreeze_epoch': None, 'encoder_anchor_weight': 0.0, 'encoder_was_unfrozen': False, 'require_unfrozen_checkpoint': False, 'best_checkpoint_after_encoder_unfreeze': False, 'residual_target': True, 'bounded_residual_range': [-0.5, 0.5], 'training_seed': 34407, 'trend_prior_method': 'ridge', 'raw_model_validation_available': True, 'target_adapter_alignment': {'enabled': False, 'steps': 0, 'source_samples': 0, 'target_fit_samples': 0, 'target_labels_used': False, 'validation_or_holdout_used': False}, 'residual_blend_selection_unit': 'seed_ensemble', 'residual_blend_weight': 0.5, 'blend_selection_data': 'chronological_validation_fallback', 'blend_selection_raw_rmse': 0.17924347519874573}",['1'],5.9409918785095215,trend_residual_frozen,281,1,0.026505796439585633,3,7.130059242248535,3407,femto,['3'],['4']
4.698166370391846,"{'best_validation_normalized_rmse': 0.007277443073689938, 'best_epoch': 119, 'epochs_ran': 120, 'frozen_encoder': False, 'requested_warmup_frozen_epochs': 0, 'warmup_frozen_epochs': 0, 'encoder_unfreeze_epoch': 1, 'encoder_anchor_weight': 0.0, 'encoder_was_unfrozen': True, 'require_unfrozen_checkpoint': False, 'best_checkpoint_after_encoder_unfreeze': True, 'residual_target': True, 'bounded_residual_range': [-0.5, 0.5], 'training_seed': 31042, 'trend_prior_method': 'ridge', 'raw_model_validation_available': True, 'target_adapter_alignment': {'enabled': False, 'reason': 'scratch_target_only_control', 'target_labels_used': False, 'validation_or_holdout_used': False}, 'residual_blend_selection_unit': 'seed_ensemble', 'residual_blend_weight': 0.15000000000000002, 'blend_selection_data': 'chronological_validation_fallback', 'blend_selection_raw_rmse': 1.0389786958694458}",['1'],4.698166370391846,trend_residual_scratch,281,1,0.021846686154050013,3,5.876758575439453,42,femto,['3'],['4']
4.745754241943359,"{'best_validation_normalized_rmse': 0.0034789054188877344, 'best_epoch': 9, 'epochs_ran': 24, 'frozen_encoder': False, 'requested_warmup_frozen_epochs': 0, 'warmup_frozen_epochs': 0, 'encoder_unfreeze_epoch': 1, 'encoder_anchor_weight': 0.0, 'encoder_was_unfrozen': True, 'require_unfrozen_checkpoint': False, 'best_checkpoint_after_encoder_unfreeze': True, 'residual_target': True, 'bounded_residual_range': [-0.5, 0.5], 'training_seed': 31123, 'trend_prior_method': 'ridge', 'raw_model_validation_available': True, 'target_adapter_alignment': {'enabled': False, 'reason': 'scratch_target_only_control', 'target_labels_used': False, 'validation_or_holdout_used': False}, 'residual_blend_selection_unit': 'seed_ensemble', 'residual_blend_weight': 0.15000000000000002, 'blend_selection_data': 'chronological_validation_fallback', 'blend_selection_raw_rmse': 1.0389786958694458}",['1'],4.74615478515625,trend_residual_scratch,281,1,0.022182305063013694,3,5.967040061950684,123,femto,['3'],['4']
4.996937274932861,"{'best_validation_normalized_rmse': 0.0039518969133496284, 'best_epoch': 4, 'epochs_ran': 19, 'frozen_encoder': False, 'requested_warmup_frozen_epochs': 0, 'warmup_frozen_epochs': 0, 'encoder_unfreeze_epoch': 1, 'encoder_anchor_weight': 0.0, 'encoder_was_unfrozen': True, 'require_unfrozen_checkpoint': False, 'best_checkpoint_after_encoder_unfreeze': True, 'residual_target': True, 'bounded_residual_range': [-0.5, 0.5], 'training_seed': 31456, 'trend_prior_method': 'ridge', 'raw_model_validation_available': True, 'target_adapter_alignment': {'enabled': False, 'reason': 'scratch_target_only_control', 'target_labels_used': False, 'validation_or_holdout_used': False}, 'residual_blend_selection_unit': 'seed_ensemble', 'residual_blend_weight': 0.15000000000000002, 'blend_selection_data': 'chronological_validation_fallback', 'blend_selection_raw_rmse': 1.0389786958694458}",['1'],4.996937274932861,trend_residual_scratch,281,1,0.02281026414779039,3,6.135961055755615,456,femto,['3'],['4']
4.5052809715271,"{'best_validation_normalized_rmse': 0.009627267718315125, 'best_epoch': 5, 'epochs_ran': 20, 'frozen_encoder': False, 'requested_warmup_frozen_epochs': 0, 'warmup_frozen_epochs': 0, 'encoder_unfreeze_epoch': 1, 'encoder_anchor_weight': 0.0, 'encoder_was_unfrozen': True, 'require_unfrozen_checkpoint': False, 'best_checkpoint_after_encoder_unfreeze': True, 'residual_target': True, 'bounded_residual_range': [-0.5, 0.5], 'training_seed': 33026, 'trend_prior_method': 'ridge', 'raw_model_validation_available': True, 'target_adapter_alignment': {'enabled': False, 'reason': 'scratch_target_only_control', 'target_labels_used': False, 'validation_or_holdout_used': False}, 'residual_blend_selection_unit': 'seed_ensemble', 'residual_blend_weight': 0.15000000000000002, 'blend_selection_data': 'chronological_validation_fallback', 'blend_selection_raw_rmse': 1.0389786958694458}",['1'],4.5052809715271,trend_residual_scratch,281,1,0.02107249050778527,3,5.668499946594238,2026,femto,['3'],['4']
5.120429039001465,"{'best_validation_normalized_rmse': 0.00405915966257453, 'best_epoch': 9, 'epochs_ran': 24, 'frozen_encoder': False, 'requested_warmup_frozen_epochs': 0, 'warmup_frozen_epochs': 0, 'encoder_unfreeze_epoch': 1, 'encoder_anchor_weight': 0.0, 'encoder_was_unfrozen': True, 'require_unfrozen_checkpoint': False, 'best_checkpoint_after_encoder_unfreeze': True, 'residual_target': True, 'bounded_residual_range': [-0.5, 0.5], 'training_seed': 34407, 'trend_prior_method': 'ridge', 'raw_model_validation_available': True, 'target_adapter_alignment': {'enabled': False, 'reason': 'scratch_target_only_control', 'target_labels_used': False, 'validation_or_holdout_used': False}, 'residual_blend_selection_unit': 'seed_ensemble', 'residual_blend_weight': 0.15000000000000002, 'blend_selection_data': 'chronological_validation_fallback', 'blend_selection_raw_rmse': 1.0389786958694458}",['1'],5.120429039001465,trend_residual_scratch,281,1,0.022570383149895082,3,6.071433067321777,3407,femto,['3'],['4']
4.753036022186279,"{'family': 'target_only_ridge', 'alpha': 0.0001, 'validation_raw_rmse': 1.0449960231781006}",['1'],4.753036022186279,ridge,281,1,0.02206999661754055,3,5.936829090118408,,femto,['3'],['4']
11.522212028503418,"{'family': 'causal_target_time_trend', 'degree': 1, 'trend_prior_selected_for_residual': 'ridge'}",['1'],11.522212028503418,trend_linear,281,1,0.04594321410452123,3,12.358724594116211,,femto,['3'],['4']
11.12999153137207,"{'family': 'causal_target_time_trend', 'degree': 2, 'trend_prior_selected_for_residual': 'ridge'}",['1'],11.12999153137207,trend_quadratic,281,1,0.044125546310027734,3,11.869771957397461,,femto,['3'],['4']
10.445158004760742,"{'family': 'causal_target_time_trend', 'degree': 1, 'trend_prior_selected_for_residual': 'ridge'}",['1'],10.445158004760742,trend_huber,281,1,0.04145614808376837,3,11.151703834533691,,femto,['3'],['4']
4.753036022186279,"{'selected_method': 'ridge', 'selection_policy': 'ridge', 'selected_beta': [0.4502396971182371, -0.001340592018338726, -0.311705578599341, 0.0, 0.0, 0.0, 1.0491168919475672e-05, -0.00012793639439823165, -3.9969746993547526e-05, -5.695124316221985e-07, -0.0015072235729634996, 0.0015138719593419166, -9.655534972513049e-06, 3.4200292058853775e-06, -0.0004315986845889776], 'selected_diagnostics': {'family': 'causal_target_ridge_prior', 'alpha': 0.0001, 'validation_raw_rmse': 1.0449960231781006}, 'candidates': {'trend_linear': {'degree': 1, 'endpoint_scale_from_fit_groups': 299.0, 'validation_raw_rmse': 2.4018938541412354, 'beta': [0.9867776121825106, -1.0750911481820367]}, 'trend_quadratic': {'degree': 2, 'selected_alpha': 0.1, 'endpoint_scale_from_fit_groups': 299.0, 'validation_raw_rmse': 2.6326162815093994, 'beta': [0.996791058421126, -1.1353554748408623, 0.0618252486271232]}, 'trend_huber': {'degree': 1, 'selected_delta': 2.0, 'endpoint_scale_from_fit_groups': 299.0, 'validation_raw_rmse': 1.8851293325424194, 'beta': [0.9999317862669888, -1.1113328862930159]}, 'ridge': {'family': 'causal_target_ridge_prior', 'alpha': 0.0001, 'validation_raw_rmse': 1.0449960231781006, 'beta': [0.4502396971182371, -0.001340592018338726, -0.311705578599341, 0.0, 0.0, 0.0, 1.0491168919475672e-05, -0.00012793639439823165, -3.9969746993547526e-05, -5.695124316221985e-07, -0.0015072235729634996, 0.0015138719593419166, -9.655534972513049e-06, 3.4200292058853775e-06, -0.0004315986845889776]}}, 'full_life_target_labels_used_for_prior': False, 'holdout_labels_used_for_prior': False}",['1'],4.753036022186279,trend_prior,281,1,0.02206999661754055,3,5.936829090118408,,femto,['3'],['4']
5.283576965332031,,['1'],5.283576965332031,trend_residual_transfer_ensemble,281,1,0.023928732677020104,3,6.436829090118408,,femto,['3'],['4']
5.283576965332031,,['1'],5.283576965332031,trend_residual_transfer_calibrated_ensemble,281,1,0.023928732677020104,3,6.436829090118408,,femto,['3'],['4']
5.250001907348633,,['1'],5.250001907348633,trend_residual_transfer_affine_calibrated_ensemble,281,1,0.02421669623222493,3,6.514291286468506,,femto,['3'],['4']
5.283576965332031,,['1'],5.283576965332031,ridge_calibrated_transfer_ensemble,281,1,0.023928732677020104,3,6.436829090118408,,femto,['3'],['4']
4.813313007354736,,['1'],4.813313007354736,trend_residual_scratch_calibrated_ensemble,281,1,0.022080749384089472,3,5.939721584320068,,femto,['3'],['4']
5.5568132400512695,,['1'],5.5568132400512695,trend_residual_scratch_affine_calibrated_ensemble,281,1,0.025799795597459305,3,6.940145015716553,,femto,['3'],['4']
4.813313007354736,,['1'],4.813313007354736,ridge_calibrated_scratch_ensemble,281,1,0.022080749384089472,3,5.939721584320068,,femto,['3'],['4']
5.313600063323975,,['1'],5.313600063323975,trend_residual_frozen_ensemble,281,1,0.024181677949472874,3,6.504871368408203,,femto,['3'],['4']
4.813313007354736,,['1'],4.813313007354736,trend_residual_scratch_ensemble,281,1,0.022080749384089472,3,5.939721584320068,,femto,['3'],['4']
4.753036022186279,,['1'],4.753036022186279,ridge_ensemble,281,1,0.02206999661754055,3,5.936829090118408,,femto,['3'],['4']
11.522212028503418,,['1'],11.522212028503418,trend_linear_ensemble,281,1,0.04594321410452123,3,12.358724594116211,,femto,['3'],['4']
11.12999153137207,,['1'],11.12999153137207,trend_quadratic_ensemble,281,1,0.044125546310027734,3,11.869771957397461,,femto,['3'],['4']
10.445158004760742,,['1'],10.445158004760742,trend_huber_ensemble,281,1,0.04145614808376837,3,11.151703834533691,,femto,['3'],['4']
4.753036022186279,,['1'],4.753036022186279,trend_prior_ensemble,281,1,0.02206999661754055,3,5.936829090118408,,femto,['3'],['4']
6.1100921630859375,"{'best_validation_normalized_rmse': 0.0015599768375977874, 'best_epoch': 28, 'epochs_ran': 43, 'frozen_encoder': False, 'requested_warmup_frozen_epochs': 2, 'warmup_frozen_epochs': 2, 'encoder_unfreeze_epoch': 3, 'encoder_anchor_weight': 0.02, 'encoder_was_unfrozen': True, 'require_unfrozen_checkpoint': True, 'best_checkpoint_after_encoder_unfreeze': True, 'residual_target': True, 'bounded_residual_range': [-0.5, 0.5], 'training_seed': 32042, 'trend_prior_method': 'ridge', 'raw_model_validation_available': True, 'target_adapter_alignment': {'enabled': False, 'steps': 0, 'source_samples': 0, 'target_fit_samples': 0, 'target_labels_used': False, 'validation_or_holdout_used': False}, 'residual_blend_selection_unit': 'seed_ensemble', 'residual_blend_weight': 0.0, 'blend_selection_data': 'fit_only_inner_group_loo', 'blend_selection_raw_rmse': 0.6080041476137145}","['1', '2']",6.1100921630859375,trend_residual_transfer,281,2,0.024772551866269022,3,6.663816452026367,42,femto,['3'],['4']
6.1100921630859375,"{'best_validation_normalized_rmse': 0.0030626547522842884, 'best_epoch': 25, 'epochs_ran': 40, 'frozen_encoder': False, 'requested_warmup_frozen_epochs': 2, 'warmup_frozen_epochs': 2, 'encoder_unfreeze_epoch': 3, 'encoder_anchor_weight': 0.02, 'encoder_was_unfrozen': True, 'require_unfrozen_checkpoint': True, 'best_checkpoint_after_encoder_unfreeze': True, 'residual_target': True, 'bounded_residual_range': [-0.5, 0.5], 'training_seed': 32123, 'trend_prior_method': 'ridge', 'raw_model_validation_available': True, 'target_adapter_alignment': {'enabled': False, 'steps': 0, 'source_samples': 0, 'target_fit_samples': 0, 'target_labels_used': False, 'validation_or_holdout_used': False}, 'residual_blend_selection_unit': 'seed_ensemble', 'residual_blend_weight': 0.0, 'blend_selection_data': 'fit_only_inner_group_loo', 'blend_selection_raw_rmse': 0.6080041476137145}","['1', '2']",6.1100921630859375,trend_residual_transfer,281,2,0.024772551866269022,3,6.663816452026367,123,femto,['3'],['4']
6.1100921630859375,"{'best_validation_normalized_rmse': 0.005808625835925341, 'best_epoch': 23, 'epochs_ran': 38, 'frozen_encoder': False, 'requested_warmup_frozen_epochs': 2, 'warmup_frozen_epochs': 2, 'encoder_unfreeze_epoch': 3, 'encoder_anchor_weight': 0.02, 'encoder_was_unfrozen': True, 'require_unfrozen_checkpoint': True, 'best_checkpoint_after_encoder_unfreeze': True, 'residual_target': True, 'bounded_residual_range': [-0.5, 0.5], 'training_seed': 32456, 'trend_prior_method': 'ridge', 'raw_model_validation_available': True, 'target_adapter_alignment': {'enabled': False, 'steps': 0, 'source_samples': 0, 'target_fit_samples': 0, 'target_labels_used': False, 'validation_or_holdout_used': False}, 'residual_blend_selection_unit': 'seed_ensemble', 'residual_blend_weight': 0.0, 'blend_selection_data': 'fit_only_inner_group_loo', 'blend_selection_raw_rmse': 0.6080041476137145}","['1', '2']",6.1100921630859375,trend_residual_transfer,281,2,0.024772551866269022,3,6.663816452026367,456,femto,['3'],['4']
6.1100921630859375,"{'best_validation_normalized_rmse': 0.003803278086706996, 'best_epoch': 26, 'epochs_ran': 41, 'frozen_encoder': False, 'requested_warmup_frozen_epochs': 2, 'warmup_frozen_epochs': 2, 'encoder_unfreeze_epoch': 3, 'encoder_anchor_weight': 0.02, 'encoder_was_unfrozen': True, 'require_unfrozen_checkpoint': True, 'best_checkpoint_after_encoder_unfreeze': True, 'residual_target': True, 'bounded_residual_range': [-0.5, 0.5], 'training_seed': 34026, 'trend_prior_method': 'ridge', 'raw_model_validation_available': True, 'target_adapter_alignment': {'enabled': False, 'steps': 0, 'source_samples': 0, 'target_fit_samples': 0, 'target_labels_used': False, 'validation_or_holdout_used': False}, 'residual_blend_selection_unit': 'seed_ensemble', 'residual_blend_weight': 0.0, 'blend_selection_data': 'fit_only_inner_group_loo', 'blend_selection_raw_rmse': 0.6080041476137145}","['1', '2']",6.1100921630859375,trend_residual_transfer,281,2,0.024772551866269022,3,6.663816452026367,2026,femto,['3'],['4']
6.1100921630859375,"{'best_validation_normalized_rmse': 0.004083708859980106, 'best_epoch': 8, 'epochs_ran': 23, 'frozen_encoder': False, 'requested_warmup_frozen_epochs': 2, 'warmup_frozen_epochs': 2, 'encoder_unfreeze_epoch': 3, 'encoder_anchor_weight': 0.02, 'encoder_was_unfrozen': True, 'require_unfrozen_checkpoint': True, 'best_checkpoint_after_encoder_unfreeze': True, 'residual_target': True, 'bounded_residual_range': [-0.5, 0.5], 'training_seed': 35407, 'trend_prior_method': 'ridge', 'raw_model_validation_available': True, 'target_adapter_alignment': {'enabled': False, 'steps': 0, 'source_samples': 0, 'target_fit_samples': 0, 'target_labels_used': False, 'validation_or_holdout_used': False}, 'residual_blend_selection_unit': 'seed_ensemble', 'residual_blend_weight': 0.0, 'blend_selection_data': 'fit_only_inner_group_loo', 'blend_selection_raw_rmse': 0.6080041476137145}","['1', '2']",6.1100921630859375,trend_residual_transfer,281,2,0.024772551866269022,3,6.663816452026367,3407,femto,['3'],['4']
6.1100921630859375,"{'best_validation_normalized_rmse': 0.0014627136988565326, 'best_epoch': 24, 'epochs_ran': 39, 'frozen_encoder': True, 'requested_warmup_frozen_epochs': 0, 'warmup_frozen_epochs': 0, 'encoder_unfreeze_epoch': None, 'encoder_anchor_weight': 0.0, 'encoder_was_unfrozen': False, 'require_unfrozen_checkpoint': False, 'best_checkpoint_after_encoder_unfreeze': False, 'residual_target': True, 'bounded_residual_range': [-0.5, 0.5], 'training_seed': 32042, 'trend_prior_method': 'ridge', 'raw_model_validation_available': True, 'target_adapter_alignment': {'enabled': False, 'steps': 0, 'source_samples': 0, 'target_fit_samples': 0, 'target_labels_used': False, 'validation_or_holdout_used': False}, 'residual_blend_selection_unit': 'seed_ensemble', 'residual_blend_weight': 0.0, 'blend_selection_data': 'fit_only_inner_group_loo', 'blend_selection_raw_rmse': 0.6080041476137145}","['1', '2']",6.1100921630859375,trend_residual_frozen,281,2,0.024772551866269022,3,6.663816452026367,42,femto,['3'],['4']
6.1100921630859375,"{'best_validation_normalized_rmse': 0.004027301445603371, 'best_epoch': 5, 'epochs_ran': 20, 'frozen_encoder': True, 'requested_warmup_frozen_epochs': 0, 'warmup_frozen_epochs': 0, 'encoder_unfreeze_epoch': None, 'encoder_anchor_weight': 0.0, 'encoder_was_unfrozen': False, 'require_unfrozen_checkpoint': False, 'best_checkpoint_after_encoder_unfreeze': False, 'residual_target': True, 'bounded_residual_range': [-0.5, 0.5], 'training_seed': 32123, 'trend_prior_method': 'ridge', 'raw_model_validation_available': True, 'target_adapter_alignment': {'enabled': False, 'steps': 0, 'source_samples': 0, 'target_fit_samples': 0, 'target_labels_used': False, 'validation_or_holdout_used': False}, 'residual_blend_selection_unit': 'seed_ensemble', 'residual_blend_weight': 0.0, 'blend_selection_data': 'fit_only_inner_group_loo', 'blend_selection_raw_rmse': 0.6080041476137145}","['1', '2']",6.1100921630859375,trend_residual_frozen,281,2,0.024772551866269022,3,6.663816452026367,123,femto,['3'],['4']
6.1100921630859375,"{'best_validation_normalized_rmse': 0.003301053773611784, 'best_epoch': 34, 'epochs_ran': 49, 'frozen_encoder': True, 'requested_warmup_frozen_epochs': 0, 'warmup_frozen_epochs': 0, 'encoder_unfreeze_epoch': None, 'encoder_anchor_weight': 0.0, 'encoder_was_unfrozen': False, 'require_unfrozen_checkpoint': False, 'best_checkpoint_after_encoder_unfreeze': False, 'residual_target': True, 'bounded_residual_range': [-0.5, 0.5], 'training_seed': 32456, 'trend_prior_method': 'ridge', 'raw_model_validation_available': True, 'target_adapter_alignment': {'enabled': False, 'steps': 0, 'source_samples': 0, 'target_fit_samples': 0, 'target_labels_used': False, 'validation_or_holdout_used': False}, 'residual_blend_selection_unit': 'seed_ensemble', 'residual_blend_weight': 0.0, 'blend_selection_data': 'fit_only_inner_group_loo', 'blend_selection_raw_rmse': 0.6080041476137145}","['1', '2']",6.1100921630859375,trend_residual_frozen,281,2,0.024772551866269022,3,6.663816452026367,456,femto,['3'],['4']
6.1100921630859375,"{'best_validation_normalized_rmse': 0.003258685814216733, 'best_epoch': 32, 'epochs_ran': 47, 'frozen_encoder': True, 'requested_warmup_frozen_epochs': 0, 'warmup_frozen_epochs': 0, 'encoder_unfreeze_epoch': None, 'encoder_anchor_weight': 0.0, 'encoder_was_unfrozen': False, 'require_unfrozen_checkpoint': False, 'best_checkpoint_after_encoder_unfreeze': False, 'residual_target': True, 'bounded_residual_range': [-0.5, 0.5], 'training_seed': 34026, 'trend_prior_method': 'ridge', 'raw_model_validation_available': True, 'target_adapter_alignment': {'enabled': False, 'steps': 0, 'source_samples': 0, 'target_fit_samples': 0, 'target_labels_used': False, 'validation_or_holdout_used': False}, 'residual_blend_selection_unit': 'seed_ensemble', 'residual_blend_weight': 0.0, 'blend_selection_data': 'fit_only_inner_group_loo', 'blend_selection_raw_rmse': 0.6080041476137145}","['1', '2']",6.1100921630859375,trend_residual_frozen,281,2,0.024772551866269022,3,6.663816452026367,2026,femto,['3'],['4']
6.1100921630859375,"{'best_validation_normalized_rmse': 0.002661129692569375, 'best_epoch': 47, 'epochs_ran': 62, 'frozen_encoder': True, 'requested_warmup_frozen_epochs': 0, 'warmup_frozen_epochs': 0, 'encoder_unfreeze_epoch': None, 'encoder_anchor_weight': 0.0, 'encoder_was_unfrozen': False, 'require_unfrozen_checkpoint': False, 'best_checkpoint_after_encoder_unfreeze': False, 'residual_target': True, 'bounded_residual_range': [-0.5, 0.5], 'training_seed': 35407, 'trend_prior_method': 'ridge', 'raw_model_validation_available': True, 'target_adapter_alignment': {'enabled': False, 'steps': 0, 'source_samples': 0, 'target_fit_samples': 0, 'target_labels_used': False, 'validation_or_holdout_used': False}, 'residual_blend_selection_unit': 'seed_ensemble', 'residual_blend_weight': 0.0, 'blend_selection_data': 'fit_only_inner_group_loo', 'blend_selection_raw_rmse': 0.6080041476137145}","['1', '2']",6.1100921630859375,trend_residual_frozen,281,2,0.024772551866269022,3,6.663816452026367,3407,femto,['3'],['4']
6.062175273895264,"{'best_validation_normalized_rmse': 0.0025287822354584932, 'best_epoch': 33, 'epochs_ran': 48, 'frozen_encoder': False, 'requested_warmup_frozen_epochs': 0, 'warmup_frozen_epochs': 0, 'encoder_unfreeze_epoch': 1, 'encoder_anchor_weight': 0.0, 'encoder_was_unfrozen': True, 'require_unfrozen_checkpoint': False, 'best_checkpoint_after_encoder_unfreeze': True, 'residual_target': True, 'bounded_residual_range': [-0.5, 0.5], 'training_seed': 32042, 'trend_prior_method': 'ridge', 'raw_model_validation_available': True, 'target_adapter_alignment': {'enabled': False, 'reason': 'scratch_target_only_control', 'target_labels_used': False, 'validation_or_holdout_used': False}, 'residual_blend_selection_unit': 'seed_ensemble', 'residual_blend_weight': 0.7000000000000001, 'blend_selection_data': 'fit_only_inner_group_loo', 'blend_selection_raw_rmse': 0.38489401823419844}","['1', '2']",6.062175273895264,trend_residual_scratch,281,2,0.025264374828693148,3,6.796116828918457,42,femto,['3'],['4']
6.137078285217285,"{'best_validation_normalized_rmse': 0.002823312534019351, 'best_epoch': 18, 'epochs_ran': 33, 'frozen_encoder': False, 'requested_warmup_frozen_epochs': 0, 'warmup_frozen_epochs': 0, 'encoder_unfreeze_epoch': 1, 'encoder_anchor_weight': 0.0, 'encoder_was_unfrozen': True, 'require_unfrozen_checkpoint': False, 'best_checkpoint_after_encoder_unfreeze': True, 'residual_target': True, 'bounded_residual_range': [-0.5, 0.5], 'training_seed': 32123, 'trend_prior_method': 'ridge', 'raw_model_validation_available': True, 'target_adapter_alignment': {'enabled': False, 'reason': 'scratch_target_only_control', 'target_labels_used': False, 'validation_or_holdout_used': False}, 'residual_blend_selection_unit': 'seed_ensemble', 'residual_blend_weight': 0.7000000000000001, 'blend_selection_data': 'fit_only_inner_group_loo', 'blend_selection_raw_rmse': 0.38489401823419844}","['1', '2']",6.137078285217285,trend_residual_scratch,281,2,0.025203922867331807,3,6.779855251312256,123,femto,['3'],['4']
5.986320972442627,"{'best_validation_normalized_rmse': 0.0034559217747300863, 'best_epoch': 17, 'epochs_ran': 32, 'frozen_encoder': False, 'requested_warmup_frozen_epochs': 0, 'warmup_frozen_epochs': 0, 'encoder_unfreeze_epoch': 1, 'encoder_anchor_weight': 0.0, 'encoder_was_unfrozen': True, 'require_unfrozen_checkpoint': False, 'best_checkpoint_after_encoder_unfreeze': True, 'residual_target': True, 'bounded_residual_range': [-0.5, 0.5], 'training_seed': 32456, 'trend_prior_method': 'ridge', 'raw_model_validation_available': True, 'target_adapter_alignment': {'enabled': False, 'reason': 'scratch_target_only_control', 'target_labels_used': False, 'validation_or_holdout_used': False}, 'residual_blend_selection_unit': 'seed_ensemble', 'residual_blend_weight': 0.7000000000000001, 'blend_selection_data': 'fit_only_inner_group_loo', 'blend_selection_raw_rmse': 0.38489401823419844}","['1', '2']",5.986320972442627,trend_residual_scratch,281,2,0.02533404268739835,3,6.814857482910156,456,femto,['3'],['4']
6.7411394119262695,"{'best_validation_normalized_rmse': 0.004491000901907682, 'best_epoch': 5, 'epochs_ran': 20, 'frozen_encoder': False, 'requested_warmup_frozen_epochs': 0, 'warmup_frozen_epochs': 0, 'encoder_unfreeze_epoch': 1, 'encoder_anchor_weight': 0.0, 'encoder_was_unfrozen': True, 'require_unfrozen_checkpoint': False, 'best_checkpoint_after_encoder_unfreeze': True, 'residual_target': True, 'bounded_residual_range': [-0.5, 0.5], 'training_seed': 34026, 'trend_prior_method': 'ridge', 'raw_model_validation_available': True, 'target_adapter_alignment': {'enabled': False, 'reason': 'scratch_target_only_control', 'target_labels_used': False, 'validation_or_holdout_used': False}, 'residual_blend_selection_unit': 'seed_ensemble', 'residual_blend_weight': 0.7000000000000001, 'blend_selection_data': 'fit_only_inner_group_loo', 'blend_selection_raw_rmse': 0.38489401823419844}","['1', '2']",6.7411394119262695,trend_residual_scratch,281,2,0.027149677276611328,3,7.303263187408447,2026,femto,['3'],['4']
6.153189182281494,"{'best_validation_normalized_rmse': 0.004313651937991381, 'best_epoch': 6, 'epochs_ran': 21, 'frozen_encoder': False, 'requested_warmup_frozen_epochs': 0, 'warmup_frozen_epochs': 0, 'encoder_unfreeze_epoch': 1, 'encoder_anchor_weight': 0.0, 'encoder_was_unfrozen': True, 'require_unfrozen_checkpoint': False, 'best_checkpoint_after_encoder_unfreeze': True, 'residual_target': True, 'bounded_residual_range': [-0.5, 0.5], 'training_seed': 35407, 'trend_prior_method': 'ridge', 'raw_model_validation_available': True, 'target_adapter_alignment': {'enabled': False, 'reason': 'scratch_target_only_control', 'target_labels_used': False, 'validation_or_holdout_used': False}, 'residual_blend_selection_unit': 'seed_ensemble', 'residual_blend_weight': 0.7000000000000001, 'blend_selection_data': 'fit_only_inner_group_loo', 'blend_selection_raw_rmse': 0.38489401823419844}","['1', '2']",6.153189182281494,trend_residual_scratch,281,2,0.0250896095786396,3,6.749104976654053,3407,femto,['3'],['4']
6.1100921630859375,"{'family': 'target_only_ridge', 'alpha': 0.01, 'validation_raw_rmse': 0.9851158261299133}","['1', '2']",6.1100921630859375,ridge,281,2,0.024772551866269022,3,6.663816452026367,,femto,['3'],['4']
11.105016708374023,"{'family': 'causal_target_time_trend', 'degree': 1, 'trend_prior_selected_for_residual': 'ridge'}","['1', '2']",11.105016708374023,trend_linear,281,2,0.04438979918185663,3,11.940855979919434,,femto,['3'],['4']
10.685707092285156,"{'family': 'causal_target_time_trend', 'degree': 2, 'trend_prior_selected_for_residual': 'ridge'}","['1', '2']",10.685707092285156,trend_quadratic,281,2,0.04249085280975001,3,11.430039405822754,,femto,['3'],['4']
10.113656997680664,"{'family': 'causal_target_time_trend', 'degree': 1, 'trend_prior_selected_for_residual': 'ridge'}","['1', '2']",10.113656997680664,trend_huber,281,2,0.04013457528720558,3,10.7962007522583,,femto,['3'],['4']
6.1100921630859375,"{'selected_method': 'ridge', 'selection_policy': 'ridge', 'selected_beta': [0.45003579285993117, -0.009226974566652495, -0.30936328992615636, 0.0, 0.0, 0.003919489401101275, 0.0016378674349111935, 0.009280478953067916, -0.0015899561682730383, -0.0004252372841670316, -0.007269790770603488, -0.0064051821495155785, -0.02897347564126474, -0.0001442025169228865, -0.002970539550946094], 'selected_diagnostics': {'family': 'causal_target_ridge_prior', 'alpha': 0.01, 'validation_raw_rmse': 0.9851158261299133}, 'candidates': {'trend_linear': {'degree': 1, 'endpoint_scale_from_fit_groups': 299.0, 'validation_raw_rmse': 2.636505126953125, 'beta': [0.9845045565644415, -1.0739264099130845]}, 'trend_quadratic': {'degree': 2, 'selected_alpha': 0.1, 'endpoint_scale_from_fit_groups': 299.0, 'validation_raw_rmse': 2.9163644313812256, 'beta': [1.00684620650959, -1.1924300915786255, 0.11413382139026562]}, 'trend_huber': {'degree': 1, 'selected_delta': 2.0, 'endpoint_scale_from_fit_groups': 299.0, 'validation_raw_rmse': 2.2039380073547363, 'beta': [0.9959919051052492, -1.1055002091708368]}, 'ridge': {'family': 'causal_target_ridge_prior', 'alpha': 0.01, 'validation_raw_rmse': 0.9851158261299133, 'beta': [0.45003579285993117, -0.009226974566652495, -0.30936328992615636, 0.0, 0.0, 0.003919489401101275, 0.0016378674349111935, 0.009280478953067916, -0.0015899561682730383, -0.0004252372841670316, -0.007269790770603488, -0.0064051821495155785, -0.02897347564126474, -0.0001442025169228865, -0.002970539550946094]}}, 'full_life_target_labels_used_for_prior': False, 'holdout_labels_used_for_prior': False}","['1', '2']",6.1100921630859375,trend_prior,281,2,0.024772551866269022,3,6.663816452026367,,femto,['3'],['4']
6.110093116760254,,"['1', '2']",6.110093116760254,trend_residual_transfer_ensemble,281,2,0.024772555411526703,3,6.663817405700684,,femto,['3'],['4']
6.110093116760254,,"['1', '2']",6.110093116760254,trend_residual_transfer_calibrated_ensemble,281,2,0.024772555411526703,3,6.663817405700684,,femto,['3'],['4']
6.1126532554626465,,"['1', '2']",6.1126532554626465,trend_residual_transfer_affine_calibrated_ensemble,281,2,0.026470459083642216,3,7.120553493499756,,femto,['3'],['4']
6.110092639923096,,"['1', '2']",6.110092639923096,ridge_calibrated_transfer_ensemble,281,2,0.024772551866269022,3,6.663816452026367,,femto,['3'],['4']
6.215980529785156,,"['1', '2']",6.215980529785156,trend_residual_scratch_calibrated_ensemble,281,2,0.025502740228929486,3,6.860237121582031,,femto,['3'],['4']
6.197622776031494,,"['1', '2']",6.197622776031494,trend_residual_scratch_affine_calibrated_ensemble,281,2,0.026738939675256666,3,7.192774772644043,,femto,['3'],['4']
6.215980529785156,,"['1', '2']",6.215980529785156,ridge_calibrated_scratch_ensemble,281,2,0.025502740228929486,3,6.860237121582031,,femto,['3'],['4']
6.110093116760254,,"['1', '2']",6.110093116760254,trend_residual_frozen_ensemble,281,2,0.024772555411526703,3,6.663817405700684,,femto,['3'],['4']
6.215980529785156,,"['1', '2']",6.215980529785156,trend_residual_scratch_ensemble,281,2,0.025502740228929486,3,6.860237121582031,,femto,['3'],['4']
6.1100921630859375,,"['1', '2']",6.1100921630859375,ridge_ensemble,281,2,0.024772551866269022,3,6.663816452026367,,femto,['3'],['4']
11.105016708374023,,"['1', '2']",11.105016708374023,trend_linear_ensemble,281,2,0.04438979918185663,3,11.940855979919434,,femto,['3'],['4']
10.685707092285156,,"['1', '2']",10.685707092285156,trend_quadratic_ensemble,281,2,0.04249085280975001,3,11.430039405822754,,femto,['3'],['4']
10.113656997680664,,"['1', '2']",10.113656997680664,trend_huber_ensemble,281,2,0.04013457528720558,3,10.7962007522583,,femto,['3'],['4']
6.1100921630859375,,"['1', '2']",6.1100921630859375,trend_prior_ensemble,281,2,0.024772551866269022,3,6.663816452026367,,femto,['3'],['4']
-1.8384343385696411,"{'best_validation_normalized_rmse': 0.021526983007788658, 'best_epoch': 6, 'epochs_ran': 21, 'frozen_encoder': False, 'requested_warmup_frozen_epochs': 2, 'warmup_frozen_epochs': 2, 'encoder_unfreeze_epoch': 3, 'encoder_anchor_weight': 0.02, 'encoder_was_unfrozen': True, 'require_unfrozen_checkpoint': True, 'best_checkpoint_after_encoder_unfreeze': True, 'residual_target': True, 'bounded_residual_range': [-0.5, 0.5], 'training_seed': 33042, 'trend_prior_method': 'ridge', 'raw_model_validation_available': True, 'target_adapter_alignment': {'enabled': False, 'steps': 0, 'source_samples': 0, 'target_fit_samples': 0, 'target_labels_used': False, 'validation_or_holdout_used': False}, 'residual_blend_selection_unit': 'seed_ensemble', 'residual_blend_weight': 1.0, 'blend_selection_data': 'fit_only_inner_group_loo', 'blend_selection_raw_rmse': 31.762409051001026}","['1', '2', '5']",3.9344499111175537,trend_residual_transfer,281,3,0.01709798011637975,3,4.599356651306152,42,femto,['3'],['4']
-1.7684727907180786,"{'best_validation_normalized_rmse': 0.017238616943359375, 'best_epoch': 10, 'epochs_ran': 25, 'frozen_encoder': False, 'requested_warmup_frozen_epochs': 2, 'warmup_frozen_epochs': 2, 'encoder_unfreeze_epoch': 3, 'encoder_anchor_weight': 0.02, 'encoder_was_unfrozen': True, 'require_unfrozen_checkpoint': True, 'best_checkpoint_after_encoder_unfreeze': True, 'residual_target': True, 'bounded_residual_range': [-0.5, 0.5], 'training_seed': 33123, 'trend_prior_method': 'ridge', 'raw_model_validation_available': True, 'target_adapter_alignment': {'enabled': False, 'steps': 0, 'source_samples': 0, 'target_fit_samples': 0, 'target_labels_used': False, 'validation_or_holdout_used': False}, 'residual_blend_selection_unit': 'seed_ensemble', 'residual_blend_weight': 1.0, 'blend_selection_data': 'fit_only_inner_group_loo', 'blend_selection_raw_rmse': 31.762409051001026}","['1', '2', '5']",3.490783452987671,trend_residual_transfer,281,3,0.015472498968188204,3,4.162102222442627,123,femto,['3'],['4']
-1.4947843551635742,"{'best_validation_normalized_rmse': 0.017210619524121284, 'best_epoch': 19, 'epochs_ran': 34, 'frozen_encoder': False, 'requested_warmup_frozen_epochs': 2, 'warmup_frozen_epochs': 2, 'encoder_unfreeze_epoch': 3, 'encoder_anchor_weight': 0.02, 'encoder_was_unfrozen': True, 'require_unfrozen_checkpoint': True, 'best_checkpoint_after_encoder_unfreeze': True, 'residual_target': True, 'bounded_residual_range': [-0.5, 0.5], 'training_seed': 33456, 'trend_prior_method': 'ridge', 'raw_model_validation_available': True, 'target_adapter_alignment': {'enabled': False, 'steps': 0, 'source_samples': 0, 'target_fit_samples': 0, 'target_labels_used': False, 'validation_or_holdout_used': False}, 'residual_blend_selection_unit': 'seed_ensemble', 'residual_blend_weight': 1.0, 'blend_selection_data': 'fit_only_inner_group_loo', 'blend_selection_raw_rmse': 31.762409051001026}","['1', '2', '5']",5.550559043884277,trend_residual_transfer,281,3,0.022674943434704636,3,6.099559783935547,456,femto,['3'],['4']
-0.339019238948822,"{'best_validation_normalized_rmse': 0.006834194529801607, 'best_epoch': 8, 'epochs_ran': 23, 'frozen_encoder': False, 'requested_warmup_frozen_epochs': 2, 'warmup_frozen_epochs': 2, 'encoder_unfreeze_epoch': 3, 'encoder_anchor_weight': 0.02, 'encoder_was_unfrozen': True, 'require_unfrozen_checkpoint': True, 'best_checkpoint_after_encoder_unfreeze': True, 'residual_target': True, 'bounded_residual_range': [-0.5, 0.5], 'training_seed': 35026, 'trend_prior_method': 'ridge', 'raw_model_validation_available': True, 'target_adapter_alignment': {'enabled': False, 'steps': 0, 'source_samples': 0, 'target_fit_samples': 0, 'target_labels_used': False, 'validation_or_holdout_used': False}, 'residual_blend_selection_unit': 'seed_ensemble', 'residual_blend_weight': 1.0, 'blend_selection_data': 'fit_only_inner_group_loo', 'blend_selection_raw_rmse': 31.762409051001026}","['1', '2', '5']",5.657276630401611,trend_residual_transfer,281,3,0.024084121321213733,3,6.478628635406494,2026,femto,['3'],['4']
-4.0590500831604,"{'best_validation_normalized_rmse': 0.01761854812502861, 'best_epoch': 3, 'epochs_ran': 16, 'frozen_encoder': False, 'requested_warmup_frozen_epochs': 2, 'warmup_frozen_epochs': 2, 'encoder_unfreeze_epoch': 3, 'encoder_anchor_weight': 0.02, 'encoder_was_unfrozen': True, 'require_unfrozen_checkpoint': True, 'best_checkpoint_after_encoder_unfreeze': True, 'residual_target': True, 'bounded_residual_range': [-0.5, 0.5], 'training_seed': 36407, 'trend_prior_method': 'ridge', 'raw_model_validation_available': True, 'target_adapter_alignment': {'enabled': False, 'steps': 0, 'source_samples': 0, 'target_fit_samples': 0, 'target_labels_used': False, 'validation_or_holdout_used': False}, 'residual_blend_selection_unit': 'seed_ensemble', 'residual_blend_weight': 1.0, 'blend_selection_data': 'fit_only_inner_group_loo', 'blend_selection_raw_rmse': 31.762409051001026}","['1', '2', '5']",6.680706024169922,trend_residual_transfer,281,3,0.03165912628173828,3,8.516304969787598,3407,femto,['3'],['4']
-4.033477783203125,"{'best_validation_normalized_rmse': 0.018590282648801804, 'best_epoch': 25, 'epochs_ran': 40, 'frozen_encoder': True, 'requested_warmup_frozen_epochs': 0, 'warmup_frozen_epochs': 0, 'encoder_unfreeze_epoch': None, 'encoder_anchor_weight': 0.0, 'encoder_was_unfrozen': False, 'require_unfrozen_checkpoint': False, 'best_checkpoint_after_encoder_unfreeze': False, 'residual_target': True, 'bounded_residual_range': [-0.5, 0.5], 'training_seed': 33042, 'trend_prior_method': 'ridge', 'raw_model_validation_available': True, 'target_adapter_alignment': {'enabled': False, 'steps': 0, 'source_samples': 0, 'target_fit_samples': 0, 'target_labels_used': False, 'validation_or_holdout_used': False}, 'residual_blend_selection_unit': 'seed_ensemble', 'residual_blend_weight': 1.0, 'blend_selection_data': 'fit_only_inner_group_loo', 'blend_selection_raw_rmse': 30.753633077249066}","['1', '2', '5']",4.591606616973877,trend_residual_frozen,281,3,0.023304912680586917,3,6.269021511077881,42,femto,['3'],['4']
-4.013813018798828,"{'best_validation_normalized_rmse': 0.015381554141640663, 'best_epoch': 25, 'epochs_ran': 40, 'frozen_encoder': True, 'requested_warmup_frozen_epochs': 0, 'warmup_frozen_epochs': 0, 'encoder_unfreeze_epoch': None, 'encoder_anchor_weight': 0.0, 'encoder_was_unfrozen': False, 'require_unfrozen_checkpoint': False, 'best_checkpoint_after_encoder_unfreeze': False, 'residual_target': True, 'bounded_residual_range': [-0.5, 0.5], 'training_seed': 33123, 'trend_prior_method': 'ridge', 'raw_model_validation_available': True, 'target_adapter_alignment': {'enabled': False, 'steps': 0, 'source_samples': 0, 'target_fit_samples': 0, 'target_labels_used': False, 'validation_or_holdout_used': False}, 'residual_blend_selection_unit': 'seed_ensemble', 'residual_blend_weight': 1.0, 'blend_selection_data': 'fit_only_inner_group_loo', 'blend_selection_raw_rmse': 30.753633077249066}","['1', '2', '5']",4.990070819854736,trend_residual_frozen,281,3,0.02435052084656896,3,6.550290107727051,123,femto,['3'],['4']
-1.5459626913070679,"{'best_validation_normalized_rmse': 0.0188284944742918, 'best_epoch': 13, 'epochs_ran': 28, 'frozen_encoder': True, 'requested_warmup_frozen_epochs': 0, 'warmup_frozen_epochs': 0, 'encoder_unfreeze_epoch': None, 'encoder_anchor_weight': 0.0, 'encoder_was_unfrozen': False, 'require_unfrozen_checkpoint': False, 'best_checkpoint_after_encoder_unfreeze': False, 'residual_target': True, 'bounded_residual_range': [-0.5, 0.5], 'training_seed': 33456, 'trend_prior_method': 'ridge', 'raw_model_validation_available': True, 'target_adapter_alignment': {'enabled': False, 'steps': 0, 'source_samples': 0, 'target_fit_samples': 0, 'target_labels_used': False, 'validation_or_holdout_used': False}, 'residual_blend_selection_unit': 'seed_ensemble', 'residual_blend_weight': 1.0, 'blend_selection_data': 'fit_only_inner_group_loo', 'blend_selection_raw_rmse': 30.753633077249066}","['1', '2', '5']",5.53892183303833,trend_residual_frozen,281,3,0.022644938146314655,3,6.091488361358643,456,femto,['3'],['4']
0.09330885112285614,"{'best_validation_normalized_rmse': 0.0070713236927986145, 'best_epoch': 5, 'epochs_ran': 20, 'frozen_encoder': True, 'requested_warmup_frozen_epochs': 0, 'warmup_frozen_epochs': 0, 'encoder_unfreeze_epoch': None, 'encoder_anchor_weight': 0.0, 'encoder_was_unfrozen': False, 'require_unfrozen_checkpoint': False, 'best_checkpoint_after_encoder_unfreeze': False, 'residual_target': True, 'bounded_residual_range': [-0.5, 0.5], 'training_seed': 35026, 'trend_prior_method': 'ridge', 'raw_model_validation_available': True, 'target_adapter_alignment': {'enabled': False, 'steps': 0, 'source_samples': 0, 'target_fit_samples': 0, 'target_labels_used': False, 'validation_or_holdout_used': False}, 'residual_blend_selection_unit': 'seed_ensemble', 'residual_blend_weight': 1.0, 'blend_selection_data': 'fit_only_inner_group_loo', 'blend_selection_raw_rmse': 30.753633077249066}","['1', '2', '5']",5.700894832611084,trend_residual_frozen,281,3,0.024103567059598447,3,6.483859539031982,2026,femto,['3'],['4']
-2.5349724292755127,"{'best_validation_normalized_rmse': 0.01295850332826376, 'best_epoch': 1, 'epochs_ran': 16, 'frozen_encoder': True, 'requested_warmup_frozen_epochs': 0, 'warmup_frozen_epochs': 0, 'encoder_unfreeze_epoch': None, 'encoder_anchor_weight': 0.0, 'encoder_was_unfrozen': False, 'require_unfrozen_checkpoint': False, 'best_checkpoint_after_encoder_unfreeze': False, 'residual_target': True, 'bounded_residual_range': [-0.5, 0.5], 'training_seed': 36407, 'trend_prior_method': 'ridge', 'raw_model_validation_available': True, 'target_adapter_alignment': {'enabled': False, 'steps': 0, 'source_samples': 0, 'target_fit_samples': 0, 'target_labels_used': False, 'validation_or_holdout_used': False}, 'residual_blend_selection_unit': 'seed_ensemble', 'residual_blend_weight': 1.0, 'blend_selection_data': 'fit_only_inner_group_loo', 'blend_selection_raw_rmse': 30.753633077249066}","['1', '2', '5']",7.2025065422058105,trend_residual_frozen,281,3,0.03206630267175157,3,8.625835418701172,3407,femto,['3'],['4']
-4.311241626739502,"{'best_validation_normalized_rmse': 0.01854369416832924, 'best_epoch': 32, 'epochs_ran': 47, 'frozen_encoder': False, 'requested_warmup_frozen_epochs': 0, 'warmup_frozen_epochs': 0, 'encoder_unfreeze_epoch': 1, 'encoder_anchor_weight': 0.0, 'encoder_was_unfrozen': True, 'require_unfrozen_checkpoint': False, 'best_checkpoint_after_encoder_unfreeze': True, 'residual_target': True, 'bounded_residual_range': [-0.5, 0.5], 'training_seed': 33042, 'trend_prior_method': 'ridge', 'raw_model_validation_available': True, 'target_adapter_alignment': {'enabled': False, 'reason': 'scratch_target_only_control', 'target_labels_used': False, 'validation_or_holdout_used': False}, 'residual_blend_selection_unit': 'seed_ensemble', 'residual_blend_weight': 1.0, 'blend_selection_data': 'fit_only_inner_group_loo', 'blend_selection_raw_rmse': 30.780963790232004}","['1', '2', '5']",4.803003311157227,trend_residual_scratch,281,3,0.024774788923866243,3,6.6644182205200195,42,femto,['3'],['4']
-3.27462100982666,"{'best_validation_normalized_rmse': 0.012349169701337814, 'best_epoch': 16, 'epochs_ran': 31, 'frozen_encoder': False, 'requested_warmup_frozen_epochs': 0, 'warmup_frozen_epochs': 0, 'encoder_unfreeze_epoch': 1, 'encoder_anchor_weight': 0.0, 'encoder_was_unfrozen': True, 'require_unfrozen_checkpoint': False, 'best_checkpoint_after_encoder_unfreeze': True, 'residual_target': True, 'bounded_residual_range': [-0.5, 0.5], 'training_seed': 33123, 'trend_prior_method': 'ridge', 'raw_model_validation_available': True, 'target_adapter_alignment': {'enabled': False, 'reason': 'scratch_target_only_control', 'target_labels_used': False, 'validation_or_holdout_used': False}, 'residual_blend_selection_unit': 'seed_ensemble', 'residual_blend_weight': 1.0, 'blend_selection_data': 'fit_only_inner_group_loo', 'blend_selection_raw_rmse': 30.780963790232004}","['1', '2', '5']",5.136823654174805,trend_residual_scratch,281,3,0.02480783249808953,3,6.673306941986084,123,femto,['3'],['4']
-0.26732876896858215,"{'best_validation_normalized_rmse': 0.00986753311008215, 'best_epoch': 4, 'epochs_ran': 19, 'frozen_encoder': False, 'requested_warmup_frozen_epochs': 0, 'warmup_frozen_epochs': 0, 'encoder_unfreeze_epoch': 1, 'encoder_anchor_weight': 0.0, 'encoder_was_unfrozen': True, 'require_unfrozen_checkpoint': False, 'best_checkpoint_after_encoder_unfreeze': True, 'residual_target': True, 'bounded_residual_range': [-0.5, 0.5], 'training_seed': 33456, 'trend_prior_method': 'ridge', 'raw_model_validation_available': True, 'target_adapter_alignment': {'enabled': False, 'reason': 'scratch_target_only_control', 'target_labels_used': False, 'validation_or_holdout_used': False}, 'residual_blend_selection_unit': 'seed_ensemble', 'residual_blend_weight': 1.0, 'blend_selection_data': 'fit_only_inner_group_loo', 'blend_selection_raw_rmse': 30.780963790232004}","['1', '2', '5']",7.005375862121582,trend_residual_scratch,281,3,0.02967315092405865,3,7.982077598571777,456,femto,['3'],['4']
-2.3489928245544434,"{'best_validation_normalized_rmse': 0.008577528409659863, 'best_epoch': 5, 'epochs_ran': 20, 'frozen_encoder': False, 'requested_warmup_frozen_epochs': 0, 'warmup_frozen_epochs': 0, 'encoder_unfreeze_epoch': 1, 'encoder_anchor_weight': 0.0, 'encoder_was_unfrozen': True, 'require_unfrozen_checkpoint': False, 'best_checkpoint_after_encoder_unfreeze': True, 'residual_target': True, 'bounded_residual_range': [-0.5, 0.5], 'training_seed': 35026, 'trend_prior_method': 'ridge', 'raw_model_validation_available': True, 'target_adapter_alignment': {'enabled': False, 'reason': 'scratch_target_only_control', 'target_labels_used': False, 'validation_or_holdout_used': False}, 'residual_blend_selection_unit': 'seed_ensemble', 'residual_blend_weight': 1.0, 'blend_selection_data': 'fit_only_inner_group_loo', 'blend_selection_raw_rmse': 30.780963790232004}","['1', '2', '5']",5.9042463302612305,trend_residual_scratch,281,3,0.026536790854868837,3,7.138396739959717,2026,femto,['3'],['4']
-3.7711873054504395,"{'best_validation_normalized_rmse': 0.016517117619514465, 'best_epoch': 25, 'epochs_ran': 40, 'frozen_encoder': False, 'requested_warmup_frozen_epochs': 0, 'warmup_frozen_epochs': 0, 'encoder_unfreeze_epoch': 1, 'encoder_anchor_weight': 0.0, 'encoder_was_unfrozen': True, 'require_unfrozen_checkpoint': False, 'best_checkpoint_after_encoder_unfreeze': True, 'residual_target': True, 'bounded_residual_range': [-0.5, 0.5], 'training_seed': 36407, 'trend_prior_method': 'ridge', 'raw_model_validation_available': True, 'target_adapter_alignment': {'enabled': False, 'reason': 'scratch_target_only_control', 'target_labels_used': False, 'validation_or_holdout_used': False}, 'residual_blend_selection_unit': 'seed_ensemble', 'residual_blend_weight': 1.0, 'blend_selection_data': 'fit_only_inner_group_loo', 'blend_selection_raw_rmse': 30.780963790232004}","['1', '2', '5']",4.309859275817871,trend_residual_scratch,281,3,0.02211765374392825,3,5.949648857116699,3407,femto,['3'],['4']
-4.434770107269287,"{'family': 'target_only_ridge', 'alpha': 0.01, 'validation_raw_rmse': 4.715056419372559}","['1', '2', '5']",5.10738468170166,ridge,281,3,0.02593986695583868,3,6.9778242111206055,,femto,['3'],['4']
6.135248184204102,"{'family': 'causal_target_time_trend', 'degree': 1, 'trend_prior_selected_for_residual': 'ridge'}","['1', '2', '5']",6.135248184204102,trend_linear,281,3,0.026980392994933856,3,7.257725715637207,,femto,['3'],['4']
5.490557670593262,"{'family': 'causal_target_time_trend', 'degree': 2, 'trend_prior_selected_for_residual': 'ridge'}","['1', '2', '5']",5.490557670593262,trend_quadratic,281,3,0.024528927076261725,3,6.598281383514404,,femto,['3'],['4']
7.369027614593506,"{'family': 'causal_target_time_trend', 'degree': 1, 'trend_prior_selected_for_residual': 'ridge'}","['1', '2', '5']",7.369027614593506,trend_huber,281,3,0.030369946504614168,3,8.169515609741211,,femto,['3'],['4']
-4.434770107269287,"{'selected_method': 'ridge', 'selection_policy': 'ridge', 'selected_beta': [0.3804877770890549, 0.2646742907655254, -0.5346918422619888, 0.0, 0.0, -0.01658346623536724, -0.05331526740466561, -0.022922192277823168, -0.01728786242482649, -0.0037092496730829418, 0.097846687406817, -0.09547987505872536, 0.11834924308390865, -0.004158974017738545, 0.08520943024744722], 'selected_diagnostics': {'family': 'causal_target_ridge_prior', 'alpha': 0.01, 'validation_raw_rmse': 4.715056419372559}, 'candidates': {'trend_linear': {'degree': 1, 'endpoint_scale_from_fit_groups': 299.0, 'validation_raw_rmse': 7.298775672912598, 'beta': [0.9553413776268628, -1.0560204977436398]}, 'trend_quadratic': {'degree': 2, 'selected_alpha': 0.1, 'endpoint_scale_from_fit_groups': 299.0, 'validation_raw_rmse': 7.917966365814209, 'beta': [0.9953285060833036, -1.2627956369285884, 0.1963343153340253]}, 'trend_huber': {'degree': 1, 'selected_delta': 0.75, 'endpoint_scale_from_fit_groups': 299.0, 'validation_raw_rmse': 2.800546169281006, 'beta': [0.992995244392835, -1.1041041940762562]}, 'ridge': {'family': 'causal_target_ridge_prior', 'alpha': 0.01, 'validation_raw_rmse': 4.715056419372559, 'beta': [0.3804877770890549, 0.2646742907655254, -0.5346918422619888, 0.0, 0.0, -0.01658346623536724, -0.05331526740466561, -0.022922192277823168, -0.01728786242482649, -0.0037092496730829418, 0.097846687406817, -0.09547987505872536, 0.11834924308390865, -0.004158974017738545, 0.08520943024744722]}}, 'full_life_target_labels_used_for_prior': False, 'holdout_labels_used_for_prior': False}","['1', '2', '5']",5.10738468170166,trend_prior,281,3,0.02593986695583868,3,6.9778242111206055,,femto,['3'],['4']
-1.8999518156051636,,"['1', '2', '5']",4.9857892990112305,trend_residual_transfer_ensemble,281,3,0.02140782756876325,3,5.7587056159973145,,femto,['3'],['4']
5.051783084869385,,"['1', '2', '5']",5.051783084869385,trend_residual_transfer_calibrated_ensemble,281,3,0.0199071075836522,3,5.355011940002441,,femto,['3'],['4']
-1.9465588331222534,,"['1', '2', '5']",6.856533050537109,trend_residual_transfer_affine_calibrated_ensemble,281,3,0.030139593386738717,3,8.107550621032715,,femto,['3'],['4']
-1.8999518156051636,,"['1', '2', '5']",4.9857892990112305,ridge_calibrated_transfer_ensemble,281,3,0.02140782756876325,3,5.7587056159973145,,femto,['3'],['4']
4.8281025886535645,,"['1', '2', '5']",4.8281025886535645,trend_residual_scratch_calibrated_ensemble,281,3,0.019061065517836786,3,5.127426624298096,,femto,['3'],['4']
-1.6770671606063843,,"['1', '2', '5']",6.484981536865234,trend_residual_scratch_affine_calibrated_ensemble,281,3,0.02942551467498439,3,7.915463447570801,,femto,['3'],['4']
-2.7946741580963135,,"['1', '2', '5']",5.292872428894043,ridge_calibrated_scratch_ensemble,281,3,0.02463721874478138,3,6.627411842346191,,femto,['3'],['4']
-2.4069833755493164,,"['1', '2', '5']",5.440989971160889,trend_residual_frozen_ensemble,281,3,0.023948873285910454,3,6.442246913909912,,femto,['3'],['4']
-2.7946741580963135,,"['1', '2', '5']",5.292872428894043,trend_residual_scratch_ensemble,281,3,0.02463721874478138,3,6.627411842346191,,femto,['3'],['4']
-4.434770107269287,,"['1', '2', '5']",5.10738468170166,ridge_ensemble,281,3,0.02593986695583868,3,6.9778242111206055,,femto,['3'],['4']
6.135248184204102,,"['1', '2', '5']",6.135248184204102,trend_linear_ensemble,281,3,0.026980392994933856,3,7.257725715637207,,femto,['3'],['4']
5.490557670593262,,"['1', '2', '5']",5.490557670593262,trend_quadratic_ensemble,281,3,0.024528927076261725,3,6.598281383514404,,femto,['3'],['4']
7.369027614593506,,"['1', '2', '5']",7.369027614593506,trend_huber_ensemble,281,3,0.030369946504614168,3,8.169515609741211,,femto,['3'],['4']
-4.434770107269287,,"['1', '2', '5']",5.10738468170166,trend_prior_ensemble,281,3,0.02593986695583868,3,6.9778242111206055,,femto,['3'],['4']
2.74517822265625,"{'best_validation_normalized_rmse': 0.028074216097593307, 'best_epoch': 26, 'epochs_ran': 41, 'frozen_encoder': False, 'requested_warmup_frozen_epochs': 2, 'warmup_frozen_epochs': 2, 'encoder_unfreeze_epoch': 3, 'encoder_anchor_weight': 0.02, 'encoder_was_unfrozen': True, 'require_unfrozen_checkpoint': True, 'best_checkpoint_after_encoder_unfreeze': True, 'residual_target': True, 'bounded_residual_range': [-0.5, 0.5], 'training_seed': 41042, 'trend_prior_method': 'ridge', 'raw_model_validation_available': True, 'target_adapter_alignment': {'enabled': False, 'steps': 0, 'source_samples': 0, 'target_fit_samples': 0, 'target_labels_used': False, 'validation_or_holdout_used': False}, 'residual_blend_selection_unit': 'seed_ensemble', 'residual_blend_weight': 1.0, 'blend_selection_data': 'chronological_validation_fallback', 'blend_selection_raw_rmse': 7.465047359466553}",['1'],3.566420793533325,trend_residual_transfer,281,1,0.016814953332496843,4,4.52322244644165,42,femto,['4'],['5']
-15.519472122192383,"{'best_validation_normalized_rmse': 0.034847013652324677, 'best_epoch': 3, 'epochs_ran': 16, 'frozen_encoder': False, 'requested_warmup_frozen_epochs': 2, 'warmup_frozen_epochs': 2, 'encoder_unfreeze_epoch': 3, 'encoder_anchor_weight': 0.02, 'encoder_was_unfrozen': True, 'require_unfrozen_checkpoint': True, 'best_checkpoint_after_encoder_unfreeze': True, 'residual_target': True, 'bounded_residual_range': [-0.5, 0.5], 'training_seed': 41123, 'trend_prior_method': 'ridge', 'raw_model_validation_available': True, 'target_adapter_alignment': {'enabled': False, 'steps': 0, 'source_samples': 0, 'target_fit_samples': 0, 'target_labels_used': False, 'validation_or_holdout_used': False}, 'residual_blend_selection_unit': 'seed_ensemble', 'residual_blend_weight': 1.0, 'blend_selection_data': 'chronological_validation_fallback', 'blend_selection_raw_rmse': 7.465047359466553}",['1'],15.519472122192383,trend_residual_transfer,281,1,0.06167492636074364,4,16.59055519104004,123,femto,['4'],['5']
-1.6252719163894653,"{'best_validation_normalized_rmse': 0.033143721520900726, 'best_epoch': 27, 'epochs_ran': 42, 'frozen_encoder': False, 'requested_warmup_frozen_epochs': 2, 'warmup_frozen_epochs': 2, 'encoder_unfreeze_epoch': 3, 'encoder_anchor_weight': 0.02, 'encoder_was_unfrozen': True, 'require_unfrozen_checkpoint': True, 'best_checkpoint_after_encoder_unfreeze': True, 'residual_target': True, 'bounded_residual_range': [-0.5, 0.5], 'training_seed': 41456, 'trend_prior_method': 'ridge', 'raw_model_validation_available': True, 'target_adapter_alignment': {'enabled': False, 'steps': 0, 'source_samples': 0, 'target_fit_samples': 0, 'target_labels_used': False, 'validation_or_holdout_used': False}, 'residual_blend_selection_unit': 'seed_ensemble', 'residual_blend_weight': 1.0, 'blend_selection_data': 'chronological_validation_fallback', 'blend_selection_raw_rmse': 7.465047359466553}",['1'],2.4243640899658203,trend_residual_transfer,281,1,0.010493101240533879,4,2.8226442337036133,456,femto,['4'],['5']
-3.049915075302124,"{'best_validation_normalized_rmse': 0.018376993015408516, 'best_epoch': 3, 'epochs_ran': 16, 'frozen_encoder': False, 'requested_warmup_frozen_epochs': 2, 'warmup_frozen_epochs': 2, 'encoder_unfreeze_epoch': 3, 'encoder_anchor_weight': 0.02, 'encoder_was_unfrozen': True, 'require_unfrozen_checkpoint': True, 'best_checkpoint_after_encoder_unfreeze': True, 'residual_target': True, 'bounded_residual_range': [-0.5, 0.5], 'training_seed': 43026, 'trend_prior_method': 'ridge', 'raw_model_validation_available': True, 'target_adapter_alignment': {'enabled': False, 'steps': 0, 'source_samples': 0, 'target_fit_samples': 0, 'target_labels_used': False, 'validation_or_holdout_used': False}, 'residual_blend_selection_unit': 'seed_ensemble', 'residual_blend_weight': 1.0, 'blend_selection_data': 'chronological_validation_fallback', 'blend_selection_raw_rmse': 7.465047359466553}",['1'],3.049915075302124,trend_residual_transfer,281,1,0.013893300272718238,4,3.737297773361206,2026,femto,['4'],['5']
-3.8770339488983154,"{'best_validation_normalized_rmse': 0.03640521317720413, 'best_epoch': 7, 'epochs_ran': 17, 'frozen_encoder': False, 'requested_warmup_frozen_epochs': 2, 'warmup_frozen_epochs': 2, 'encoder_unfreeze_epoch': 3, 'encoder_anchor_weight': 0.02, 'encoder_was_unfrozen': True, 'require_unfrozen_checkpoint': True, 'best_checkpoint_after_encoder_unfreeze': True, 'residual_target': True, 'bounded_residual_range': [-0.5, 0.5], 'training_seed': 44407, 'trend_prior_method': 'ridge', 'raw_model_validation_available': True, 'target_adapter_alignment': {'enabled': False, 'steps': 0, 'source_samples': 0, 'target_fit_samples': 0, 'target_labels_used': False, 'validation_or_holdout_used': False}, 'residual_blend_selection_unit': 'seed_ensemble', 'residual_blend_weight': 1.0, 'blend_selection_data': 'chronological_validation_fallback', 'blend_selection_raw_rmse': 7.465047359466553}",['1'],3.8770339488983154,trend_residual_transfer,281,1,0.015547328722078117,4,4.182231426239014,3407,femto,['4'],['5']
-0.10744240134954453,"{'best_validation_normalized_rmse': 0.024062305688858032, 'best_epoch': 19, 'epochs_ran': 34, 'frozen_encoder': True, 'requested_warmup_frozen_epochs': 0, 'warmup_frozen_epochs': 0, 'encoder_unfreeze_epoch': None, 'encoder_anchor_weight': 0.0, 'encoder_was_unfrozen': False, 'require_unfrozen_checkpoint': False, 'best_checkpoint_after_encoder_unfreeze': False, 'residual_target': True, 'bounded_residual_range': [-0.5, 0.5], 'training_seed': 41042, 'trend_prior_method': 'ridge', 'raw_model_validation_available': True, 'target_adapter_alignment': {'enabled': False, 'steps': 0, 'source_samples': 0, 'target_fit_samples': 0, 'target_labels_used': False, 'validation_or_holdout_used': False}, 'residual_blend_selection_unit': 'seed_ensemble', 'residual_blend_weight': 1.0, 'blend_selection_data': 'chronological_validation_fallback', 'blend_selection_raw_rmse': 6.1848978996276855}",['1'],3.408564567565918,trend_residual_frozen,281,1,0.014133999338823623,4,3.8020458221435547,42,femto,['4'],['5']
-18.053775787353516,"{'best_validation_normalized_rmse': 0.033661723136901855, 'best_epoch': 1, 'epochs_ran': 16, 'frozen_encoder': True, 'requested_warmup_frozen_epochs': 0, 'warmup_frozen_epochs': 0, 'encoder_unfreeze_epoch': None, 'encoder_anchor_weight': 0.0, 'encoder_was_unfrozen': False, 'require_unfrozen_checkpoint': False, 'best_checkpoint_after_encoder_unfreeze': False, 'residual_target': True, 'bounded_residual_range': [-0.5, 0.5], 'training_seed': 41123, 'trend_prior_method': 'ridge', 'raw_model_validation_available': True, 'target_adapter_alignment': {'enabled': False, 'steps': 0, 'source_samples': 0, 'target_fit_samples': 0, 'target_labels_used': False, 'validation_or_holdout_used': False}, 'residual_blend_selection_unit': 'seed_ensemble', 'residual_blend_weight': 1.0, 'blend_selection_data': 'chronological_validation_fallback', 'blend_selection_raw_rmse': 6.1848978996276855}",['1'],18.053775787353516,trend_residual_frozen,281,1,0.07186927228168927,4,19.332834243774414,123,femto,['4'],['5']
-3.1984384059906006,"{'best_validation_normalized_rmse': 0.03125006705522537, 'best_epoch': 18, 'epochs_ran': 33, 'frozen_encoder': True, 'requested_warmup_frozen_epochs': 0, 'warmup_frozen_epochs': 0, 'encoder_unfreeze_epoch': None, 'encoder_anchor_weight': 0.0, 'encoder_was_unfrozen': False, 'require_unfrozen_checkpoint': False, 'best_checkpoint_after_encoder_unfreeze': False, 'residual_target': True, 'bounded_residual_range': [-0.5, 0.5], 'training_seed': 41456, 'trend_prior_method': 'ridge', 'raw_model_validation_available': True, 'target_adapter_alignment': {'enabled': False, 'steps': 0, 'source_samples': 0, 'target_fit_samples': 0, 'target_labels_used': False, 'validation_or_holdout_used': False}, 'residual_blend_selection_unit': 'seed_ensemble', 'residual_blend_weight': 1.0, 'blend_selection_data': 'chronological_validation_fallback', 'blend_selection_raw_rmse': 6.1848978996276855}",['1'],3.3484947681427,trend_residual_frozen,281,1,0.015429897379254763,4,4.150642395019531,456,femto,['4'],['5']
-5.977302074432373,"{'best_validation_normalized_rmse': 0.015625108033418655, 'best_epoch': 1, 'epochs_ran': 16, 'frozen_encoder': True, 'requested_warmup_frozen_epochs': 0, 'warmup_frozen_epochs': 0, 'encoder_unfreeze_epoch': None, 'encoder_anchor_weight': 0.0, 'encoder_was_unfrozen': False, 'require_unfrozen_checkpoint': False, 'best_checkpoint_after_encoder_unfreeze': False, 'residual_target': True, 'bounded_residual_range': [-0.5, 0.5], 'training_seed': 43026, 'trend_prior_method': 'ridge', 'raw_model_validation_available': True, 'target_adapter_alignment': {'enabled': False, 'steps': 0, 'source_samples': 0, 'target_fit_samples': 0, 'target_labels_used': False, 'validation_or_holdout_used': False}, 'residual_blend_selection_unit': 'seed_ensemble', 'residual_blend_weight': 1.0, 'blend_selection_data': 'chronological_validation_fallback', 'blend_selection_raw_rmse': 6.1848978996276855}",['1'],5.977302074432373,trend_residual_frozen,281,1,0.025307174952056772,4,6.8076300621032715,2026,femto,['4'],['5']
-4.109211444854736,"{'best_validation_normalized_rmse': 0.03624436631798744, 'best_epoch': 2, 'epochs_ran': 17, 'frozen_encoder': True, 'requested_warmup_frozen_epochs': 0, 'warmup_frozen_epochs': 0, 'encoder_unfreeze_epoch': None, 'encoder_anchor_weight': 0.0, 'encoder_was_unfrozen': False, 'require_unfrozen_checkpoint': False, 'best_checkpoint_after_encoder_unfreeze': False, 'residual_target': True, 'bounded_residual_range': [-0.5, 0.5], 'training_seed': 44407, 'trend_prior_method': 'ridge', 'raw_model_validation_available': True, 'target_adapter_alignment': {'enabled': False, 'steps': 0, 'source_samples': 0, 'target_fit_samples': 0, 'target_labels_used': False, 'validation_or_holdout_used': False}, 'residual_blend_selection_unit': 'seed_ensemble', 'residual_blend_weight': 1.0, 'blend_selection_data': 'chronological_validation_fallback', 'blend_selection_raw_rmse': 6.1848978996276855}",['1'],4.109211444854736,trend_residual_frozen,281,1,0.016405171178087426,4,4.412991046905518,3407,femto,['4'],['5']
-3.4120662212371826,"{'best_validation_normalized_rmse': 0.02216695435345173, 'best_epoch': 7, 'epochs_ran': 22, 'frozen_encoder': False, 'requested_warmup_frozen_epochs': 0, 'warmup_frozen_epochs': 0, 'encoder_unfreeze_epoch': 1, 'encoder_anchor_weight': 0.0, 'encoder_was_unfrozen': True, 'require_unfrozen_checkpoint': False, 'best_checkpoint_after_encoder_unfreeze': True, 'residual_target': True, 'bounded_residual_range': [-0.5, 0.5], 'training_seed': 41042, 'trend_prior_method': 'ridge', 'raw_model_validation_available': True, 'target_adapter_alignment': {'enabled': False, 'reason': 'scratch_target_only_control', 'target_labels_used': False, 'validation_or_holdout_used': False}, 'residual_blend_selection_unit': 'seed_ensemble', 'residual_blend_weight': 1.0, 'blend_selection_data': 'chronological_validation_fallback', 'blend_selection_raw_rmse': 5.263582229614258}",['1'],3.4120662212371826,trend_residual_scratch,281,1,0.013493799365586064,4,3.6298320293426514,42,femto,['4'],['5']
-7.721091270446777,"{'best_validation_normalized_rmse': 0.021004632115364075, 'best_epoch': 1, 'epochs_ran': 16, 'frozen_encoder': False, 'requested_warmup_frozen_epochs': 0, 'warmup_frozen_epochs': 0, 'encoder_unfreeze_epoch': 1, 'encoder_anchor_weight': 0.0, 'encoder_was_unfrozen': True, 'require_unfrozen_checkpoint': False, 'best_checkpoint_after_encoder_unfreeze': True, 'residual_target': True, 'bounded_residual_range': [-0.5, 0.5], 'training_seed': 41123, 'trend_prior_method': 'ridge', 'raw_model_validation_available': True, 'target_adapter_alignment': {'enabled': False, 'reason': 'scratch_target_only_control', 'target_labels_used': False, 'validation_or_holdout_used': False}, 'residual_blend_selection_unit': 'seed_ensemble', 'residual_blend_weight': 1.0, 'blend_selection_data': 'chronological_validation_fallback', 'blend_selection_raw_rmse': 5.263582229614258}",['1'],7.721091270446777,trend_residual_scratch,281,1,0.030986488087026604,4,8.335365295410156,123,femto,['4'],['5']
1.18023681640625,"{'best_validation_normalized_rmse': 0.017588280141353607, 'best_epoch': 11, 'epochs_ran': 26, 'frozen_encoder': False, 'requested_warmup_frozen_epochs': 0, 'warmup_frozen_epochs': 0, 'encoder_unfreeze_epoch': 1, 'encoder_anchor_weight': 0.0, 'encoder_was_unfrozen': True, 'require_unfrozen_checkpoint': False, 'best_checkpoint_after_encoder_unfreeze': True, 'residual_target': True, 'bounded_residual_range': [-0.5, 0.5], 'training_seed': 41456, 'trend_prior_method': 'ridge', 'raw_model_validation_available': True, 'target_adapter_alignment': {'enabled': False, 'reason': 'scratch_target_only_control', 'target_labels_used': False, 'validation_or_holdout_used': False}, 'residual_blend_selection_unit': 'seed_ensemble', 'residual_blend_weight': 1.0, 'blend_selection_data': 'chronological_validation_fallback', 'blend_selection_raw_rmse': 5.263582229614258}",['1'],1.5731090307235718,trend_residual_scratch,281,1,0.0074385072218884326,4,2.0009584426879883,456,femto,['4'],['5']
-2.0231051445007324,"{'best_validation_normalized_rmse': 0.016705993562936783, 'best_epoch': 1, 'epochs_ran': 16, 'frozen_encoder': False, 'requested_warmup_frozen_epochs': 0, 'warmup_frozen_epochs': 0, 'encoder_unfreeze_epoch': 1, 'encoder_anchor_weight': 0.0, 'encoder_was_unfrozen': True, 'require_unfrozen_checkpoint': False, 'best_checkpoint_after_encoder_unfreeze': True, 'residual_target': True, 'bounded_residual_range': [-0.5, 0.5], 'training_seed': 43026, 'trend_prior_method': 'ridge', 'raw_model_validation_available': True, 'target_adapter_alignment': {'enabled': False, 'reason': 'scratch_target_only_control', 'target_labels_used': False, 'validation_or_holdout_used': False}, 'residual_blend_selection_unit': 'seed_ensemble', 'residual_blend_weight': 1.0, 'blend_selection_data': 'chronological_validation_fallback', 'blend_selection_raw_rmse': 5.263582229614258}",['1'],2.7574074268341064,trend_residual_scratch,281,1,0.012269081236261418,4,3.3003828525543213,2026,femto,['4'],['5']
-6.120667457580566,"{'best_validation_normalized_rmse': 0.03699924051761627, 'best_epoch': 1, 'epochs_ran': 16, 'frozen_encoder': False, 'requested_warmup_frozen_epochs': 0, 'warmup_frozen_epochs': 0, 'encoder_unfreeze_epoch': 1, 'encoder_anchor_weight': 0.0, 'encoder_was_unfrozen': True, 'require_unfrozen_checkpoint': False, 'best_checkpoint_after_encoder_unfreeze': True, 'residual_target': True, 'bounded_residual_range': [-0.5, 0.5], 'training_seed': 44407, 'trend_prior_method': 'ridge', 'raw_model_validation_available': True, 'target_adapter_alignment': {'enabled': False, 'reason': 'scratch_target_only_control', 'target_labels_used': False, 'validation_or_holdout_used': False}, 'residual_blend_selection_unit': 'seed_ensemble', 'residual_blend_weight': 1.0, 'blend_selection_data': 'chronological_validation_fallback', 'blend_selection_raw_rmse': 5.263582229614258}",['1'],6.123261451721191,trend_residual_scratch,281,1,0.02464480559622045,4,6.629452705383301,3407,femto,['4'],['5']
-0.8660103678703308,"{'family': 'target_only_ridge', 'alpha': 0.0001, 'validation_raw_rmse': 9.251230239868164}",['1'],0.8660103678703308,ridge,281,1,0.0038847435805877345,4,1.0449960231781006,,femto,['4'],['5']
-0.7091038227081299,"{'family': 'causal_target_time_trend', 'degree': 1, 'trend_prior_selected_for_residual': 'ridge'}",['1'],1.951650857925415,trend_linear,281,1,0.008928973435469277,4,2.4018938541412354,,femto,['4'],['5']
-1.101325511932373,"{'family': 'causal_target_time_trend', 'degree': 2, 'trend_prior_selected_for_residual': 'ridge'}",['1'],2.416154623031616,trend_quadratic,281,1,0.010619127174292356,4,2.8565452098846436,,femto,['4'],['5']
-1.7861583232879639,"{'family': 'causal_target_time_trend', 'degree': 1, 'trend_prior_selected_for_residual': 'ridge'}",['1'],1.7861583232879639,trend_huber,281,1,0.007015179967348461,4,1.8870834112167358,,femto,['4'],['5']
-0.8660103678703308,"{'selected_method': 'ridge', 'selection_policy': 'ridge', 'selected_beta': [0.4502396971182371, -0.001340592018338726, -0.311705578599341, 0.0, 0.0, 0.0, 1.0491168919475672e-05, -0.00012793639439823165, -3.9969746993547526e-05, -5.695124316221985e-07, -0.0015072235729634996, 0.0015138719593419166, -9.655534972513049e-06, 3.4200292058853775e-06, -0.0004315986845889776], 'selected_diagnostics': {'family': 'causal_target_ridge_prior', 'alpha': 0.0001, 'validation_raw_rmse': 9.251230239868164}, 'candidates': {'trend_linear': {'degree': 1, 'endpoint_scale_from_fit_groups': 299.0, 'validation_raw_rmse': 18.562517166137695, 'beta': [0.9867776121825106, -1.0750911481820367]}, 'trend_quadratic': {'degree': 2, 'selected_alpha': 0.0, 'endpoint_scale_from_fit_groups': 299.0, 'validation_raw_rmse': 17.997495651245117, 'beta': [1.021514937615338, -1.2517070712238072, 0.16606339933801817]}, 'trend_huber': {'degree': 1, 'selected_delta': 0.75, 'endpoint_scale_from_fit_groups': 299.0, 'validation_raw_rmse': 17.48274040222168, 'beta': [0.9999658944067962, -1.111428525453376]}, 'ridge': {'family': 'causal_target_ridge_prior', 'alpha': 0.0001, 'validation_raw_rmse': 9.251230239868164, 'beta': [0.4502396971182371, -0.001340592018338726, -0.311705578599341, 0.0, 0.0, 0.0, 1.0491168919475672e-05, -0.00012793639439823165, -3.9969746993547526e-05, -5.695124316221985e-07, -0.0015072235729634996, 0.0015138719593419166, -9.655534972513049e-06, 3.4200292058853775e-06, -0.0004315986845889776]}}, 'full_life_target_labels_used_for_prior': False, 'holdout_labels_used_for_prior': False}",['1'],0.8660103678703308,trend_prior,281,1,0.0038847435805877345,4,1.0449960231781006,,femto,['4'],['5']
-4.265302658081055,,['1'],4.573825836181641,trend_residual_transfer_ensemble,281,1,0.018611026962450445,4,5.00636625289917,,femto,['4'],['5']
-4.265302658081055,,['1'],4.573825836181641,trend_residual_transfer_calibrated_ensemble,281,1,0.018611026962450445,4,5.00636625289917,,femto,['4'],['5']
-10.113204956054688,,['1'],10.649744033813477,trend_residual_transfer_affine_calibrated_ensemble,281,1,0.04636752117965301,4,12.47286319732666,,femto,['4'],['5']
-4.265302658081055,,['1'],4.573825836181641,ridge_calibrated_transfer_ensemble,281,1,0.018611026962450445,4,5.00636625289917,,femto,['4'],['5']
-3.6193389892578125,,['1'],3.64980411529541,trend_residual_scratch_calibrated_ensemble,281,1,0.015058443005643369,4,4.050721168518066,,femto,['4'],['5']
-7.368917465209961,,['1'],7.755092144012451,trend_residual_scratch_affine_calibrated_ensemble,281,1,0.034263008146037846,4,9.21674919128418,,femto,['4'],['5']
-3.6193389892578125,,['1'],3.64980411529541,ridge_calibrated_scratch_ensemble,281,1,0.015058443005643369,4,4.050721168518066,,femto,['4'],['5']
-6.289233684539795,,['1'],6.458277225494385,trend_residual_frozen_ensemble,281,1,0.026226669439152715,4,7.05497407913208,,femto,['4'],['5']
-3.6193389892578125,,['1'],3.64980411529541,trend_residual_scratch_ensemble,281,1,0.015058443005643369,4,4.050721168518066,,femto,['4'],['5']
-0.8660103678703308,,['1'],0.8660103678703308,ridge_ensemble,281,1,0.0038847435805877345,4,1.0449960231781006,,femto,['4'],['5']
-0.7091038227081299,,['1'],1.951650857925415,trend_linear_ensemble,281,1,0.008928973435469277,4,2.4018938541412354,,femto,['4'],['5']
-1.101325511932373,,['1'],2.416154623031616,trend_quadratic_ensemble,281,1,0.010619127174292356,4,2.8565452098846436,,femto,['4'],['5']
-1.7861583232879639,,['1'],1.7861583232879639,trend_huber_ensemble,281,1,0.007015179967348461,4,1.8870834112167358,,femto,['4'],['5']
-0.8660103678703308,,['1'],0.8660103678703308,trend_prior_ensemble,281,1,0.0038847435805877345,4,1.0449960231781006,,femto,['4'],['5']
-0.19759759306907654,"{'best_validation_normalized_rmse': 0.028947817161679268, 'best_epoch': 9, 'epochs_ran': 24, 'frozen_encoder': False, 'requested_warmup_frozen_epochs': 2, 'warmup_frozen_epochs': 2, 'encoder_unfreeze_epoch': 3, 'encoder_anchor_weight': 0.02, 'encoder_was_unfrozen': True, 'require_unfrozen_checkpoint': True, 'best_checkpoint_after_encoder_unfreeze': True, 'residual_target': True, 'bounded_residual_range': [-0.5, 0.5], 'training_seed': 42042, 'trend_prior_method': 'ridge', 'raw_model_validation_available': True, 'target_adapter_alignment': {'enabled': False, 'steps': 0, 'source_samples': 0, 'target_fit_samples': 0, 'target_labels_used': False, 'validation_or_holdout_used': False}, 'residual_blend_selection_unit': 'seed_ensemble', 'residual_blend_weight': 0.25, 'blend_selection_data': 'fit_only_inner_group_loo', 'blend_selection_raw_rmse': 0.45497955432572357}","['1', '2']",1.0093145370483398,trend_residual_transfer,281,2,0.004459756014515476,4,1.199674367904663,42,femto,['4'],['5']
-0.9852590560913086,"{'best_validation_normalized_rmse': 0.028202472254633904, 'best_epoch': 3, 'epochs_ran': 16, 'frozen_encoder': False, 'requested_warmup_frozen_epochs': 2, 'warmup_frozen_epochs': 2, 'encoder_unfreeze_epoch': 3, 'encoder_anchor_weight': 0.02, 'encoder_was_unfrozen': True, 'require_unfrozen_checkpoint': True, 'best_checkpoint_after_encoder_unfreeze': True, 'residual_target': True, 'bounded_residual_range': [-0.5, 0.5], 'training_seed': 42123, 'trend_prior_method': 'ridge', 'raw_model_validation_available': True, 'target_adapter_alignment': {'enabled': False, 'steps': 0, 'source_samples': 0, 'target_fit_samples': 0, 'target_labels_used': False, 'validation_or_holdout_used': False}, 'residual_blend_selection_unit': 'seed_ensemble', 'residual_blend_weight': 0.25, 'blend_selection_data': 'fit_only_inner_group_loo', 'blend_selection_raw_rmse': 0.45497955432572357}","['1', '2']",1.3129463195800781,trend_residual_transfer,281,2,0.005410860019102416,4,1.4555213451385498,123,femto,['4'],['5']
-0.4529820382595062,"{'best_validation_normalized_rmse': 0.026981312781572342, 'best_epoch': 23, 'epochs_ran': 38, 'frozen_encoder': False, 'requested_warmup_frozen_epochs': 2, 'warmup_frozen_epochs': 2, 'encoder_unfreeze_epoch': 3, 'encoder_anchor_weight': 0.02, 'encoder_was_unfrozen': True, 'require_unfrozen_checkpoint': True, 'best_checkpoint_after_encoder_unfreeze': True, 'residual_target': True, 'bounded_residual_range': [-0.5, 0.5], 'training_seed': 42456, 'trend_prior_method': 'ridge', 'raw_model_validation_available': True, 'target_adapter_alignment': {'enabled': False, 'steps': 0, 'source_samples': 0, 'target_fit_samples': 0, 'target_labels_used': False, 'validation_or_holdout_used': False}, 'residual_blend_selection_unit': 'seed_ensemble', 'residual_blend_weight': 0.25, 'blend_selection_data': 'fit_only_inner_group_loo', 'blend_selection_raw_rmse': 0.45497955432572357}","['1', '2']",1.0739072561264038,trend_residual_transfer,281,2,0.004685875208404427,4,1.260500431060791,456,femto,['4'],['5']
-0.07366221398115158,"{'best_validation_normalized_rmse': 0.023146862164139748, 'best_epoch': 16, 'epochs_ran': 31, 'frozen_encoder': False, 'requested_warmup_frozen_epochs': 2, 'warmup_frozen_epochs': 2, 'encoder_unfreeze_epoch': 3, 'encoder_anchor_weight': 0.02, 'encoder_was_unfrozen': True, 'require_unfrozen_checkpoint': True, 'best_checkpoint_after_encoder_unfreeze': True, 'residual_target': True, 'bounded_residual_range': [-0.5, 0.5], 'training_seed': 44026, 'trend_prior_method': 'ridge', 'raw_model_validation_available': True, 'target_adapter_alignment': {'enabled': False, 'steps': 0, 'source_samples': 0, 'target_fit_samples': 0, 'target_labels_used': False, 'validation_or_holdout_used': False}, 'residual_blend_selection_unit': 'seed_ensemble', 'residual_blend_weight': 0.25, 'blend_selection_data': 'fit_only_inner_group_loo', 'blend_selection_raw_rmse': 0.45497955432572357}","['1', '2']",1.6108036041259766,trend_residual_transfer,281,2,0.006771125758004455,4,1.8214328289031982,2026,femto,['4'],['5']
-0.657573401927948,"{'best_validation_normalized_rmse': 0.0210579801350832, 'best_epoch': 29, 'epochs_ran': 44, 'frozen_encoder': False, 'requested_warmup_frozen_epochs': 2, 'warmup_frozen_epochs': 2, 'encoder_unfreeze_epoch': 3, 'encoder_anchor_weight': 0.02, 'encoder_was_unfrozen': True, 'require_unfrozen_checkpoint': True, 'best_checkpoint_after_encoder_unfreeze': True, 'residual_target': True, 'bounded_residual_range': [-0.5, 0.5], 'training_seed': 45407, 'trend_prior_method': 'ridge', 'raw_model_validation_available': True, 'target_adapter_alignment': {'enabled': False, 'steps': 0, 'source_samples': 0, 'target_fit_samples': 0, 'target_labels_used': False, 'validation_or_holdout_used': False}, 'residual_blend_selection_unit': 'seed_ensemble', 'residual_blend_weight': 0.25, 'blend_selection_data': 'fit_only_inner_group_loo', 'blend_selection_raw_rmse': 0.45497955432572357}","['1', '2']",1.1364896297454834,trend_residual_transfer,281,2,0.0052449689921836426,4,1.4108966588974,3407,femto,['4'],['5']
-0.3942609429359436,"{'best_validation_normalized_rmse': 0.028137503191828728, 'best_epoch': 10, 'epochs_ran': 25, 'frozen_encoder': True, 'requested_warmup_frozen_epochs': 0, 'warmup_frozen_epochs': 0, 'encoder_unfreeze_epoch': None, 'encoder_anchor_weight': 0.0, 'encoder_was_unfrozen': False, 'require_unfrozen_checkpoint': False, 'best_checkpoint_after_encoder_unfreeze': False, 'residual_target': True, 'bounded_residual_range': [-0.5, 0.5], 'training_seed': 42042, 'trend_prior_method': 'ridge', 'raw_model_validation_available': True, 'target_adapter_alignment': {'enabled': False, 'steps': 0, 'source_samples': 0, 'target_fit_samples': 0, 'target_labels_used': False, 'validation_or_holdout_used': False}, 'residual_blend_selection_unit': 'seed_ensemble', 'residual_blend_weight': 0.30000000000000004, 'blend_selection_data': 'fit_only_inner_group_loo', 'blend_selection_raw_rmse': 0.39226945200631147}","['1', '2']",1.0347321033477783,trend_residual_frozen,281,2,0.004727446013666883,4,1.2716829776763916,42,femto,['4'],['5']
-1.9606088399887085,"{'best_validation_normalized_rmse': 0.02670343592762947, 'best_epoch': 1, 'epochs_ran': 16, 'frozen_encoder': True, 'requested_warmup_frozen_epochs': 0, 'warmup_frozen_epochs': 0, 'encoder_unfreeze_epoch': None, 'encoder_anchor_weight': 0.0, 'encoder_was_unfrozen': False, 'require_unfrozen_checkpoint': False, 'best_checkpoint_after_encoder_unfreeze': False, 'residual_target': True, 'bounded_residual_range': [-0.5, 0.5], 'training_seed': 42123, 'trend_prior_method': 'ridge', 'raw_model_validation_available': True, 'target_adapter_alignment': {'enabled': False, 'steps': 0, 'source_samples': 0, 'target_fit_samples': 0, 'target_labels_used': False, 'validation_or_holdout_used': False}, 'residual_blend_selection_unit': 'seed_ensemble', 'residual_blend_weight': 0.30000000000000004, 'blend_selection_data': 'fit_only_inner_group_loo', 'blend_selection_raw_rmse': 0.39226945200631147}","['1', '2']",2.199641466140747,trend_residual_frozen,281,2,0.008830316891014354,4,2.3753552436828613,123,femto,['4'],['5']
-0.6806780099868774,"{'best_validation_normalized_rmse': 0.02595527097582817, 'best_epoch': 19, 'epochs_ran': 34, 'frozen_encoder': True, 'requested_warmup_frozen_epochs': 0, 'warmup_frozen_epochs': 0, 'encoder_unfreeze_epoch': None, 'encoder_anchor_weight': 0.0, 'encoder_was_unfrozen': False, 'require_unfrozen_checkpoint': False, 'best_checkpoint_after_encoder_unfreeze': False, 'residual_target': True, 'bounded_residual_range': [-0.5, 0.5], 'training_seed': 42456, 'trend_prior_method': 'ridge', 'raw_model_validation_available': True, 'target_adapter_alignment': {'enabled': False, 'steps': 0, 'source_samples': 0, 'target_fit_samples': 0, 'target_labels_used': False, 'validation_or_holdout_used': False}, 'residual_blend_selection_unit': 'seed_ensemble', 'residual_blend_weight': 0.30000000000000004, 'blend_selection_data': 'fit_only_inner_group_loo', 'blend_selection_raw_rmse': 0.39226945200631147}","['1', '2']",1.1297987699508667,trend_residual_frozen,281,2,0.0050542354583740234,4,1.3595893383026123,456,femto,['4'],['5']
-0.5989505052566528,"{'best_validation_normalized_rmse': 0.01826915703713894, 'best_epoch': 13, 'epochs_ran': 28, 'frozen_encoder': True, 'requested_warmup_frozen_epochs': 0, 'warmup_frozen_epochs': 0, 'encoder_unfreeze_epoch': None, 'encoder_anchor_weight': 0.0, 'encoder_was_unfrozen': False, 'require_unfrozen_checkpoint': False, 'best_checkpoint_after_encoder_unfreeze': False, 'residual_target': True, 'bounded_residual_range': [-0.5, 0.5], 'training_seed': 44026, 'trend_prior_method': 'ridge', 'raw_model_validation_available': True, 'target_adapter_alignment': {'enabled': False, 'steps': 0, 'source_samples': 0, 'target_fit_samples': 0, 'target_labels_used': False, 'validation_or_holdout_used': False}, 'residual_blend_selection_unit': 'seed_ensemble', 'residual_blend_weight': 0.30000000000000004, 'blend_selection_data': 'fit_only_inner_group_loo', 'blend_selection_raw_rmse': 0.39226945200631147}","['1', '2']",1.851428747177124,trend_residual_frozen,281,2,0.007621115468248558,4,2.0500800609588623,2026,femto,['4'],['5']
-1.2747503519058228,"{'best_validation_normalized_rmse': 0.019169308245182037, 'best_epoch': 21, 'epochs_ran': 36, 'frozen_encoder': True, 'requested_warmup_frozen_epochs': 0, 'warmup_frozen_epochs': 0, 'encoder_unfreeze_epoch': None, 'encoder_anchor_weight': 0.0, 'encoder_was_unfrozen': False, 'require_unfrozen_checkpoint': False, 'best_checkpoint_after_encoder_unfreeze': False, 'residual_target': True, 'bounded_residual_range': [-0.5, 0.5], 'training_seed': 45407, 'trend_prior_method': 'ridge', 'raw_model_validation_available': True, 'target_adapter_alignment': {'enabled': False, 'steps': 0, 'source_samples': 0, 'target_fit_samples': 0, 'target_labels_used': False, 'validation_or_holdout_used': False}, 'residual_blend_selection_unit': 'seed_ensemble', 'residual_blend_weight': 0.30000000000000004, 'blend_selection_data': 'fit_only_inner_group_loo', 'blend_selection_raw_rmse': 0.39226945200631147}","['1', '2']",1.5199567079544067,trend_residual_frozen,281,2,0.0072455197905076036,4,1.9490448236465454,3407,femto,['4'],['5']
-0.8354108929634094,"{'best_validation_normalized_rmse': 0.027436627075076103, 'best_epoch': 11, 'epochs_ran': 26, 'frozen_encoder': False, 'requested_warmup_frozen_epochs': 0, 'warmup_frozen_epochs': 0, 'encoder_unfreeze_epoch': 1, 'encoder_anchor_weight': 0.0, 'encoder_was_unfrozen': True, 'require_unfrozen_checkpoint': False, 'best_checkpoint_after_encoder_unfreeze': True, 'residual_target': True, 'bounded_residual_range': [-0.5, 0.5], 'training_seed': 42042, 'trend_prior_method': 'ridge', 'raw_model_validation_available': True, 'target_adapter_alignment': {'enabled': False, 'reason': 'scratch_target_only_control', 'target_labels_used': False, 'validation_or_holdout_used': False}, 'residual_blend_selection_unit': 'seed_ensemble', 'residual_blend_weight': 0.4, 'blend_selection_data': 'fit_only_inner_group_loo', 'blend_selection_raw_rmse': 0.42356847721577084}","['1', '2']",1.19279146194458,trend_residual_scratch,281,2,0.005074349920988969,4,1.3650001287460327,42,femto,['4'],['5']
0.3215995728969574,"{'best_validation_normalized_rmse': 0.027657313272356987, 'best_epoch': 10, 'epochs_ran': 25, 'frozen_encoder': False, 'requested_warmup_frozen_epochs': 0, 'warmup_frozen_epochs': 0, 'encoder_unfreeze_epoch': 1, 'encoder_anchor_weight': 0.0, 'encoder_was_unfrozen': True, 'require_unfrozen_checkpoint': False, 'best_checkpoint_after_encoder_unfreeze': True, 'residual_target': True, 'bounded_residual_range': [-0.5, 0.5], 'training_seed': 42123, 'trend_prior_method': 'ridge', 'raw_model_validation_available': True, 'target_adapter_alignment': {'enabled': False, 'reason': 'scratch_target_only_control', 'target_labels_used': False, 'validation_or_holdout_used': False}, 'residual_blend_selection_unit': 'seed_ensemble', 'residual_blend_weight': 0.4, 'blend_selection_data': 'fit_only_inner_group_loo', 'blend_selection_raw_rmse': 0.42356847721577084}","['1', '2']",1.7131754159927368,trend_residual_scratch,281,2,0.007438795274075079,4,2.0010359287261963,123,femto,['4'],['5']
-0.8578895330429077,"{'best_validation_normalized_rmse': 0.028971891850233078, 'best_epoch': 11, 'epochs_ran': 26, 'frozen_encoder': False, 'requested_warmup_frozen_epochs': 0, 'warmup_frozen_epochs': 0, 'encoder_unfreeze_epoch': 1, 'encoder_anchor_weight': 0.0, 'encoder_was_unfrozen': True, 'require_unfrozen_checkpoint': False, 'best_checkpoint_after_encoder_unfreeze': True, 'residual_target': True, 'bounded_residual_range': [-0.5, 0.5], 'training_seed': 42456, 'trend_prior_method': 'ridge', 'raw_model_validation_available': True, 'target_adapter_alignment': {'enabled': False, 'reason': 'scratch_target_only_control', 'target_labels_used': False, 'validation_or_holdout_used': False}, 'residual_blend_selection_unit': 'seed_ensemble', 'residual_blend_weight': 0.4, 'blend_selection_data': 'fit_only_inner_group_loo', 'blend_selection_raw_rmse': 0.42356847721577084}","['1', '2']",1.176452398300171,trend_residual_scratch,281,2,0.005110940968680116,4,1.3748431205749512,456,femto,['4'],['5']
-0.5703567266464233,"{'best_validation_normalized_rmse': 0.020174160599708557, 'best_epoch': 7, 'epochs_ran': 22, 'frozen_encoder': False, 'requested_warmup_frozen_epochs': 0, 'warmup_frozen_epochs': 0, 'encoder_unfreeze_epoch': 1, 'encoder_anchor_weight': 0.0, 'encoder_was_unfrozen': True, 'require_unfrozen_checkpoint': False, 'best_checkpoint_after_encoder_unfreeze': True, 'residual_target': True, 'bounded_residual_range': [-0.5, 0.5], 'training_seed': 44026, 'trend_prior_method': 'ridge', 'raw_model_validation_available': True, 'target_adapter_alignment': {'enabled': False, 'reason': 'scratch_target_only_control', 'target_labels_used': False, 'validation_or_holdout_used': False}, 'residual_blend_selection_unit': 'seed_ensemble', 'residual_blend_weight': 0.4, 'blend_selection_data': 'fit_only_inner_group_loo', 'blend_selection_raw_rmse': 0.42356847721577084}","['1', '2']",2.1929805278778076,trend_residual_scratch,281,2,0.008668322545445098,4,2.3317787647247314,2026,femto,['4'],['5']
-1.3628331422805786,"{'best_validation_normalized_rmse': 0.01801140233874321, 'best_epoch': 14, 'epochs_ran': 29, 'frozen_encoder': False, 'requested_warmup_frozen_epochs': 0, 'warmup_frozen_epochs': 0, 'encoder_unfreeze_epoch': 1, 'encoder_anchor_weight': 0.0, 'encoder_was_unfrozen': True, 'require_unfrozen_checkpoint': False, 'best_checkpoint_after_encoder_unfreeze': True, 'residual_target': True, 'bounded_residual_range': [-0.5, 0.5], 'training_seed': 45407, 'trend_prior_method': 'ridge', 'raw_model_validation_available': True, 'target_adapter_alignment': {'enabled': False, 'reason': 'scratch_target_only_control', 'target_labels_used': False, 'validation_or_holdout_used': False}, 'residual_blend_selection_unit': 'seed_ensemble', 'residual_blend_weight': 0.4, 'blend_selection_data': 'fit_only_inner_group_loo', 'blend_selection_raw_rmse': 0.42356847721577084}","['1', '2']",1.8363721370697021,trend_residual_scratch,281,2,0.008222556911879756,4,2.2118678092956543,3407,femto,['4'],['5']
0.033981919288635254,"{'family': 'target_only_ridge', 'alpha': 0.0001, 'validation_raw_rmse': 8.5780668258667}","['1', '2']",0.8969705104827881,ridge,281,2,0.0038220842531622562,4,1.028140664100647,,femto,['4'],['5']
-1.1263002157211304,"{'family': 'causal_target_time_trend', 'degree': 1, 'trend_prior_selected_for_residual': 'ridge'}","['1', '2']",2.1056337356567383,trend_linear,281,2,0.009801134300940985,4,2.636505126953125,,femto,['4'],['5']
-1.5456101894378662,"{'family': 'causal_target_time_trend', 'degree': 2, 'trend_prior_selected_for_residual': 'ridge'}","['1', '2']",2.712134599685669,trend_quadratic,281,2,0.011822977030587462,4,3.1803808212280273,,femto,['4'],['5']
-2.1176607608795166,"{'family': 'causal_target_time_trend', 'degree': 1, 'trend_prior_selected_for_residual': 'ridge'}","['1', '2']",2.1176607608795166,trend_huber,281,2,0.008367745849722823,4,2.2509236335754395,,femto,['4'],['5']
0.033981919288635254,"{'selected_method': 'ridge', 'selection_policy': 'ridge', 'selected_beta': [0.4486805800289606, -0.0016710478287230047, -0.31758659165040865, 0.0, 0.0, 0.0038414322620132805, 0.0008257109592583724, 0.010335575190564206, -0.002016775199863992, -0.00016954970663606936, -0.02919303533895016, 0.013578398515357732, -0.030596590170583936, -8.74468687273998e-05, -0.0005378559596837761], 'selected_diagnostics': {'family': 'causal_target_ridge_prior', 'alpha': 0.0001, 'validation_raw_rmse': 8.5780668258667}, 'candidates': {'trend_linear': {'degree': 1, 'endpoint_scale_from_fit_groups': 299.0, 'validation_raw_rmse': 18.136226654052734, 'beta': [0.9845045565644415, -1.0739264099130845]}, 'trend_quadratic': {'degree': 2, 'selected_alpha': 0.0, 'endpoint_scale_from_fit_groups': 299.0, 'validation_raw_rmse': 17.553478240966797, 'beta': [1.0202521709430439, -1.2556789723614188, 0.1708931326165157]}, 'trend_huber': {'degree': 1, 'selected_delta': 1.0, 'endpoint_scale_from_fit_groups': 299.0, 'validation_raw_rmse': 17.100793838500977, 'beta': [0.9970499204476154, -1.1084412702535813]}, 'ridge': {'family': 'causal_target_ridge_prior', 'alpha': 0.0001, 'validation_raw_rmse': 8.5780668258667, 'beta': [0.4486805800289606, -0.0016710478287230047, -0.31758659165040865, 0.0, 0.0, 0.0038414322620132805, 0.0008257109592583724, 0.010335575190564206, -0.002016775199863992, -0.00016954970663606936, -0.02919303533895016, 0.013578398515357732, -0.030596590170583936, -8.74468687273998e-05, -0.0005378559596837761]}}, 'full_life_target_labels_used_for_prior': False, 'holdout_labels_used_for_prior': False}","['1', '2']",0.8969705104827881,trend_prior,281,2,0.0038220842531622562,4,1.028140664100647,,femto,['4'],['5']
-0.47341451048851013,,"['1', '2']",1.1810122728347778,trend_residual_transfer_ensemble,281,2,0.005059396910401525,4,1.3609777688980103,,femto,['4'],['5']
-0.47341451048851013,,"['1', '2']",1.1810122728347778,trend_residual_transfer_calibrated_ensemble,281,2,0.005059396910401525,4,1.3609777688980103,,femto,['4'],['5']
-6.878790378570557,,"['1', '2']",7.869663715362549,trend_residual_transfer_affine_calibrated_ensemble,281,2,0.03601271335077109,4,9.687419891357422,,femto,['4'],['5']
-0.47341451048851013,,"['1', '2']",1.1810122728347778,ridge_calibrated_transfer_ensemble,281,2,0.005059396910401525,4,1.3609777688980103,,femto,['4'],['5']
-0.6609784960746765,,"['1', '2']",1.5681235790252686,trend_residual_scratch_calibrated_ensemble,281,2,0.006439515649164476,4,1.7322297096252441,,femto,['4'],['5']
-6.812102794647217,,"['1', '2']",7.873933792114258,trend_residual_scratch_affine_calibrated_ensemble,281,2,0.0355796175818461,4,9.570917129516602,,femto,['4'],['5']
-0.6609784960746765,,"['1', '2']",1.5681235790252686,ridge_calibrated_scratch_ensemble,281,2,0.006439515649164476,4,1.7322297096252441,,femto,['4'],['5']
-0.9818503856658936,,"['1', '2']",1.4520049095153809,trend_residual_frozen_ensemble,281,2,0.0063361811371984095,4,1.704432725906372,,femto,['4'],['5']
-0.6609784960746765,,"['1', '2']",1.5681235790252686,trend_residual_scratch_ensemble,281,2,0.006439515649164476,4,1.7322297096252441,,femto,['4'],['5']
0.033981919288635254,,"['1', '2']",0.8969705104827881,ridge_ensemble,281,2,0.0038220842531622562,4,1.028140664100647,,femto,['4'],['5']
-1.1263002157211304,,"['1', '2']",2.1056337356567383,trend_linear_ensemble,281,2,0.009801134300940985,4,2.636505126953125,,femto,['4'],['5']
-1.5456101894378662,,"['1', '2']",2.712134599685669,trend_quadratic_ensemble,281,2,0.011822977030587462,4,3.1803808212280273,,femto,['4'],['5']
-2.1176607608795166,,"['1', '2']",2.1176607608795166,trend_huber_ensemble,281,2,0.008367745849722823,4,2.2509236335754395,,femto,['4'],['5']
0.033981919288635254,,"['1', '2']",0.8969705104827881,trend_prior_ensemble,281,2,0.0038220842531622562,4,1.028140664100647,,femto,['4'],['5']
-5.64798641204834,"{'best_validation_normalized_rmse': 0.01858096942305565, 'best_epoch': 11, 'epochs_ran': 26, 'frozen_encoder': False, 'requested_warmup_frozen_epochs': 2, 'warmup_frozen_epochs': 2, 'encoder_unfreeze_epoch': 3, 'encoder_anchor_weight': 0.02, 'encoder_was_unfrozen': True, 'require_unfrozen_checkpoint': True, 'best_checkpoint_after_encoder_unfreeze': True, 'residual_target': True, 'bounded_residual_range': [-0.5, 0.5], 'training_seed': 43042, 'trend_prior_method': 'ridge', 'raw_model_validation_available': True, 'target_adapter_alignment': {'enabled': False, 'steps': 0, 'source_samples': 0, 'target_fit_samples': 0, 'target_labels_used': False, 'validation_or_holdout_used': False}, 'residual_blend_selection_unit': 'seed_ensemble', 'residual_blend_weight': 1.0, 'blend_selection_data': 'fit_only_inner_group_loo', 'blend_selection_raw_rmse': 20.409831881514595}","['1', '2', '3']",5.765040397644043,trend_residual_transfer,281,3,0.025253992541571974,4,6.793323993682861,42,femto,['4'],['5']
-4.4619364738464355,"{'best_validation_normalized_rmse': 0.01564188115298748, 'best_epoch': 3, 'epochs_ran': 17, 'frozen_encoder': False, 'requested_warmup_frozen_epochs': 2, 'warmup_frozen_epochs': 2, 'encoder_unfreeze_epoch': 3, 'encoder_anchor_weight': 0.02, 'encoder_was_unfrozen': True, 'require_unfrozen_checkpoint': True, 'best_checkpoint_after_encoder_unfreeze': True, 'residual_target': True, 'bounded_residual_range': [-0.5, 0.5], 'training_seed': 43123, 'trend_prior_method': 'ridge', 'raw_model_validation_available': True, 'target_adapter_alignment': {'enabled': False, 'steps': 0, 'source_samples': 0, 'target_fit_samples': 0, 'target_labels_used': False, 'validation_or_holdout_used': False}, 'residual_blend_selection_unit': 'seed_ensemble', 'residual_blend_weight': 1.0, 'blend_selection_data': 'fit_only_inner_group_loo', 'blend_selection_raw_rmse': 20.409831881514595}","['1', '2', '3']",4.513904094696045,trend_residual_transfer,281,3,0.02203679173409274,4,5.927896976470947,123,femto,['4'],['5']
-6.7799201011657715,"{'best_validation_normalized_rmse': 0.01708907075226307, 'best_epoch': 3, 'epochs_ran': 17, 'frozen_encoder': False, 'requested_warmup_frozen_epochs': 2, 'warmup_frozen_epochs': 2, 'encoder_unfreeze_epoch': 3, 'encoder_anchor_weight': 0.02, 'encoder_was_unfrozen': True, 'require_unfrozen_checkpoint': True, 'best_checkpoint_after_encoder_unfreeze': True, 'residual_target': True, 'bounded_residual_range': [-0.5, 0.5], 'training_seed': 43456, 'trend_prior_method': 'ridge', 'raw_model_validation_available': True, 'target_adapter_alignment': {'enabled': False, 'steps': 0, 'source_samples': 0, 'target_fit_samples': 0, 'target_labels_used': False, 'validation_or_holdout_used': False}, 'residual_blend_selection_unit': 'seed_ensemble', 'residual_blend_weight': 1.0, 'blend_selection_data': 'fit_only_inner_group_loo', 'blend_selection_raw_rmse': 20.409831881514595}","['1', '2', '3']",6.7799201011657715,trend_residual_transfer,281,3,0.02784868509796029,4,7.491296291351318,456,femto,['4'],['5']
-2.732938289642334,"{'best_validation_normalized_rmse': 0.024085678160190582, 'best_epoch': 17, 'epochs_ran': 32, 'frozen_encoder': False, 'requested_warmup_frozen_epochs': 2, 'warmup_frozen_epochs': 2, 'encoder_unfreeze_epoch': 3, 'encoder_anchor_weight': 0.02, 'encoder_was_unfrozen': True, 'require_unfrozen_checkpoint': True, 'best_checkpoint_after_encoder_unfreeze': True, 'residual_target': True, 'bounded_residual_range': [-0.5, 0.5], 'training_seed': 45026, 'trend_prior_method': 'ridge', 'raw_model_validation_available': True, 'target_adapter_alignment': {'enabled': False, 'steps': 0, 'source_samples': 0, 'target_fit_samples': 0, 'target_labels_used': False, 'validation_or_holdout_used': False}, 'residual_blend_selection_unit': 'seed_ensemble', 'residual_blend_weight': 1.0, 'blend_selection_data': 'fit_only_inner_group_loo', 'blend_selection_raw_rmse': 20.409831881514595}","['1', '2', '3']",3.144120693206787,trend_residual_transfer,281,3,0.014697552613609343,4,3.953641653060913,2026,femto,['4'],['5']
-3.725088119506836,"{'best_validation_normalized_rmse': 0.021602096036076546, 'best_epoch': 13, 'epochs_ran': 28, 'frozen_encoder': False, 'requested_warmup_frozen_epochs': 2, 'warmup_frozen_epochs': 2, 'encoder_unfreeze_epoch': 3, 'encoder_anchor_weight': 0.02, 'encoder_was_unfrozen': True, 'require_unfrozen_checkpoint': True, 'best_checkpoint_after_encoder_unfreeze': True, 'residual_target': True, 'bounded_residual_range': [-0.5, 0.5], 'training_seed': 46407, 'trend_prior_method': 'ridge', 'raw_model_validation_available': True, 'target_adapter_alignment': {'enabled': False, 'steps': 0, 'source_samples': 0, 'target_fit_samples': 0, 'target_labels_used': False, 'validation_or_holdout_used': False}, 'residual_blend_selection_unit': 'seed_ensemble', 'residual_blend_weight': 1.0, 'blend_selection_data': 'fit_only_inner_group_loo', 'blend_selection_raw_rmse': 20.409831881514595}","['1', '2', '3']",5.0011701583862305,trend_residual_transfer,281,3,0.02096514365043782,4,5.639623641967773,3407,femto,['4'],['5']
-7.400115966796875,"{'best_validation_normalized_rmse': 0.013753838837146759, 'best_epoch': 9, 'epochs_ran': 24, 'frozen_encoder': True, 'requested_warmup_frozen_epochs': 0, 'warmup_frozen_epochs': 0, 'encoder_unfreeze_epoch': None, 'encoder_anchor_weight': 0.0, 'encoder_was_unfrozen': False, 'require_unfrozen_checkpoint': False, 'best_checkpoint_after_encoder_unfreeze': False, 'residual_target': True, 'bounded_residual_range': [-0.5, 0.5], 'training_seed': 43042, 'trend_prior_method': 'ridge', 'raw_model_validation_available': True, 'target_adapter_alignment': {'enabled': False, 'steps': 0, 'source_samples': 0, 'target_fit_samples': 0, 'target_labels_used': False, 'validation_or_holdout_used': False}, 'residual_blend_selection_unit': 'seed_ensemble', 'residual_blend_weight': 1.0, 'blend_selection_data': 'fit_only_inner_group_loo', 'blend_selection_raw_rmse': 19.313222403208357}","['1', '2', '3']",7.446582794189453,trend_residual_frozen,281,3,0.03177354592816094,4,8.547083854675293,42,femto,['4'],['5']
-5.572016716003418,"{'best_validation_normalized_rmse': 0.014805236831307411, 'best_epoch': 2, 'epochs_ran': 17, 'frozen_encoder': True, 'requested_warmup_frozen_epochs': 0, 'warmup_frozen_epochs': 0, 'encoder_unfreeze_epoch': None, 'encoder_anchor_weight': 0.0, 'encoder_was_unfrozen': False, 'require_unfrozen_checkpoint': False, 'best_checkpoint_after_encoder_unfreeze': False, 'residual_target': True, 'bounded_residual_range': [-0.5, 0.5], 'training_seed': 43123, 'trend_prior_method': 'ridge', 'raw_model_validation_available': True, 'target_adapter_alignment': {'enabled': False, 'steps': 0, 'source_samples': 0, 'target_fit_samples': 0, 'target_labels_used': False, 'validation_or_holdout_used': False}, 'residual_blend_selection_unit': 'seed_ensemble', 'residual_blend_weight': 1.0, 'blend_selection_data': 'fit_only_inner_group_loo', 'blend_selection_raw_rmse': 19.313222403208357}","['1', '2', '3']",5.5733323097229,trend_residual_frozen,281,3,0.026285836244604403,4,7.070889949798584,123,femto,['4'],['5']
-7.819339275360107,"{'best_validation_normalized_rmse': 0.016581416130065918, 'best_epoch': 2, 'epochs_ran': 17, 'frozen_encoder': True, 'requested_warmup_frozen_epochs': 0, 'warmup_frozen_epochs': 0, 'encoder_unfreeze_epoch': None, 'encoder_anchor_weight': 0.0, 'encoder_was_unfrozen': False, 'require_unfrozen_checkpoint': False, 'best_checkpoint_after_encoder_unfreeze': False, 'residual_target': True, 'bounded_residual_range': [-0.5, 0.5], 'training_seed': 43456, 'trend_prior_method': 'ridge', 'raw_model_validation_available': True, 'target_adapter_alignment': {'enabled': False, 'steps': 0, 'source_samples': 0, 'target_fit_samples': 0, 'target_labels_used': False, 'validation_or_holdout_used': False}, 'residual_blend_selection_unit': 'seed_ensemble', 'residual_blend_weight': 1.0, 'blend_selection_data': 'fit_only_inner_group_loo', 'blend_selection_raw_rmse': 19.313222403208357}","['1', '2', '3']",7.819339275360107,trend_residual_frozen,281,3,0.031752118390732095,4,8.541319847106934,456,femto,['4'],['5']
-2.9750421047210693,"{'best_validation_normalized_rmse': 0.024041684344410896, 'best_epoch': 33, 'epochs_ran': 48, 'frozen_encoder': True, 'requested_warmup_frozen_epochs': 0, 'warmup_frozen_epochs': 0, 'encoder_unfreeze_epoch': None, 'encoder_anchor_weight': 0.0, 'encoder_was_unfrozen': False, 'require_unfrozen_checkpoint': False, 'best_checkpoint_after_encoder_unfreeze': False, 'residual_target': True, 'bounded_residual_range': [-0.5, 0.5], 'training_seed': 45026, 'trend_prior_method': 'ridge', 'raw_model_validation_available': True, 'target_adapter_alignment': {'enabled': False, 'steps': 0, 'source_samples': 0, 'target_fit_samples': 0, 'target_labels_used': False, 'validation_or_holdout_used': False}, 'residual_blend_selection_unit': 'seed_ensemble', 'residual_blend_weight': 1.0, 'blend_selection_data': 'fit_only_inner_group_loo', 'blend_selection_raw_rmse': 19.313222403208357}","['1', '2', '3']",3.303189754486084,trend_residual_frozen,281,3,0.015682433174445284,4,4.218574523925781,2026,femto,['4'],['5']
-5.02379035949707,"{'best_validation_normalized_rmse': 0.01854310929775238, 'best_epoch': 11, 'epochs_ran': 26, 'frozen_encoder': True, 'requested_warmup_frozen_epochs': 0, 'warmup_frozen_epochs': 0, 'encoder_unfreeze_epoch': None, 'encoder_anchor_weight': 0.0, 'encoder_was_unfrozen': False, 'require_unfrozen_checkpoint': False, 'best_checkpoint_after_encoder_unfreeze': False, 'residual_target': True, 'bounded_residual_range': [-0.5, 0.5], 'training_seed': 46407, 'trend_prior_method': 'ridge', 'raw_model_validation_available': True, 'target_adapter_alignment': {'enabled': False, 'steps': 0, 'source_samples': 0, 'target_fit_samples': 0, 'target_labels_used': False, 'validation_or_holdout_used': False}, 'residual_blend_selection_unit': 'seed_ensemble', 'residual_blend_weight': 1.0, 'blend_selection_data': 'fit_only_inner_group_loo', 'blend_selection_raw_rmse': 19.313222403208357}","['1', '2', '3']",5.757445812225342,trend_residual_frozen,281,3,0.0247946264132248,4,6.669754505157471,3407,femto,['4'],['5']
-3.954498291015625,"{'best_validation_normalized_rmse': 0.024877991527318954, 'best_epoch': 12, 'epochs_ran': 27, 'frozen_encoder': False, 'requested_warmup_frozen_epochs': 0, 'warmup_frozen_epochs': 0, 'encoder_unfreeze_epoch': 1, 'encoder_anchor_weight': 0.0, 'encoder_was_unfrozen': True, 'require_unfrozen_checkpoint': False, 'best_checkpoint_after_encoder_unfreeze': True, 'residual_target': True, 'bounded_residual_range': [-0.5, 0.5], 'training_seed': 43042, 'trend_prior_method': 'ridge', 'raw_model_validation_available': True, 'target_adapter_alignment': {'enabled': False, 'reason': 'scratch_target_only_control', 'target_labels_used': False, 'validation_or_holdout_used': False}, 'residual_blend_selection_unit': 'seed_ensemble', 'residual_blend_weight': 1.0, 'blend_selection_data': 'fit_only_inner_group_loo', 'blend_selection_raw_rmse': 19.578147034861765}","['1', '2', '3']",4.030991554260254,trend_residual_scratch,281,3,0.01852726670446006,4,4.983834743499756,42,femto,['4'],['5']
-5.310637474060059,"{'best_validation_normalized_rmse': 0.018999727442860603, 'best_epoch': 16, 'epochs_ran': 31, 'frozen_encoder': False, 'requested_warmup_frozen_epochs': 0, 'warmup_frozen_epochs': 0, 'encoder_unfreeze_epoch': 1, 'encoder_anchor_weight': 0.0, 'encoder_was_unfrozen': True, 'require_unfrozen_checkpoint': False, 'best_checkpoint_after_encoder_unfreeze': True, 'residual_target': True, 'bounded_residual_range': [-0.5, 0.5], 'training_seed': 43123, 'trend_prior_method': 'ridge', 'raw_model_validation_available': True, 'target_adapter_alignment': {'enabled': False, 'reason': 'scratch_target_only_control', 'target_labels_used': False, 'validation_or_holdout_used': False}, 'residual_blend_selection_unit': 'seed_ensemble', 'residual_blend_weight': 1.0, 'blend_selection_data': 'fit_only_inner_group_loo', 'blend_selection_raw_rmse': 19.578147034861765}","['1', '2', '3']",5.936217784881592,trend_residual_scratch,281,3,0.027460738185613127,4,7.386938571929932,123,femto,['4'],['5']
-5.45396614074707,"{'best_validation_normalized_rmse': 0.019918931648135185, 'best_epoch': 16, 'epochs_ran': 31, 'frozen_encoder': False, 'requested_warmup_frozen_epochs': 0, 'warmup_frozen_epochs': 0, 'encoder_unfreeze_epoch': 1, 'encoder_anchor_weight': 0.0, 'encoder_was_unfrozen': True, 'require_unfrozen_checkpoint': False, 'best_checkpoint_after_encoder_unfreeze': True, 'residual_target': True, 'bounded_residual_range': [-0.5, 0.5], 'training_seed': 43456, 'trend_prior_method': 'ridge', 'raw_model_validation_available': True, 'target_adapter_alignment': {'enabled': False, 'reason': 'scratch_target_only_control', 'target_labels_used': False, 'validation_or_holdout_used': False}, 'residual_blend_selection_unit': 'seed_ensemble', 'residual_blend_weight': 1.0, 'blend_selection_data': 'fit_only_inner_group_loo', 'blend_selection_raw_rmse': 19.578147034861765}","['1', '2', '3']",5.45396614074707,trend_residual_scratch,281,3,0.0231879422212622,4,6.237556457519531,456,femto,['4'],['5']
-8.101326942443848,"{'best_validation_normalized_rmse': 0.014929398894309998, 'best_epoch': 2, 'epochs_ran': 17, 'frozen_encoder': False, 'requested_warmup_frozen_epochs': 0, 'warmup_frozen_epochs': 0, 'encoder_unfreeze_epoch': 1, 'encoder_anchor_weight': 0.0, 'encoder_was_unfrozen': True, 'require_unfrozen_checkpoint': False, 'best_checkpoint_after_encoder_unfreeze': True, 'residual_target': True, 'bounded_residual_range': [-0.5, 0.5], 'training_seed': 45026, 'trend_prior_method': 'ridge', 'raw_model_validation_available': True, 'target_adapter_alignment': {'enabled': False, 'reason': 'scratch_target_only_control', 'target_labels_used': False, 'validation_or_holdout_used': False}, 'residual_blend_selection_unit': 'seed_ensemble', 'residual_blend_weight': 1.0, 'blend_selection_data': 'fit_only_inner_group_loo', 'blend_selection_raw_rmse': 19.578147034861765}","['1', '2', '3']",8.101326942443848,trend_residual_scratch,281,3,0.03417256507731725,4,9.19242000579834,2026,femto,['4'],['5']
-5.9100422859191895,"{'best_validation_normalized_rmse': 0.015822801738977432, 'best_epoch': 6, 'epochs_ran': 21, 'frozen_encoder': False, 'requested_warmup_frozen_epochs': 0, 'warmup_frozen_epochs': 0, 'encoder_unfreeze_epoch': 1, 'encoder_anchor_weight': 0.0, 'encoder_was_unfrozen': True, 'require_unfrozen_checkpoint': False, 'best_checkpoint_after_encoder_unfreeze': True, 'residual_target': True, 'bounded_residual_range': [-0.5, 0.5], 'training_seed': 46407, 'trend_prior_method': 'ridge', 'raw_model_validation_available': True, 'target_adapter_alignment': {'enabled': False, 'reason': 'scratch_target_only_control', 'target_labels_used': False, 'validation_or_holdout_used': False}, 'residual_blend_selection_unit': 'seed_ensemble', 'residual_blend_weight': 1.0, 'blend_selection_data': 'fit_only_inner_group_loo', 'blend_selection_raw_rmse': 19.578147034861765}","['1', '2', '3']",6.521784782409668,trend_residual_scratch,281,3,0.028637439344895373,4,7.7034711837768555,3407,femto,['4'],['5']
-2.921344757080078,"{'family': 'target_only_ridge', 'alpha': 0.001, 'validation_raw_rmse': 6.766458511352539}","['1', '2', '3']",3.093010902404785,ridge,281,3,0.013954042945209489,4,3.7536375522613525,,femto,['4'],['5']
-4.254912376403809,"{'family': 'causal_target_time_trend', 'degree': 1, 'trend_prior_selected_for_residual': 'ridge'}","['1', '2', '3']",4.298703670501709,trend_linear,281,3,0.02003157626297394,4,5.38849401473999,,femto,['4'],['5']
-4.810703277587891,"{'family': 'causal_target_time_trend', 'degree': 2, 'trend_prior_selected_for_residual': 'ridge'}","['1', '2', '3']",5.306425094604492,trend_quadratic,281,3,0.022718005907136712,4,6.111143589019775,,femto,['4'],['5']
-4.25512170791626,"{'family': 'causal_target_time_trend', 'degree': 1, 'trend_prior_selected_for_residual': 'ridge'}","['1', '2', '3']",4.25512170791626,trend_huber,281,3,0.01827260198203161,4,4.915329933166504,,femto,['4'],['5']
-2.921344757080078,"{'selected_method': 'ridge', 'selection_policy': 'ridge', 'selected_beta': [0.42854245403127805, 0.039072301354720194, -0.33286414127772823, 0.0, 0.0, 0.0013880913372409142, -0.03867635323517656, -0.00021385980337076133, -0.024808614590711067, -0.005479755267951014, 0.7556785522260799, -0.7746285132643109, 0.012667797302842673, 0.00047782193490894, 0.012578525770977043], 'selected_diagnostics': {'family': 'causal_target_ridge_prior', 'alpha': 0.001, 'validation_raw_rmse': 6.766458511352539}, 'candidates': {'trend_linear': {'degree': 1, 'endpoint_scale_from_fit_groups': 299.0, 'validation_raw_rmse': 14.96506404876709, 'beta': [0.9666256989512975, -1.0635992627688928]}, 'trend_quadratic': {'degree': 2, 'selected_alpha': 0.0, 'endpoint_scale_from_fit_groups': 299.0, 'validation_raw_rmse': 14.23281478881836, 'beta': [1.0108405801351519, -1.2884021788013647, 0.21137129526323634]}, 'trend_huber': {'degree': 1, 'selected_delta': 2.0, 'endpoint_scale_from_fit_groups': 299.0, 'validation_raw_rmse': 14.562731742858887, 'beta': [0.9710851105569961, -1.0756225176455305]}, 'ridge': {'family': 'causal_target_ridge_prior', 'alpha': 0.001, 'validation_raw_rmse': 6.766458511352539, 'beta': [0.42854245403127805, 0.039072301354720194, -0.33286414127772823, 0.0, 0.0, 0.0013880913372409142, -0.03867635323517656, -0.00021385980337076133, -0.024808614590711067, -0.005479755267951014, 0.7556785522260799, -0.7746285132643109, 0.012667797302842673, 0.00047782193490894, 0.012578525770977043]}}, 'full_life_target_labels_used_for_prior': False, 'holdout_labels_used_for_prior': False}","['1', '2', '3']",3.093010902404785,trend_prior,281,3,0.013954042945209489,4,3.7536375522613525,,femto,['4'],['5']
-4.669573783874512,,"['1', '2', '3']",4.842634201049805,trend_residual_transfer_ensemble,281,3,0.02152629235420085,4,5.790572643280029,,femto,['4'],['5']
-4.358734607696533,,"['1', '2', '3']",4.401999473571777,trend_residual_transfer_calibrated_ensemble,281,3,0.019041233346364754,4,5.122091770172119,,femto,['4'],['5']
-8.220490455627441,,"['1', '2', '3']",8.538070678710938,trend_residual_transfer_affine_calibrated_ensemble,281,3,0.03861865855504146,4,10.388419151306152,,femto,['4'],['5']
-4.669573783874512,,"['1', '2', '3']",4.842634201049805,ridge_calibrated_transfer_ensemble,281,3,0.02152629235420085,4,5.790572643280029,,femto,['4'],['5']
-4.627864837646484,,"['1', '2', '3']",4.6605329513549805,trend_residual_scratch_calibrated_ensemble,281,3,0.02015907613761363,4,5.422791481018066,,femto,['4'],['5']
-8.995819091796875,,"['1', '2', '3']",9.225730895996094,trend_residual_scratch_affine_calibrated_ensemble,281,3,0.04136453508001278,4,11.127059936523438,,femto,['4'],['5']
-5.746094226837158,,"['1', '2', '3']",5.876766681671143,ridge_calibrated_scratch_ensemble,281,3,0.025967922352503666,4,6.985371112823486,,femto,['4'],['5']
-5.758060455322266,,"['1', '2', '3']",5.891081809997559,trend_residual_frozen_ensemble,281,3,0.025465591246310662,4,6.850244045257568,,femto,['4'],['5']
-5.746094226837158,,"['1', '2', '3']",5.876766681671143,trend_residual_scratch_ensemble,281,3,0.025967922352503666,4,6.985371112823486,,femto,['4'],['5']
-2.921344757080078,,"['1', '2', '3']",3.093010902404785,ridge_ensemble,281,3,0.013954042945209489,4,3.7536375522613525,,femto,['4'],['5']
-4.254912376403809,,"['1', '2', '3']",4.298703670501709,trend_linear_ensemble,281,3,0.02003157626297394,4,5.38849401473999,,femto,['4'],['5']
-4.810703277587891,,"['1', '2', '3']",5.306425094604492,trend_quadratic_ensemble,281,3,0.022718005907136712,4,6.111143589019775,,femto,['4'],['5']
-4.25512170791626,,"['1', '2', '3']",4.25512170791626,trend_huber_ensemble,281,3,0.01827260198203161,4,4.915329933166504,,femto,['4'],['5']
-2.921344757080078,,"['1', '2', '3']",3.093010902404785,trend_prior_ensemble,281,3,0.013954042945209489,4,3.7536375522613525,,femto,['4'],['5']
6.81246280670166,"{'best_validation_normalized_rmse': 0.006279919296503067, 'best_epoch': 19, 'epochs_ran': 34, 'frozen_encoder': False, 'requested_warmup_frozen_epochs': 2, 'warmup_frozen_epochs': 2, 'encoder_unfreeze_epoch': 3, 'encoder_anchor_weight': 0.02, 'encoder_was_unfrozen': True, 'require_unfrozen_checkpoint': True, 'best_checkpoint_after_encoder_unfreeze': True, 'residual_target': True, 'bounded_residual_range': [-0.5, 0.5], 'training_seed': 51042, 'trend_prior_method': 'ridge', 'raw_model_validation_available': True, 'target_adapter_alignment': {'enabled': False, 'steps': 0, 'source_samples': 0, 'target_fit_samples': 0, 'target_labels_used': False, 'validation_or_holdout_used': False}, 'residual_blend_selection_unit': 'seed_ensemble', 'residual_blend_weight': 0.0, 'blend_selection_data': 'chronological_validation_fallback', 'blend_selection_raw_rmse': 0.6500095725059509}",['2'],6.81246280670166,trend_residual_transfer,281,1,0.032270862095391574,5,8.648591041564941,42,femto,['5'],['1']
6.81246280670166,"{'best_validation_normalized_rmse': 0.008981392718851566, 'best_epoch': 16, 'epochs_ran': 31, 'frozen_encoder': False, 'requested_warmup_frozen_epochs': 2, 'warmup_frozen_epochs': 2, 'encoder_unfreeze_epoch': 3, 'encoder_anchor_weight': 0.02, 'encoder_was_unfrozen': True, 'require_unfrozen_checkpoint': True, 'best_checkpoint_after_encoder_unfreeze': True, 'residual_target': True, 'bounded_residual_range': [-0.5, 0.5], 'training_seed': 51123, 'trend_prior_method': 'ridge', 'raw_model_validation_available': True, 'target_adapter_alignment': {'enabled': False, 'steps': 0, 'source_samples': 0, 'target_fit_samples': 0, 'target_labels_used': False, 'validation_or_holdout_used': False}, 'residual_blend_selection_unit': 'seed_ensemble', 'residual_blend_weight': 0.0, 'blend_selection_data': 'chronological_validation_fallback', 'blend_selection_raw_rmse': 0.6500095725059509}",['2'],6.81246280670166,trend_residual_transfer,281,1,0.032270862095391574,5,8.648591041564941,123,femto,['5'],['1']
6.81246280670166,"{'best_validation_normalized_rmse': 0.002785148099064827, 'best_epoch': 8, 'epochs_ran': 23, 'frozen_encoder': False, 'requested_warmup_frozen_epochs': 2, 'warmup_frozen_epochs': 2, 'encoder_unfreeze_epoch': 3, 'encoder_anchor_weight': 0.02, 'encoder_was_unfrozen': True, 'require_unfrozen_checkpoint': True, 'best_checkpoint_after_encoder_unfreeze': True, 'residual_target': True, 'bounded_residual_range': [-0.5, 0.5], 'training_seed': 51456, 'trend_prior_method': 'ridge', 'raw_model_validation_available': True, 'target_adapter_alignment': {'enabled': False, 'steps': 0, 'source_samples': 0, 'target_fit_samples': 0, 'target_labels_used': False, 'validation_or_holdout_used': False}, 'residual_blend_selection_unit': 'seed_ensemble', 'residual_blend_weight': 0.0, 'blend_selection_data': 'chronological_validation_fallback', 'blend_selection_raw_rmse': 0.6500095725059509}",['2'],6.81246280670166,trend_residual_transfer,281,1,0.032270862095391574,5,8.648591041564941,456,femto,['5'],['1']
6.81246280670166,"{'best_validation_normalized_rmse': 0.03805713728070259, 'best_epoch': 8, 'epochs_ran': 23, 'frozen_encoder': False, 'requested_warmup_frozen_epochs': 2, 'warmup_frozen_epochs': 2, 'encoder_unfreeze_epoch': 3, 'encoder_anchor_weight': 0.02, 'encoder_was_unfrozen': True, 'require_unfrozen_checkpoint': True, 'best_checkpoint_after_encoder_unfreeze': True, 'residual_target': True, 'bounded_residual_range': [-0.5, 0.5], 'training_seed': 53026, 'trend_prior_method': 'ridge', 'raw_model_validation_available': True, 'target_adapter_alignment': {'enabled': False, 'steps': 0, 'source_samples': 0, 'target_fit_samples': 0, 'target_labels_used': False, 'validation_or_holdout_used': False}, 'residual_blend_selection_unit': 'seed_ensemble', 'residual_blend_weight': 0.0, 'blend_selection_data': 'chronological_validation_fallback', 'blend_selection_raw_rmse': 0.6500095725059509}",['2'],6.81246280670166,trend_residual_transfer,281,1,0.032270862095391574,5,8.648591041564941,2026,femto,['5'],['1']
6.81246280670166,"{'best_validation_normalized_rmse': 0.0010429839603602886, 'best_epoch': 37, 'epochs_ran': 52, 'frozen_encoder': False, 'requested_warmup_frozen_epochs': 2, 'warmup_frozen_epochs': 2, 'encoder_unfreeze_epoch': 3, 'encoder_anchor_weight': 0.02, 'encoder_was_unfrozen': True, 'require_unfrozen_checkpoint': True, 'best_checkpoint_after_encoder_unfreeze': True, 'residual_target': True, 'bounded_residual_range': [-0.5, 0.5], 'training_seed': 54407, 'trend_prior_method': 'ridge', 'raw_model_validation_available': True, 'target_adapter_alignment': {'enabled': False, 'steps': 0, 'source_samples': 0, 'target_fit_samples': 0, 'target_labels_used': False, 'validation_or_holdout_used': False}, 'residual_blend_selection_unit': 'seed_ensemble', 'residual_blend_weight': 0.0, 'blend_selection_data': 'chronological_validation_fallback', 'blend_selection_raw_rmse': 0.6500095725059509}",['2'],6.81246280670166,trend_residual_transfer,281,1,0.032270862095391574,5,8.648591041564941,3407,femto,['5'],['1']
6.81246280670166,"{'best_validation_normalized_rmse': 0.002386844251304865, 'best_epoch': 13, 'epochs_ran': 28, 'frozen_encoder': True, 'requested_warmup_frozen_epochs': 0, 'warmup_frozen_epochs': 0, 'encoder_unfreeze_epoch': None, 'encoder_anchor_weight': 0.0, 'encoder_was_unfrozen': False, 'require_unfrozen_checkpoint': False, 'best_checkpoint_after_encoder_unfreeze': False, 'residual_target': True, 'bounded_residual_range': [-0.5, 0.5], 'training_seed': 51042, 'trend_prior_method': 'ridge', 'raw_model_validation_available': True, 'target_adapter_alignment': {'enabled': False, 'steps': 0, 'source_samples': 0, 'target_fit_samples': 0, 'target_labels_used': False, 'validation_or_holdout_used': False}, 'residual_blend_selection_unit': 'seed_ensemble', 'residual_blend_weight': 0.0, 'blend_selection_data': 'chronological_validation_fallback', 'blend_selection_raw_rmse': 0.6500095725059509}",['2'],6.81246280670166,trend_residual_frozen,281,1,0.032270862095391574,5,8.648591041564941,42,femto,['5'],['1']
6.81246280670166,"{'best_validation_normalized_rmse': 0.005303293466567993, 'best_epoch': 12, 'epochs_ran': 27, 'frozen_encoder': True, 'requested_warmup_frozen_epochs': 0, 'warmup_frozen_epochs': 0, 'encoder_unfreeze_epoch': None, 'encoder_anchor_weight': 0.0, 'encoder_was_unfrozen': False, 'require_unfrozen_checkpoint': False, 'best_checkpoint_after_encoder_unfreeze': False, 'residual_target': True, 'bounded_residual_range': [-0.5, 0.5], 'training_seed': 51123, 'trend_prior_method': 'ridge', 'raw_model_validation_available': True, 'target_adapter_alignment': {'enabled': False, 'steps': 0, 'source_samples': 0, 'target_fit_samples': 0, 'target_labels_used': False, 'validation_or_holdout_used': False}, 'residual_blend_selection_unit': 'seed_ensemble', 'residual_blend_weight': 0.0, 'blend_selection_data': 'chronological_validation_fallback', 'blend_selection_raw_rmse': 0.6500095725059509}",['2'],6.81246280670166,trend_residual_frozen,281,1,0.032270862095391574,5,8.648591041564941,123,femto,['5'],['1']
6.81246280670166,"{'best_validation_normalized_rmse': 0.0036762927193194628, 'best_epoch': 6, 'epochs_ran': 21, 'frozen_encoder': True, 'requested_warmup_frozen_epochs': 0, 'warmup_frozen_epochs': 0, 'encoder_unfreeze_epoch': None, 'encoder_anchor_weight': 0.0, 'encoder_was_unfrozen': False, 'require_unfrozen_checkpoint': False, 'best_checkpoint_after_encoder_unfreeze': False, 'residual_target': True, 'bounded_residual_range': [-0.5, 0.5], 'training_seed': 51456, 'trend_prior_method': 'ridge', 'raw_model_validation_available': True, 'target_adapter_alignment': {'enabled': False, 'steps': 0, 'source_samples': 0, 'target_fit_samples': 0, 'target_labels_used': False, 'validation_or_holdout_used': False}, 'residual_blend_selection_unit': 'seed_ensemble', 'residual_blend_weight': 0.0, 'blend_selection_data': 'chronological_validation_fallback', 'blend_selection_raw_rmse': 0.6500095725059509}",['2'],6.81246280670166,trend_residual_frozen,281,1,0.032270862095391574,5,8.648591041564941,456,femto,['5'],['1']
6.81246280670166,"{'best_validation_normalized_rmse': 0.032988619059324265, 'best_epoch': 8, 'epochs_ran': 23, 'frozen_encoder': True, 'requested_warmup_frozen_epochs': 0, 'warmup_frozen_epochs': 0, 'encoder_unfreeze_epoch': None, 'encoder_anchor_weight': 0.0, 'encoder_was_unfrozen': False, 'require_unfrozen_checkpoint': False, 'best_checkpoint_after_encoder_unfreeze': False, 'residual_target': True, 'bounded_residual_range': [-0.5, 0.5], 'training_seed': 53026, 'trend_prior_method': 'ridge', 'raw_model_validation_available': True, 'target_adapter_alignment': {'enabled': False, 'steps': 0, 'source_samples': 0, 'target_fit_samples': 0, 'target_labels_used': False, 'validation_or_holdout_used': False}, 'residual_blend_selection_unit': 'seed_ensemble', 'residual_blend_weight': 0.0, 'blend_selection_data': 'chronological_validation_fallback', 'blend_selection_raw_rmse': 0.6500095725059509}",['2'],6.81246280670166,trend_residual_frozen,281,1,0.032270862095391574,5,8.648591041564941,2026,femto,['5'],['1']
6.81246280670166,"{'best_validation_normalized_rmse': 0.0013671056367456913, 'best_epoch': 31, 'epochs_ran': 46, 'frozen_encoder': True, 'requested_warmup_frozen_epochs': 0, 'warmup_frozen_epochs': 0, 'encoder_unfreeze_epoch': None, 'encoder_anchor_weight': 0.0, 'encoder_was_unfrozen': False, 'require_unfrozen_checkpoint': False, 'best_checkpoint_after_encoder_unfreeze': False, 'residual_target': True, 'bounded_residual_range': [-0.5, 0.5], 'training_seed': 54407, 'trend_prior_method': 'ridge', 'raw_model_validation_available': True, 'target_adapter_alignment': {'enabled': False, 'steps': 0, 'source_samples': 0, 'target_fit_samples': 0, 'target_labels_used': False, 'validation_or_holdout_used': False}, 'residual_blend_selection_unit': 'seed_ensemble', 'residual_blend_weight': 0.0, 'blend_selection_data': 'chronological_validation_fallback', 'blend_selection_raw_rmse': 0.6500095725059509}",['2'],6.81246280670166,trend_residual_frozen,281,1,0.032270862095391574,5,8.648591041564941,3407,femto,['5'],['1']
7.311633110046387,"{'best_validation_normalized_rmse': 0.006478418130427599, 'best_epoch': 10, 'epochs_ran': 25, 'frozen_encoder': False, 'requested_warmup_frozen_epochs': 0, 'warmup_frozen_epochs': 0, 'encoder_unfreeze_epoch': 1, 'encoder_anchor_weight': 0.0, 'encoder_was_unfrozen': True, 'require_unfrozen_checkpoint': False, 'best_checkpoint_after_encoder_unfreeze': True, 'residual_target': True, 'bounded_residual_range': [-0.5, 0.5], 'training_seed': 51042, 'trend_prior_method': 'ridge', 'raw_model_validation_available': True, 'target_adapter_alignment': {'enabled': False, 'reason': 'scratch_target_only_control', 'target_labels_used': False, 'validation_or_holdout_used': False}, 'residual_blend_selection_unit': 'seed_ensemble', 'residual_blend_weight': 0.25, 'blend_selection_data': 'chronological_validation_fallback', 'blend_selection_raw_rmse': 0.24297961592674255}",['2'],7.311633110046387,trend_residual_scratch,281,1,0.03384913259477758,5,9.07156753540039,42,femto,['5'],['1']
8.43485164642334,"{'best_validation_normalized_rmse': 0.024660218507051468, 'best_epoch': 7, 'epochs_ran': 22, 'frozen_encoder': False, 'requested_warmup_frozen_epochs': 0, 'warmup_frozen_epochs': 0, 'encoder_unfreeze_epoch': 1, 'encoder_anchor_weight': 0.0, 'encoder_was_unfrozen': True, 'require_unfrozen_checkpoint': False, 'best_checkpoint_after_encoder_unfreeze': True, 'residual_target': True, 'bounded_residual_range': [-0.5, 0.5], 'training_seed': 51123, 'trend_prior_method': 'ridge', 'raw_model_validation_available': True, 'target_adapter_alignment': {'enabled': False, 'reason': 'scratch_target_only_control', 'target_labels_used': False, 'validation_or_holdout_used': False}, 'residual_blend_selection_unit': 'seed_ensemble', 'residual_blend_weight': 0.25, 'blend_selection_data': 'chronological_validation_fallback', 'blend_selection_raw_rmse': 0.24297961592674255}",['2'],8.43485164642334,trend_residual_scratch,281,1,0.037996768951416016,5,10.183134078979492,123,femto,['5'],['1']
6.918725490570068,"{'best_validation_normalized_rmse': 0.0016909887781366706, 'best_epoch': 15, 'epochs_ran': 30, 'frozen_encoder': False, 'requested_warmup_frozen_epochs': 0, 'warmup_frozen_epochs': 0, 'encoder_unfreeze_epoch': 1, 'encoder_anchor_weight': 0.0, 'encoder_was_unfrozen': True, 'require_unfrozen_checkpoint': False, 'best_checkpoint_after_encoder_unfreeze': True, 'residual_target': True, 'bounded_residual_range': [-0.5, 0.5], 'training_seed': 51456, 'trend_prior_method': 'ridge', 'raw_model_validation_available': True, 'target_adapter_alignment': {'enabled': False, 'reason': 'scratch_target_only_control', 'target_labels_used': False, 'validation_or_holdout_used': False}, 'residual_blend_selection_unit': 'seed_ensemble', 'residual_blend_weight': 0.25, 'blend_selection_data': 'chronological_validation_fallback', 'blend_selection_raw_rmse': 0.24297961592674255}",['2'],6.918725490570068,trend_residual_scratch,281,1,0.03269762423501086,5,8.76296329498291,456,femto,['5'],['1']
6.9219441413879395,"{'best_validation_normalized_rmse': 0.001010834937915206, 'best_epoch': 22, 'epochs_ran': 37, 'frozen_encoder': False, 'requested_warmup_frozen_epochs': 0, 'warmup_frozen_epochs': 0, 'encoder_unfreeze_epoch': 1, 'encoder_anchor_weight': 0.0, 'encoder_was_unfrozen': True, 'require_unfrozen_checkpoint': False, 'best_checkpoint_after_encoder_unfreeze': True, 'residual_target': True, 'bounded_residual_range': [-0.5, 0.5], 'training_seed': 53026, 'trend_prior_method': 'ridge', 'raw_model_validation_available': True, 'target_adapter_alignment': {'enabled': False, 'reason': 'scratch_target_only_control', 'target_labels_used': False, 'validation_or_holdout_used': False}, 'residual_blend_selection_unit': 'seed_ensemble', 'residual_blend_weight': 0.25, 'blend_selection_data': 'chronological_validation_fallback', 'blend_selection_raw_rmse': 0.24297961592674255}",['2'],6.9219441413879395,trend_residual_scratch,281,1,0.032684525447105296,5,8.759452819824219,2026,femto,['5'],['1']
6.924643516540527,"{'best_validation_normalized_rmse': 0.001708689029328525, 'best_epoch': 22, 'epochs_ran': 37, 'frozen_encoder': False, 'requested_warmup_frozen_epochs': 0, 'warmup_frozen_epochs': 0, 'encoder_unfreeze_epoch': 1, 'encoder_anchor_weight': 0.0, 'encoder_was_unfrozen': True, 'require_unfrozen_checkpoint': False, 'best_checkpoint_after_encoder_unfreeze': True, 'residual_target': True, 'bounded_residual_range': [-0.5, 0.5], 'training_seed': 54407, 'trend_prior_method': 'ridge', 'raw_model_validation_available': True, 'target_adapter_alignment': {'enabled': False, 'reason': 'scratch_target_only_control', 'target_labels_used': False, 'validation_or_holdout_used': False}, 'residual_blend_selection_unit': 'seed_ensemble', 'residual_blend_weight': 0.25, 'blend_selection_data': 'chronological_validation_fallback', 'blend_selection_raw_rmse': 0.24297961592674255}",['2'],6.924643516540527,trend_residual_scratch,281,1,0.032585304174850234,5,8.732861518859863,3407,femto,['5'],['1']
6.81246280670166,"{'family': 'target_only_ridge', 'alpha': 0.0001, 'validation_raw_rmse': 0.6500095725059509}",['2'],6.81246280670166,ridge,281,1,0.032270862095391574,5,8.648591041564941,,femto,['5'],['1']
16.54271125793457,"{'family': 'causal_target_time_trend', 'degree': 1, 'trend_prior_selected_for_residual': 'ridge'}",['2'],16.54271125793457,trend_linear,281,1,0.0660849400420687,5,17.710763931274414,,femto,['5'],['1']
16.11937713623047,"{'family': 'causal_target_time_trend', 'degree': 2, 'trend_prior_selected_for_residual': 'ridge'}",['2'],16.11937713623047,trend_quadratic,281,1,0.06392614877046045,5,17.1322078704834,,femto,['5'],['1']
15.409685134887695,"{'family': 'causal_target_time_trend', 'degree': 1, 'trend_prior_selected_for_residual': 'ridge'}",['2'],15.409685134887695,trend_huber,281,1,0.06176189166396411,5,16.552186965942383,,femto,['5'],['1']
6.81246280670166,"{'selected_method': 'ridge', 'selection_policy': 'ridge', 'selected_beta': [0.4486617461710133, -0.0018225266220205536, -0.311819543063693, 0.0, 0.0, 0.0, -3.1877136788627524e-05, -0.00012541729115400998, -3.6278384547291756e-05, 7.598478017439321e-07, 0.0005764145862447422, -0.0006042309460394228, -5.4999371400817185e-05, -6.3235298476556535e-06, -0.000588944561363667], 'selected_diagnostics': {'family': 'causal_target_ridge_prior', 'alpha': 0.0001, 'validation_raw_rmse': 0.6500095725059509}, 'candidates': {'trend_linear': {'degree': 1, 'endpoint_scale_from_fit_groups': 299.0, 'validation_raw_rmse': 2.416647434234619, 'beta': [0.9858965406039988, -1.076764510894908]}, 'trend_quadratic': {'degree': 2, 'selected_alpha': 0.1, 'endpoint_scale_from_fit_groups': 299.0, 'validation_raw_rmse': 2.5310325622558594, 'beta': [0.9976932924441565, -1.146184956211352, 0.07048353722504393]}, 'trend_huber': {'degree': 1, 'selected_delta': 2.0, 'endpoint_scale_from_fit_groups': 299.0, 'validation_raw_rmse': 0.9370387196540833, 'beta': [0.9999287960143801, -1.1154716053610603]}, 'ridge': {'family': 'causal_target_ridge_prior', 'alpha': 0.0001, 'validation_raw_rmse': 0.6500095725059509, 'beta': [0.4486617461710133, -0.0018225266220205536, -0.311819543063693, 0.0, 0.0, 0.0, -3.1877136788627524e-05, -0.00012541729115400998, -3.6278384547291756e-05, 7.598478017439321e-07, 0.0005764145862447422, -0.0006042309460394228, -5.4999371400817185e-05, -6.3235298476556535e-06, -0.000588944561363667]}}, 'full_life_target_labels_used_for_prior': False, 'holdout_labels_used_for_prior': False}",['2'],6.81246280670166,trend_prior,281,1,0.032270862095391574,5,8.648591041564941,,femto,['5'],['1']
6.812463283538818,,['2'],6.812463283538818,trend_residual_transfer_ensemble,281,1,0.032270862095391574,5,8.648591041564941,,femto,['5'],['1']
6.812463283538818,,['2'],6.812463283538818,trend_residual_transfer_calibrated_ensemble,281,1,0.032270862095391574,5,8.648591041564941,,femto,['5'],['1']
7.338199138641357,,['2'],7.338199138641357,trend_residual_transfer_affine_calibrated_ensemble,281,1,0.03457656547204772,5,9.266519546508789,,femto,['5'],['1']
6.812463283538818,,['2'],6.812463283538818,ridge_calibrated_transfer_ensemble,281,1,0.032270862095391574,5,8.648591041564941,,femto,['5'],['1']
7.3023600578308105,,['2'],7.3023600578308105,trend_residual_scratch_calibrated_ensemble,281,1,0.0339443968303168,5,9.097098350524902,,femto,['5'],['1']
7.292959213256836,,['2'],7.292959213256836,trend_residual_scratch_affine_calibrated_ensemble,281,1,0.03447296726169871,5,9.238755226135254,,femto,['5'],['1']
7.3023600578308105,,['2'],7.3023600578308105,ridge_calibrated_scratch_ensemble,281,1,0.0339443968303168,5,9.097098350524902,,femto,['5'],['1']
6.812463283538818,,['2'],6.812463283538818,trend_residual_frozen_ensemble,281,1,0.032270862095391574,5,8.648591041564941,,femto,['5'],['1']
7.3023600578308105,,['2'],7.3023600578308105,trend_residual_scratch_ensemble,281,1,0.0339443968303168,5,9.097098350524902,,femto,['5'],['1']
6.81246280670166,,['2'],6.81246280670166,ridge_ensemble,281,1,0.032270862095391574,5,8.648591041564941,,femto,['5'],['1']
16.54271125793457,,['2'],16.54271125793457,trend_linear_ensemble,281,1,0.0660849400420687,5,17.710763931274414,,femto,['5'],['1']
16.11937713623047,,['2'],16.11937713623047,trend_quadratic_ensemble,281,1,0.06392614877046045,5,17.1322078704834,,femto,['5'],['1']
15.409685134887695,,['2'],15.409685134887695,trend_huber_ensemble,281,1,0.06176189166396411,5,16.552186965942383,,femto,['5'],['1']
6.81246280670166,,['2'],6.81246280670166,trend_prior_ensemble,281,1,0.032270862095391574,5,8.648591041564941,,femto,['5'],['1']
7.516456604003906,"{'best_validation_normalized_rmse': 0.022005174309015274, 'best_epoch': 21, 'epochs_ran': 36, 'frozen_encoder': False, 'requested_warmup_frozen_epochs': 2, 'warmup_frozen_epochs': 2, 'encoder_unfreeze_epoch': 3, 'encoder_anchor_weight': 0.02, 'encoder_was_unfrozen': True, 'require_unfrozen_checkpoint': True, 'best_checkpoint_after_encoder_unfreeze': True, 'residual_target': True, 'bounded_residual_range': [-0.5, 0.5], 'training_seed': 52042, 'trend_prior_method': 'ridge', 'raw_model_validation_available': True, 'target_adapter_alignment': {'enabled': False, 'steps': 0, 'source_samples': 0, 'target_fit_samples': 0, 'target_labels_used': False, 'validation_or_holdout_used': False}, 'residual_blend_selection_unit': 'seed_ensemble', 'residual_blend_weight': 0.0, 'blend_selection_data': 'fit_only_inner_group_loo', 'blend_selection_raw_rmse': 2.504184922144619}","['2', '3']",7.54212760925293,trend_residual_transfer,281,2,0.029905689296437735,5,8.014724731445312,42,femto,['5'],['1']
7.516456604003906,"{'best_validation_normalized_rmse': 0.021581387147307396, 'best_epoch': 7, 'epochs_ran': 22, 'frozen_encoder': False, 'requested_warmup_frozen_epochs': 2, 'warmup_frozen_epochs': 2, 'encoder_unfreeze_epoch': 3, 'encoder_anchor_weight': 0.02, 'encoder_was_unfrozen': True, 'require_unfrozen_checkpoint': True, 'best_checkpoint_after_encoder_unfreeze': True, 'residual_target': True, 'bounded_residual_range': [-0.5, 0.5], 'training_seed': 52123, 'trend_prior_method': 'ridge', 'raw_model_validation_available': True, 'target_adapter_alignment': {'enabled': False, 'steps': 0, 'source_samples': 0, 'target_fit_samples': 0, 'target_labels_used': False, 'validation_or_holdout_used': False}, 'residual_blend_selection_unit': 'seed_ensemble', 'residual_blend_weight': 0.0, 'blend_selection_data': 'fit_only_inner_group_loo', 'blend_selection_raw_rmse': 2.504184922144619}","['2', '3']",7.54212760925293,trend_residual_transfer,281,2,0.029905689296437735,5,8.014724731445312,123,femto,['5'],['1']
7.516456604003906,"{'best_validation_normalized_rmse': 0.01511521078646183, 'best_epoch': 28, 'epochs_ran': 43, 'frozen_encoder': False, 'requested_warmup_frozen_epochs': 2, 'warmup_frozen_epochs': 2, 'encoder_unfreeze_epoch': 3, 'encoder_anchor_weight': 0.02, 'encoder_was_unfrozen': True, 'require_unfrozen_checkpoint': True, 'best_checkpoint_after_encoder_unfreeze': True, 'residual_target': True, 'bounded_residual_range': [-0.5, 0.5], 'training_seed': 52456, 'trend_prior_method': 'ridge', 'raw_model_validation_available': True, 'target_adapter_alignment': {'enabled': False, 'steps': 0, 'source_samples': 0, 'target_fit_samples': 0, 'target_labels_used': False, 'validation_or_holdout_used': False}, 'residual_blend_selection_unit': 'seed_ensemble', 'residual_blend_weight': 0.0, 'blend_selection_data': 'fit_only_inner_group_loo', 'blend_selection_raw_rmse': 2.504184922144619}","['2', '3']",7.54212760925293,trend_residual_transfer,281,2,0.029905689296437735,5,8.014724731445312,456,femto,['5'],['1']
7.516456604003906,"{'best_validation_normalized_rmse': 0.015507100149989128, 'best_epoch': 20, 'epochs_ran': 35, 'frozen_encoder': False, 'requested_warmup_frozen_epochs': 2, 'warmup_frozen_epochs': 2, 'encoder_unfreeze_epoch': 3, 'encoder_anchor_weight': 0.02, 'encoder_was_unfrozen': True, 'require_unfrozen_checkpoint': True, 'best_checkpoint_after_encoder_unfreeze': True, 'residual_target': True, 'bounded_residual_range': [-0.5, 0.5], 'training_seed': 54026, 'trend_prior_method': 'ridge', 'raw_model_validation_available': True, 'target_adapter_alignment': {'enabled': False, 'steps': 0, 'source_samples': 0, 'target_fit_samples': 0, 'target_labels_used': False, 'validation_or_holdout_used': False}, 'residual_blend_selection_unit': 'seed_ensemble', 'residual_blend_weight': 0.0, 'blend_selection_data': 'fit_only_inner_group_loo', 'blend_selection_raw_rmse': 2.504184922144619}","['2', '3']",7.54212760925293,trend_residual_transfer,281,2,0.029905689296437735,5,8.014724731445312,2026,femto,['5'],['1']
7.516456604003906,"{'best_validation_normalized_rmse': 0.02252119779586792, 'best_epoch': 10, 'epochs_ran': 25, 'frozen_encoder': False, 'requested_warmup_frozen_epochs': 2, 'warmup_frozen_epochs': 2, 'encoder_unfreeze_epoch': 3, 'encoder_anchor_weight': 0.02, 'encoder_was_unfrozen': True, 'require_unfrozen_checkpoint': True, 'best_checkpoint_after_encoder_unfreeze': True, 'residual_target': True, 'bounded_residual_range': [-0.5, 0.5], 'training_seed': 55407, 'trend_prior_method': 'ridge', 'raw_model_validation_available': True, 'target_adapter_alignment': {'enabled': False, 'steps': 0, 'source_samples': 0, 'target_fit_samples': 0, 'target_labels_used': False, 'validation_or_holdout_used': False}, 'residual_blend_selection_unit': 'seed_ensemble', 'residual_blend_weight': 0.0, 'blend_selection_data': 'fit_only_inner_group_loo', 'blend_selection_raw_rmse': 2.504184922144619}","['2', '3']",7.54212760925293,trend_residual_transfer,281,2,0.029905689296437735,5,8.014724731445312,3407,femto,['5'],['1']
7.516456604003906,"{'best_validation_normalized_rmse': 0.019546445459127426, 'best_epoch': 15, 'epochs_ran': 30, 'frozen_encoder': True, 'requested_warmup_frozen_epochs': 0, 'warmup_frozen_epochs': 0, 'encoder_unfreeze_epoch': None, 'encoder_anchor_weight': 0.0, 'encoder_was_unfrozen': False, 'require_unfrozen_checkpoint': False, 'best_checkpoint_after_encoder_unfreeze': False, 'residual_target': True, 'bounded_residual_range': [-0.5, 0.5], 'training_seed': 52042, 'trend_prior_method': 'ridge', 'raw_model_validation_available': True, 'target_adapter_alignment': {'enabled': False, 'steps': 0, 'source_samples': 0, 'target_fit_samples': 0, 'target_labels_used': False, 'validation_or_holdout_used': False}, 'residual_blend_selection_unit': 'seed_ensemble', 'residual_blend_weight': 0.0, 'blend_selection_data': 'fit_only_inner_group_loo', 'blend_selection_raw_rmse': 2.504184922144619}","['2', '3']",7.54212760925293,trend_residual_frozen,281,2,0.029905689296437735,5,8.014724731445312,42,femto,['5'],['1']
7.516456604003906,"{'best_validation_normalized_rmse': 0.019327150657773018, 'best_epoch': 6, 'epochs_ran': 21, 'frozen_encoder': True, 'requested_warmup_frozen_epochs': 0, 'warmup_frozen_epochs': 0, 'encoder_unfreeze_epoch': None, 'encoder_anchor_weight': 0.0, 'encoder_was_unfrozen': False, 'require_unfrozen_checkpoint': False, 'best_checkpoint_after_encoder_unfreeze': False, 'residual_target': True, 'bounded_residual_range': [-0.5, 0.5], 'training_seed': 52123, 'trend_prior_method': 'ridge', 'raw_model_validation_available': True, 'target_adapter_alignment': {'enabled': False, 'steps': 0, 'source_samples': 0, 'target_fit_samples': 0, 'target_labels_used': False, 'validation_or_holdout_used': False}, 'residual_blend_selection_unit': 'seed_ensemble', 'residual_blend_weight': 0.0, 'blend_selection_data': 'fit_only_inner_group_loo', 'blend_selection_raw_rmse': 2.504184922144619}","['2', '3']",7.54212760925293,trend_residual_frozen,281,2,0.029905689296437735,5,8.014724731445312,123,femto,['5'],['1']
7.516456604003906,"{'best_validation_normalized_rmse': 0.013125376775860786, 'best_epoch': 23, 'epochs_ran': 38, 'frozen_encoder': True, 'requested_warmup_frozen_epochs': 0, 'warmup_frozen_epochs': 0, 'encoder_unfreeze_epoch': None, 'encoder_anchor_weight': 0.0, 'encoder_was_unfrozen': False, 'require_unfrozen_checkpoint': False, 'best_checkpoint_after_encoder_unfreeze': False, 'residual_target': True, 'bounded_residual_range': [-0.5, 0.5], 'training_seed': 52456, 'trend_prior_method': 'ridge', 'raw_model_validation_available': True, 'target_adapter_alignment': {'enabled': False, 'steps': 0, 'source_samples': 0, 'target_fit_samples': 0, 'target_labels_used': False, 'validation_or_holdout_used': False}, 'residual_blend_selection_unit': 'seed_ensemble', 'residual_blend_weight': 0.0, 'blend_selection_data': 'fit_only_inner_group_loo', 'blend_selection_raw_rmse': 2.504184922144619}","['2', '3']",7.54212760925293,trend_residual_frozen,281,2,0.029905689296437735,5,8.014724731445312,456,femto,['5'],['1']
7.516456604003906,"{'best_validation_normalized_rmse': 0.012373494915664196, 'best_epoch': 16, 'epochs_ran': 31, 'frozen_encoder': True, 'requested_warmup_frozen_epochs': 0, 'warmup_frozen_epochs': 0, 'encoder_unfreeze_epoch': None, 'encoder_anchor_weight': 0.0, 'encoder_was_unfrozen': False, 'require_unfrozen_checkpoint': False, 'best_checkpoint_after_encoder_unfreeze': False, 'residual_target': True, 'bounded_residual_range': [-0.5, 0.5], 'training_seed': 54026, 'trend_prior_method': 'ridge', 'raw_model_validation_available': True, 'target_adapter_alignment': {'enabled': False, 'steps': 0, 'source_samples': 0, 'target_fit_samples': 0, 'target_labels_used': False, 'validation_or_holdout_used': False}, 'residual_blend_selection_unit': 'seed_ensemble', 'residual_blend_weight': 0.0, 'blend_selection_data': 'fit_only_inner_group_loo', 'blend_selection_raw_rmse': 2.504184922144619}","['2', '3']",7.54212760925293,trend_residual_frozen,281,2,0.029905689296437735,5,8.014724731445312,2026,femto,['5'],['1']
7.516456604003906,"{'best_validation_normalized_rmse': 0.0218972060829401, 'best_epoch': 7, 'epochs_ran': 22, 'frozen_encoder': True, 'requested_warmup_frozen_epochs': 0, 'warmup_frozen_epochs': 0, 'encoder_unfreeze_epoch': None, 'encoder_anchor_weight': 0.0, 'encoder_was_unfrozen': False, 'require_unfrozen_checkpoint': False, 'best_checkpoint_after_encoder_unfreeze': False, 'residual_target': True, 'bounded_residual_range': [-0.5, 0.5], 'training_seed': 55407, 'trend_prior_method': 'ridge', 'raw_model_validation_available': True, 'target_adapter_alignment': {'enabled': False, 'steps': 0, 'source_samples': 0, 'target_fit_samples': 0, 'target_labels_used': False, 'validation_or_holdout_used': False}, 'residual_blend_selection_unit': 'seed_ensemble', 'residual_blend_weight': 0.0, 'blend_selection_data': 'fit_only_inner_group_loo', 'blend_selection_raw_rmse': 2.504184922144619}","['2', '3']",7.54212760925293,trend_residual_frozen,281,2,0.029905689296437735,5,8.014724731445312,3407,femto,['5'],['1']
7.516456604003906,"{'best_validation_normalized_rmse': 0.015135126188397408, 'best_epoch': 8, 'epochs_ran': 23, 'frozen_encoder': False, 'requested_warmup_frozen_epochs': 0, 'warmup_frozen_epochs': 0, 'encoder_unfreeze_epoch': 1, 'encoder_anchor_weight': 0.0, 'encoder_was_unfrozen': True, 'require_unfrozen_checkpoint': False, 'best_checkpoint_after_encoder_unfreeze': True, 'residual_target': True, 'bounded_residual_range': [-0.5, 0.5], 'training_seed': 52042, 'trend_prior_method': 'ridge', 'raw_model_validation_available': True, 'target_adapter_alignment': {'enabled': False, 'reason': 'scratch_target_only_control', 'target_labels_used': False, 'validation_or_holdout_used': False}, 'residual_blend_selection_unit': 'seed_ensemble', 'residual_blend_weight': 0.0, 'blend_selection_data': 'fit_only_inner_group_loo', 'blend_selection_raw_rmse': 2.504184922144619}","['2', '3']",7.54212760925293,trend_residual_scratch,281,2,0.029905689296437735,5,8.014724731445312,42,femto,['5'],['1']
7.516456604003906,"{'best_validation_normalized_rmse': 0.0218950342386961, 'best_epoch': 6, 'epochs_ran': 21, 'frozen_encoder': False, 'requested_warmup_frozen_epochs': 0, 'warmup_frozen_epochs': 0, 'encoder_unfreeze_epoch': 1, 'encoder_anchor_weight': 0.0, 'encoder_was_unfrozen': True, 'require_unfrozen_checkpoint': False, 'best_checkpoint_after_encoder_unfreeze': True, 'residual_target': True, 'bounded_residual_range': [-0.5, 0.5], 'training_seed': 52123, 'trend_prior_method': 'ridge', 'raw_model_validation_available': True, 'target_adapter_alignment': {'enabled': False, 'reason': 'scratch_target_only_control', 'target_labels_used': False, 'validation_or_holdout_used': False}, 'residual_blend_selection_unit': 'seed_ensemble', 'residual_blend_weight': 0.0, 'blend_selection_data': 'fit_only_inner_group_loo', 'blend_selection_raw_rmse': 2.504184922144619}","['2', '3']",7.54212760925293,trend_residual_scratch,281,2,0.029905689296437735,5,8.014724731445312,123,femto,['5'],['1']
7.516456604003906,"{'best_validation_normalized_rmse': 0.012823499739170074, 'best_epoch': 14, 'epochs_ran': 29, 'frozen_encoder': False, 'requested_warmup_frozen_epochs': 0, 'warmup_frozen_epochs': 0, 'encoder_unfreeze_epoch': 1, 'encoder_anchor_weight': 0.0, 'encoder_was_unfrozen': True, 'require_unfrozen_checkpoint': False, 'best_checkpoint_after_encoder_unfreeze': True, 'residual_target': True, 'bounded_residual_range': [-0.5, 0.5], 'training_seed': 52456, 'trend_prior_method': 'ridge', 'raw_model_validation_available': True, 'target_adapter_alignment': {'enabled': False, 'reason': 'scratch_target_only_control', 'target_labels_used': False, 'validation_or_holdout_used': False}, 'residual_blend_selection_unit': 'seed_ensemble', 'residual_blend_weight': 0.0, 'blend_selection_data': 'fit_only_inner_group_loo', 'blend_selection_raw_rmse': 2.504184922144619}","['2', '3']",7.54212760925293,trend_residual_scratch,281,2,0.029905689296437735,5,8.014724731445312,456,femto,['5'],['1']
7.516456604003906,"{'best_validation_normalized_rmse': 0.015686148777604103, 'best_epoch': 5, 'epochs_ran': 20, 'frozen_encoder': False, 'requested_warmup_frozen_epochs': 0, 'warmup_frozen_epochs': 0, 'encoder_unfreeze_epoch': 1, 'encoder_anchor_weight': 0.0, 'encoder_was_unfrozen': True, 'require_unfrozen_checkpoint': False, 'best_checkpoint_after_encoder_unfreeze': True, 'residual_target': True, 'bounded_residual_range': [-0.5, 0.5], 'training_seed': 54026, 'trend_prior_method': 'ridge', 'raw_model_validation_available': True, 'target_adapter_alignment': {'enabled': False, 'reason': 'scratch_target_only_control', 'target_labels_used': False, 'validation_or_holdout_used': False}, 'residual_blend_selection_unit': 'seed_ensemble', 'residual_blend_weight': 0.0, 'blend_selection_data': 'fit_only_inner_group_loo', 'blend_selection_raw_rmse': 2.504184922144619}","['2', '3']",7.54212760925293,trend_residual_scratch,281,2,0.029905689296437735,5,8.014724731445312,2026,femto,['5'],['1']
7.516456604003906,"{'best_validation_normalized_rmse': 0.016589177772402763, 'best_epoch': 4, 'epochs_ran': 19, 'frozen_encoder': False, 'requested_warmup_frozen_epochs': 0, 'warmup_frozen_epochs': 0, 'encoder_unfreeze_epoch': 1, 'encoder_anchor_weight': 0.0, 'encoder_was_unfrozen': True, 'require_unfrozen_checkpoint': False, 'best_checkpoint_after_encoder_unfreeze': True, 'residual_target': True, 'bounded_residual_range': [-0.5, 0.5], 'training_seed': 55407, 'trend_prior_method': 'ridge', 'raw_model_validation_available': True, 'target_adapter_alignment': {'enabled': False, 'reason': 'scratch_target_only_control', 'target_labels_used': False, 'validation_or_holdout_used': False}, 'residual_blend_selection_unit': 'seed_ensemble', 'residual_blend_weight': 0.0, 'blend_selection_data': 'fit_only_inner_group_loo', 'blend_selection_raw_rmse': 2.504184922144619}","['2', '3']",7.54212760925293,trend_residual_scratch,281,2,0.029905689296437735,5,8.014724731445312,3407,femto,['5'],['1']
7.516456604003906,"{'family': 'target_only_ridge', 'alpha': 10.0, 'validation_raw_rmse': 6.477641582489014}","['2', '3']",7.54212760925293,ridge,281,2,0.029905689296437735,5,8.014724731445312,,femto,['5'],['1']
12.067164421081543,"{'family': 'causal_target_time_trend', 'degree': 1, 'trend_prior_selected_for_residual': 'ridge'}","['2', '3']",12.067164421081543,trend_linear,281,2,0.04928045842184949,5,13.207162857055664,,femto,['5'],['1']
11.436193466186523,"{'family': 'causal_target_time_trend', 'degree': 2, 'trend_prior_selected_for_residual': 'ridge'}","['2', '3']",11.436193466186523,trend_quadratic,281,2,0.04626237100629664,5,12.3983154296875,,femto,['5'],['1']
11.667985916137695,"{'family': 'causal_target_time_trend', 'degree': 1, 'trend_prior_selected_for_residual': 'ridge'}","['2', '3']",11.667985916137695,trend_huber,281,2,0.047308605108688125,5,12.678706169128418,,femto,['5'],['1']
7.516456604003906,"{'selected_method': 'ridge', 'selection_policy': 'ridge', 'selected_beta': [0.4437947172909994, -0.08928730750247782, -0.09692374879244682, 0.0, 0.0, 0.006888044193374072, -0.00256473638638965, -0.022505877242762155, 0.02089968302182076, -0.03852910580554171, -0.0343521406366865, -0.03466919352858227, 0.02431279316576156, -0.013826529384864731, -0.02885248026487064], 'selected_diagnostics': {'family': 'causal_target_ridge_prior', 'alpha': 10.0, 'validation_raw_rmse': 6.477641582489014}, 'candidates': {'trend_linear': {'degree': 1, 'endpoint_scale_from_fit_groups': 299.0, 'validation_raw_rmse': 5.564206600189209, 'beta': [0.9601189544021826, -1.0618005308425815]}, 'trend_quadratic': {'degree': 2, 'selected_alpha': 0.1, 'endpoint_scale_from_fit_groups': 299.0, 'validation_raw_rmse': 6.070972919464111, 'beta': [0.9948094941561082, -1.2432995298828617, 0.1734809004373142]}, 'trend_huber': {'degree': 1, 'selected_delta': 0.75, 'endpoint_scale_from_fit_groups': 299.0, 'validation_raw_rmse': 5.4022674560546875, 'beta': [0.9668352457357824, -1.0794212844584496]}, 'ridge': {'family': 'causal_target_ridge_prior', 'alpha': 10.0, 'validation_raw_rmse': 6.477641582489014, 'beta': [0.4437947172909994, -0.08928730750247782, -0.09692374879244682, 0.0, 0.0, 0.006888044193374072, -0.00256473638638965, -0.022505877242762155, 0.02089968302182076, -0.03852910580554171, -0.0343521406366865, -0.03466919352858227, 0.02431279316576156, -0.013826529384864731, -0.02885248026487064]}}, 'full_life_target_labels_used_for_prior': False, 'holdout_labels_used_for_prior': False}","['2', '3']",7.54212760925293,trend_prior,281,2,0.029905689296437735,5,8.014724731445312,,femto,['5'],['1']
7.51645565032959,,"['2', '3']",7.54212760925293,trend_residual_transfer_ensemble,281,2,0.029905689296437735,5,8.014724731445312,,femto,['5'],['1']
7.51645565032959,,"['2', '3']",7.54212760925293,trend_residual_transfer_calibrated_ensemble,281,2,0.029905689296437735,5,8.014724731445312,,femto,['5'],['1']
12.474188804626465,,"['2', '3']",12.474188804626465,trend_residual_transfer_affine_calibrated_ensemble,281,2,0.04904427101362997,5,13.143864631652832,,femto,['5'],['1']
7.516456604003906,,"['2', '3']",7.54212760925293,ridge_calibrated_transfer_ensemble,281,2,0.029905689296437735,5,8.014724731445312,,femto,['5'],['1']
7.51645565032959,,"['2', '3']",7.54212760925293,trend_residual_scratch_calibrated_ensemble,281,2,0.029905689296437735,5,8.014724731445312,,femto,['5'],['1']
12.474188804626465,,"['2', '3']",12.474188804626465,trend_residual_scratch_affine_calibrated_ensemble,281,2,0.04904427101362997,5,13.143864631652832,,femto,['5'],['1']
7.516456604003906,,"['2', '3']",7.54212760925293,ridge_calibrated_scratch_ensemble,281,2,0.029905689296437735,5,8.014724731445312,,femto,['5'],['1']
7.51645565032959,,"['2', '3']",7.54212760925293,trend_residual_frozen_ensemble,281,2,0.029905689296437735,5,8.014724731445312,,femto,['5'],['1']
7.51645565032959,,"['2', '3']",7.54212760925293,trend_residual_scratch_ensemble,281,2,0.029905689296437735,5,8.014724731445312,,femto,['5'],['1']
7.516456604003906,,"['2', '3']",7.54212760925293,ridge_ensemble,281,2,0.029905689296437735,5,8.014724731445312,,femto,['5'],['1']
12.067164421081543,,"['2', '3']",12.067164421081543,trend_linear_ensemble,281,2,0.04928045842184949,5,13.207162857055664,,femto,['5'],['1']
11.436193466186523,,"['2', '3']",11.436193466186523,trend_quadratic_ensemble,281,2,0.04626237100629664,5,12.3983154296875,,femto,['5'],['1']
11.667985916137695,,"['2', '3']",11.667985916137695,trend_huber_ensemble,281,2,0.047308605108688125,5,12.678706169128418,,femto,['5'],['1']
7.516456604003906,,"['2', '3']",7.54212760925293,trend_prior_ensemble,281,2,0.029905689296437735,5,8.014724731445312,,femto,['5'],['1']
6.524175643920898,"{'best_validation_normalized_rmse': 0.005764568690210581, 'best_epoch': 3, 'epochs_ran': 17, 'frozen_encoder': False, 'requested_warmup_frozen_epochs': 2, 'warmup_frozen_epochs': 2, 'encoder_unfreeze_epoch': 3, 'encoder_anchor_weight': 0.02, 'encoder_was_unfrozen': True, 'require_unfrozen_checkpoint': True, 'best_checkpoint_after_encoder_unfreeze': True, 'residual_target': True, 'bounded_residual_range': [-0.5, 0.5], 'training_seed': 53042, 'trend_prior_method': 'ridge', 'raw_model_validation_available': True, 'target_adapter_alignment': {'enabled': False, 'steps': 0, 'source_samples': 0, 'target_fit_samples': 0, 'target_labels_used': False, 'validation_or_holdout_used': False}, 'residual_blend_selection_unit': 'seed_ensemble', 'residual_blend_weight': 1.0, 'blend_selection_data': 'fit_only_inner_group_loo', 'blend_selection_raw_rmse': 7.128635931821992}","['2', '3', '4']",6.533446311950684,trend_residual_transfer,281,3,0.02880209046536266,5,7.805366516113281,42,femto,['5'],['1']
6.978316783905029,"{'best_validation_normalized_rmse': 0.008256812579929829, 'best_epoch': 27, 'epochs_ran': 42, 'frozen_encoder': False, 'requested_warmup_frozen_epochs': 2, 'warmup_frozen_epochs': 2, 'encoder_unfreeze_epoch': 3, 'encoder_anchor_weight': 0.02, 'encoder_was_unfrozen': True, 'require_unfrozen_checkpoint': True, 'best_checkpoint_after_encoder_unfreeze': True, 'residual_target': True, 'bounded_residual_range': [-0.5, 0.5], 'training_seed': 53123, 'trend_prior_method': 'ridge', 'raw_model_validation_available': True, 'target_adapter_alignment': {'enabled': False, 'steps': 0, 'source_samples': 0, 'target_fit_samples': 0, 'target_labels_used': False, 'validation_or_holdout_used': False}, 'residual_blend_selection_unit': 'seed_ensemble', 'residual_blend_weight': 1.0, 'blend_selection_data': 'fit_only_inner_group_loo', 'blend_selection_raw_rmse': 7.128635931821992}","['2', '3', '4']",6.978316783905029,trend_residual_transfer,281,3,0.028352661766249315,5,7.6835713386535645,123,femto,['5'],['1']
7.899898052215576,"{'best_validation_normalized_rmse': 0.004112612456083298, 'best_epoch': 23, 'epochs_ran': 38, 'frozen_encoder': False, 'requested_warmup_frozen_epochs': 2, 'warmup_frozen_epochs': 2, 'encoder_unfreeze_epoch': 3, 'encoder_anchor_weight': 0.02, 'encoder_was_unfrozen': True, 'require_unfrozen_checkpoint': True, 'best_checkpoint_after_encoder_unfreeze': True, 'residual_target': True, 'bounded_residual_range': [-0.5, 0.5], 'training_seed': 53456, 'trend_prior_method': 'ridge', 'raw_model_validation_available': True, 'target_adapter_alignment': {'enabled': False, 'steps': 0, 'source_samples': 0, 'target_fit_samples': 0, 'target_labels_used': False, 'validation_or_holdout_used': False}, 'residual_blend_selection_unit': 'seed_ensemble', 'residual_blend_weight': 1.0, 'blend_selection_data': 'fit_only_inner_group_loo', 'blend_selection_raw_rmse': 7.128635931821992}","['2', '3', '4']",7.899898052215576,trend_residual_transfer,281,3,0.03334577145171781,5,9.036704063415527,456,femto,['5'],['1']
7.668750762939453,"{'best_validation_normalized_rmse': 0.004947396460920572, 'best_epoch': 26, 'epochs_ran': 41, 'frozen_encoder': False, 'requested_warmup_frozen_epochs': 2, 'warmup_frozen_epochs': 2, 'encoder_unfreeze_epoch': 3, 'encoder_anchor_weight': 0.02, 'encoder_was_unfrozen': True, 'require_unfrozen_checkpoint': True, 'best_checkpoint_after_encoder_unfreeze': True, 'residual_target': True, 'bounded_residual_range': [-0.5, 0.5], 'training_seed': 55026, 'trend_prior_method': 'ridge', 'raw_model_validation_available': True, 'target_adapter_alignment': {'enabled': False, 'steps': 0, 'source_samples': 0, 'target_fit_samples': 0, 'target_labels_used': False, 'validation_or_holdout_used': False}, 'residual_blend_selection_unit': 'seed_ensemble', 'residual_blend_weight': 1.0, 'blend_selection_data': 'fit_only_inner_group_loo', 'blend_selection_raw_rmse': 7.128635931821992}","['2', '3', '4']",7.668750762939453,trend_residual_transfer,281,3,0.032122407892093446,5,8.705172538757324,2026,femto,['5'],['1']
6.627763748168945,"{'best_validation_normalized_rmse': 0.0063863531686365604, 'best_epoch': 3, 'epochs_ran': 18, 'frozen_encoder': False, 'requested_warmup_frozen_epochs': 2, 'warmup_frozen_epochs': 2, 'encoder_unfreeze_epoch': 3, 'encoder_anchor_weight': 0.02, 'encoder_was_unfrozen': True, 'require_unfrozen_checkpoint': True, 'best_checkpoint_after_encoder_unfreeze': True, 'residual_target': True, 'bounded_residual_range': [-0.5, 0.5], 'training_seed': 56407, 'trend_prior_method': 'ridge', 'raw_model_validation_available': True, 'target_adapter_alignment': {'enabled': False, 'steps': 0, 'source_samples': 0, 'target_fit_samples': 0, 'target_labels_used': False, 'validation_or_holdout_used': False}, 'residual_blend_selection_unit': 'seed_ensemble', 'residual_blend_weight': 1.0, 'blend_selection_data': 'fit_only_inner_group_loo', 'blend_selection_raw_rmse': 7.128635931821992}","['2', '3', '4']",6.627763748168945,trend_residual_transfer,281,3,0.028730807709078068,5,7.786048889160156,3407,femto,['5'],['1']
6.587147235870361,"{'best_validation_normalized_rmse': 0.0051240767352283, 'best_epoch': 2, 'epochs_ran': 17, 'frozen_encoder': True, 'requested_warmup_frozen_epochs': 0, 'warmup_frozen_epochs': 0, 'encoder_unfreeze_epoch': None, 'encoder_anchor_weight': 0.0, 'encoder_was_unfrozen': False, 'require_unfrozen_checkpoint': False, 'best_checkpoint_after_encoder_unfreeze': False, 'residual_target': True, 'bounded_residual_range': [-0.5, 0.5], 'training_seed': 53042, 'trend_prior_method': 'ridge', 'raw_model_validation_available': True, 'target_adapter_alignment': {'enabled': False, 'steps': 0, 'source_samples': 0, 'target_fit_samples': 0, 'target_labels_used': False, 'validation_or_holdout_used': False}, 'residual_blend_selection_unit': 'seed_ensemble', 'residual_blend_weight': 1.0, 'blend_selection_data': 'fit_only_inner_group_loo', 'blend_selection_raw_rmse': 6.371853460787638}","['2', '3', '4']",6.700688362121582,trend_residual_frozen,281,3,0.03040297180964058,5,8.239205360412598,42,femto,['5'],['1']
7.053660869598389,"{'best_validation_normalized_rmse': 0.0077147227711975574, 'best_epoch': 29, 'epochs_ran': 44, 'frozen_encoder': True, 'requested_warmup_frozen_epochs': 0, 'warmup_frozen_epochs': 0, 'encoder_unfreeze_epoch': None, 'encoder_anchor_weight': 0.0, 'encoder_was_unfrozen': False, 'require_unfrozen_checkpoint': False, 'best_checkpoint_after_encoder_unfreeze': False, 'residual_target': True, 'bounded_residual_range': [-0.5, 0.5], 'training_seed': 53123, 'trend_prior_method': 'ridge', 'raw_model_validation_available': True, 'target_adapter_alignment': {'enabled': False, 'steps': 0, 'source_samples': 0, 'target_fit_samples': 0, 'target_labels_used': False, 'validation_or_holdout_used': False}, 'residual_blend_selection_unit': 'seed_ensemble', 'residual_blend_weight': 1.0, 'blend_selection_data': 'fit_only_inner_group_loo', 'blend_selection_raw_rmse': 6.371853460787638}","['2', '3', '4']",7.053660869598389,trend_residual_frozen,281,3,0.028842394642284434,5,7.816288948059082,123,femto,['5'],['1']
8.208261489868164,"{'best_validation_normalized_rmse': 0.004148238804191351, 'best_epoch': 20, 'epochs_ran': 35, 'frozen_encoder': True, 'requested_warmup_frozen_epochs': 0, 'warmup_frozen_epochs': 0, 'encoder_unfreeze_epoch': None, 'encoder_anchor_weight': 0.0, 'encoder_was_unfrozen': False, 'require_unfrozen_checkpoint': False, 'best_checkpoint_after_encoder_unfreeze': False, 'residual_target': True, 'bounded_residual_range': [-0.5, 0.5], 'training_seed': 53456, 'trend_prior_method': 'ridge', 'raw_model_validation_available': True, 'target_adapter_alignment': {'enabled': False, 'steps': 0, 'source_samples': 0, 'target_fit_samples': 0, 'target_labels_used': False, 'validation_or_holdout_used': False}, 'residual_blend_selection_unit': 'seed_ensemble', 'residual_blend_weight': 1.0, 'blend_selection_data': 'fit_only_inner_group_loo', 'blend_selection_raw_rmse': 6.371853460787638}","['2', '3', '4']",8.208261489868164,trend_residual_frozen,281,3,0.03446959745400066,5,9.34126091003418,456,femto,['5'],['1']
7.940411567687988,"{'best_validation_normalized_rmse': 0.003963890019804239, 'best_epoch': 22, 'epochs_ran': 37, 'frozen_encoder': True, 'requested_warmup_frozen_epochs': 0, 'warmup_frozen_epochs': 0, 'encoder_unfreeze_epoch': None, 'encoder_anchor_weight': 0.0, 'encoder_was_unfrozen': False, 'require_unfrozen_checkpoint': False, 'best_checkpoint_after_encoder_unfreeze': False, 'residual_target': True, 'bounded_residual_range': [-0.5, 0.5], 'training_seed': 55026, 'trend_prior_method': 'ridge', 'raw_model_validation_available': True, 'target_adapter_alignment': {'enabled': False, 'steps': 0, 'source_samples': 0, 'target_fit_samples': 0, 'target_labels_used': False, 'validation_or_holdout_used': False}, 'residual_blend_selection_unit': 'seed_ensemble', 'residual_blend_weight': 1.0, 'blend_selection_data': 'fit_only_inner_group_loo', 'blend_selection_raw_rmse': 6.371853460787638}","['2', '3', '4']",7.940411567687988,trend_residual_frozen,281,3,0.033471406605850726,5,9.070751190185547,2026,femto,['5'],['1']
6.4332966804504395,"{'best_validation_normalized_rmse': 0.007091483101248741, 'best_epoch': 1, 'epochs_ran': 16, 'frozen_encoder': True, 'requested_warmup_frozen_epochs': 0, 'warmup_frozen_epochs': 0, 'encoder_unfreeze_epoch': None, 'encoder_anchor_weight': 0.0, 'encoder_was_unfrozen': False, 'require_unfrozen_checkpoint': False, 'best_checkpoint_after_encoder_unfreeze': False, 'residual_target': True, 'bounded_residual_range': [-0.5, 0.5], 'training_seed': 56407, 'trend_prior_method': 'ridge', 'raw_model_validation_available': True, 'target_adapter_alignment': {'enabled': False, 'steps': 0, 'source_samples': 0, 'target_fit_samples': 0, 'target_labels_used': False, 'validation_or_holdout_used': False}, 'residual_blend_selection_unit': 'seed_ensemble', 'residual_blend_weight': 1.0, 'blend_selection_data': 'fit_only_inner_group_loo', 'blend_selection_raw_rmse': 6.371853460787638}","['2', '3', '4']",6.4332966804504395,trend_residual_frozen,281,3,0.027549113734621843,5,7.4658098220825195,3407,femto,['5'],['1']
7.784254550933838,"{'best_validation_normalized_rmse': 0.004053869750350714, 'best_epoch': 4, 'epochs_ran': 19, 'frozen_encoder': False, 'requested_warmup_frozen_epochs': 0, 'warmup_frozen_epochs': 0, 'encoder_unfreeze_epoch': 1, 'encoder_anchor_weight': 0.0, 'encoder_was_unfrozen': True, 'require_unfrozen_checkpoint': False, 'best_checkpoint_after_encoder_unfreeze': True, 'residual_target': True, 'bounded_residual_range': [-0.5, 0.5], 'training_seed': 53042, 'trend_prior_method': 'ridge', 'raw_model_validation_available': True, 'target_adapter_alignment': {'enabled': False, 'reason': 'scratch_target_only_control', 'target_labels_used': False, 'validation_or_holdout_used': False}, 'residual_blend_selection_unit': 'seed_ensemble', 'residual_blend_weight': 1.0, 'blend_selection_data': 'fit_only_inner_group_loo', 'blend_selection_raw_rmse': 6.874717713816185}","['2', '3', '4']",7.784254550933838,trend_residual_scratch,281,3,0.032550241674444334,5,8.821115493774414,42,femto,['5'],['1']
7.654154300689697,"{'best_validation_normalized_rmse': 0.005639066454023123, 'best_epoch': 5, 'epochs_ran': 20, 'frozen_encoder': False, 'requested_warmup_frozen_epochs': 0, 'warmup_frozen_epochs': 0, 'encoder_unfreeze_epoch': 1, 'encoder_anchor_weight': 0.0, 'encoder_was_unfrozen': True, 'require_unfrozen_checkpoint': False, 'best_checkpoint_after_encoder_unfreeze': True, 'residual_target': True, 'bounded_residual_range': [-0.5, 0.5], 'training_seed': 53123, 'trend_prior_method': 'ridge', 'raw_model_validation_available': True, 'target_adapter_alignment': {'enabled': False, 'reason': 'scratch_target_only_control', 'target_labels_used': False, 'validation_or_holdout_used': False}, 'residual_blend_selection_unit': 'seed_ensemble', 'residual_blend_weight': 1.0, 'blend_selection_data': 'fit_only_inner_group_loo', 'blend_selection_raw_rmse': 6.874717713816185}","['2', '3', '4']",7.727911949157715,trend_residual_scratch,281,3,0.03454561691002652,5,9.361862182617188,123,femto,['5'],['1']
9.117447853088379,"{'best_validation_normalized_rmse': 0.008082043379545212, 'best_epoch': 6, 'epochs_ran': 21, 'frozen_encoder': False, 'requested_warmup_frozen_epochs': 0, 'warmup_frozen_epochs': 0, 'encoder_unfreeze_epoch': 1, 'encoder_anchor_weight': 0.0, 'encoder_was_unfrozen': True, 'require_unfrozen_checkpoint': False, 'best_checkpoint_after_encoder_unfreeze': True, 'residual_target': True, 'bounded_residual_range': [-0.5, 0.5], 'training_seed': 53456, 'trend_prior_method': 'ridge', 'raw_model_validation_available': True, 'target_adapter_alignment': {'enabled': False, 'reason': 'scratch_target_only_control', 'target_labels_used': False, 'validation_or_holdout_used': False}, 'residual_blend_selection_unit': 'seed_ensemble', 'residual_blend_weight': 1.0, 'blend_selection_data': 'fit_only_inner_group_loo', 'blend_selection_raw_rmse': 6.874717713816185}","['2', '3', '4']",9.117447853088379,trend_residual_scratch,281,3,0.03703528752626088,5,10.0365629196167,456,femto,['5'],['1']
9.236534118652344,"{'best_validation_normalized_rmse': 0.005782962776720524, 'best_epoch': 12, 'epochs_ran': 27, 'frozen_encoder': False, 'requested_warmup_frozen_epochs': 0, 'warmup_frozen_epochs': 0, 'encoder_unfreeze_epoch': 1, 'encoder_anchor_weight': 0.0, 'encoder_was_unfrozen': True, 'require_unfrozen_checkpoint': False, 'best_checkpoint_after_encoder_unfreeze': True, 'residual_target': True, 'bounded_residual_range': [-0.5, 0.5], 'training_seed': 55026, 'trend_prior_method': 'ridge', 'raw_model_validation_available': True, 'target_adapter_alignment': {'enabled': False, 'reason': 'scratch_target_only_control', 'target_labels_used': False, 'validation_or_holdout_used': False}, 'residual_blend_selection_unit': 'seed_ensemble', 'residual_blend_weight': 1.0, 'blend_selection_data': 'fit_only_inner_group_loo', 'blend_selection_raw_rmse': 6.874717713816185}","['2', '3', '4']",9.236534118652344,trend_residual_scratch,281,3,0.037537268606939,5,10.172599792480469,2026,femto,['5'],['1']
6.4606170654296875,"{'best_validation_normalized_rmse': 0.007664564531296492, 'best_epoch': 9, 'epochs_ran': 24, 'frozen_encoder': False, 'requested_warmup_frozen_epochs': 0, 'warmup_frozen_epochs': 0, 'encoder_unfreeze_epoch': 1, 'encoder_anchor_weight': 0.0, 'encoder_was_unfrozen': True, 'require_unfrozen_checkpoint': False, 'best_checkpoint_after_encoder_unfreeze': True, 'residual_target': True, 'bounded_residual_range': [-0.5, 0.5], 'training_seed': 56407, 'trend_prior_method': 'ridge', 'raw_model_validation_available': True, 'target_adapter_alignment': {'enabled': False, 'reason': 'scratch_target_only_control', 'target_labels_used': False, 'validation_or_holdout_used': False}, 'residual_blend_selection_unit': 'seed_ensemble', 'residual_blend_weight': 1.0, 'blend_selection_data': 'fit_only_inner_group_loo', 'blend_selection_raw_rmse': 6.874717713816185}","['2', '3', '4']",6.4606170654296875,trend_residual_scratch,281,3,0.027514529844051797,5,7.456437587738037,3407,femto,['5'],['1']
7.279954433441162,"{'family': 'target_only_ridge', 'alpha': 0.1, 'validation_raw_rmse': 1.7261030673980713}","['2', '3', '4']",7.279954433441162,ridge,281,3,0.029891443428518148,5,8.100581169128418,,femto,['5'],['1']
14.385273933410645,"{'family': 'causal_target_time_trend', 'degree': 1, 'trend_prior_selected_for_residual': 'ridge'}","['2', '3', '4']",14.385273933410645,trend_linear,281,3,0.05728882089312226,5,15.525270462036133,,femto,['5'],['1']
13.852148056030273,"{'family': 'causal_target_time_trend', 'degree': 2, 'trend_prior_selected_for_residual': 'ridge'}","['2', '3', '4']",13.852148056030273,trend_quadratic,281,3,0.054696090107034495,5,14.822640419006348,,femto,['5'],['1']
14.463604927062988,"{'family': 'causal_target_time_trend', 'degree': 1, 'trend_prior_selected_for_residual': 'ridge'}","['2', '3', '4']",14.463604927062988,trend_huber,281,3,0.05738075017049304,5,15.550183296203613,,femto,['5'],['1']
7.279954433441162,"{'selected_method': 'ridge', 'selection_policy': 'ridge', 'selected_beta': [0.4271058998948393, 0.04114138674622026, -0.32459948503769426, 0.0, 0.0, 0.002344020284224456, -0.0199355885053153, -0.011970519610805993, -0.005302232212639357, -0.003599116141811963, 0.001146490048901327, -0.015885285858630884, 0.0324781997746786, 0.0012723039201377557, 0.013147335810750775], 'selected_diagnostics': {'family': 'causal_target_ridge_prior', 'alpha': 0.1, 'validation_raw_rmse': 1.7261030673980713}, 'candidates': {'trend_linear': {'degree': 1, 'endpoint_scale_from_fit_groups': 299.0, 'validation_raw_rmse': 3.5133402347564697, 'beta': [0.9624784214539732, -1.0572255047401693]}, 'trend_quadratic': {'degree': 2, 'selected_alpha': 0.1, 'endpoint_scale_from_fit_groups': 299.0, 'validation_raw_rmse': 3.946929931640625, 'beta': [0.9955964466437689, -1.2289830306655591, 0.16335770911227027]}, 'trend_huber': {'degree': 1, 'selected_delta': 0.75, 'endpoint_scale_from_fit_groups': 299.0, 'validation_raw_rmse': 1.362878441810608, 'beta': [0.980807253958312, -1.0843715864355254]}, 'ridge': {'family': 'causal_target_ridge_prior', 'alpha': 0.1, 'validation_raw_rmse': 1.7261030673980713, 'beta': [0.4271058998948393, 0.04114138674622026, -0.32459948503769426, 0.0, 0.0, 0.002344020284224456, -0.0199355885053153, -0.011970519610805993, -0.005302232212639357, -0.003599116141811963, 0.001146490048901327, -0.015885285858630884, 0.0324781997746786, 0.0012723039201377557, 0.013147335810750775]}}, 'full_life_target_labels_used_for_prior': False, 'holdout_labels_used_for_prior': False}","['2', '3', '4']",7.279954433441162,trend_prior,281,3,0.029891443428518148,5,8.100581169128418,,femto,['5'],['1']
7.139781475067139,,"['2', '3', '4']",7.139781475067139,trend_residual_transfer_ensemble,281,3,0.03015360181182073,5,8.171626091003418,,femto,['5'],['1']
8.97073745727539,,"['2', '3', '4']",8.97073745727539,trend_residual_transfer_calibrated_ensemble,281,3,0.03516784541281387,5,9.530486106872559,,femto,['5'],['1']
7.8544182777404785,,"['2', '3', '4']",7.8544182777404785,trend_residual_transfer_affine_calibrated_ensemble,281,3,0.034256122209049236,5,9.283409118652344,,femto,['5'],['1']
7.139781475067139,,"['2', '3', '4']",7.139781475067139,ridge_calibrated_transfer_ensemble,281,3,0.03015360181182073,5,8.171626091003418,,femto,['5'],['1']
9.653852462768555,,"['2', '3', '4']",9.653852462768555,trend_residual_scratch_calibrated_ensemble,281,3,0.03782153745418985,5,10.24963665008545,,femto,['5'],['1']
8.140094757080078,,"['2', '3', '4']",8.140094757080078,trend_residual_scratch_affine_calibrated_ensemble,281,3,0.0350607910719305,5,9.501474380493164,,femto,['5'],['1']
8.0506010055542,,"['2', '3', '4']",8.0506010055542,ridge_calibrated_scratch_ensemble,281,3,0.033524794772102386,5,9.085219383239746,,femto,['5'],['1']
7.244555473327637,,"['2', '3', '4']",7.244555473327637,trend_residual_frozen_ensemble,281,3,0.030782523630290014,5,8.342063903808594,,femto,['5'],['1']
8.0506010055542,,"['2', '3', '4']",8.0506010055542,trend_residual_scratch_ensemble,281,3,0.033524794772102386,5,9.085219383239746,,femto,['5'],['1']
7.279954433441162,,"['2', '3', '4']",7.279954433441162,ridge_ensemble,281,3,0.029891443428518148,5,8.100581169128418,,femto,['5'],['1']
14.385273933410645,,"['2', '3', '4']",14.385273933410645,trend_linear_ensemble,281,3,0.05728882089312226,5,15.525270462036133,,femto,['5'],['1']
13.852148056030273,,"['2', '3', '4']",13.852148056030273,trend_quadratic_ensemble,281,3,0.054696090107034495,5,14.822640419006348,,femto,['5'],['1']
14.463604927062988,,"['2', '3', '4']",14.463604927062988,trend_huber_ensemble,281,3,0.05738075017049304,5,15.550183296203613,,femto,['5'],['1']
7.279954433441162,,"['2', '3', '4']",7.279954433441162,trend_prior_ensemble,281,3,0.029891443428518148,5,8.100581169128418,,femto,['5'],['1']
