source,n_shots,method,target_group,endpoint,true_rul,prediction
femto,1,transfer_ensemble,5,19,231.0,213.9436492919922
femto,1,transfer_ensemble,5,20,230.0,213.13134765625
femto,1,transfer_ensemble,5,21,229.0,213.00161743164062
femto,1,transfer_ensemble,5,22,228.0,213.3495330810547
femto,1,transfer_ensemble,5,23,227.0,213.7760009765625
femto,1,transfer_ensemble,5,24,226.0,214.0236358642578
femto,1,transfer_ensemble,5,25,225.0,213.68685913085938
femto,1,transfer_ensemble,5,26,224.0,213.383056640625
femto,1,transfer_ensemble,5,27,223.0,213.26473999023438
femto,1,transfer_ensemble,5,28,222.0,213.2640838623047
femto,1,transfer_ensemble,5,29,221.0,213.390869140625
femto,1,transfer_ensemble,5,30,220.0,213.3088836669922
femto,1,transfer_ensemble,5,31,219.0,213.40109252929688
femto,1,transfer_ensemble,5,32,218.0,213.4452667236328
femto,1,transfer_ensemble,5,33,217.0,212.2217254638672
femto,1,transfer_ensemble,5,34,216.0,211.87521362304688
femto,1,transfer_ensemble,5,35,215.0,210.11083984375
femto,1,transfer_ensemble,5,36,214.0,210.3951416015625
femto,1,transfer_ensemble,5,37,213.0,211.28311157226562
femto,1,transfer_ensemble,5,38,212.0,211.55770874023438
femto,1,transfer_ensemble,5,39,211.0,211.1962432861328
femto,1,transfer_ensemble,5,40,210.0,211.24008178710938
femto,1,transfer_ensemble,5,41,209.0,211.7496337890625
femto,1,transfer_ensemble,5,42,208.0,211.6165008544922
femto,1,transfer_ensemble,5,43,207.0,210.95999145507812
femto,1,transfer_ensemble,5,44,206.0,210.5388946533203
femto,1,transfer_ensemble,5,45,205.0,210.6575164794922
femto,1,transfer_ensemble,5,46,204.0,209.4473419189453
femto,1,transfer_ensemble,5,47,203.0,210.24044799804688
femto,1,transfer_ensemble,5,48,202.0,209.5920867919922
femto,1,transfer_ensemble,5,49,201.0,208.37570190429688
femto,1,transfer_ensemble,5,50,200.0,208.9558563232422
femto,1,transfer_ensemble,5,51,199.0,209.78573608398438
femto,1,transfer_ensemble,5,52,198.0,206.7957763671875
femto,1,transfer_ensemble,5,53,197.0,207.15719604492188
femto,1,transfer_ensemble,5,54,196.0,207.80307006835938
femto,1,transfer_ensemble,5,55,195.0,208.790771484375
femto,1,transfer_ensemble,5,56,194.0,208.30752563476562
femto,1,transfer_ensemble,5,57,193.0,208.1219940185547
femto,1,transfer_ensemble,5,58,192.0,207.0757598876953
femto,1,transfer_ensemble,5,59,191.0,205.56130981445312
femto,1,transfer_ensemble,5,60,190.0,206.36904907226562
femto,1,transfer_ensemble,5,61,189.0,207.64981079101562
femto,1,transfer_ensemble,5,62,188.0,207.52639770507812
femto,1,transfer_ensemble,5,63,187.0,207.87716674804688
femto,1,transfer_ensemble,5,64,186.0,207.11083984375
femto,1,transfer_ensemble,5,65,185.0,206.6634063720703
femto,1,transfer_ensemble,5,66,184.0,207.15054321289062
femto,1,transfer_ensemble,5,67,183.0,204.85598754882812
femto,1,transfer_ensemble,5,68,182.0,205.11904907226562
femto,1,transfer_ensemble,5,69,181.0,205.41683959960938
femto,1,transfer_ensemble,5,70,180.0,202.96742248535156
femto,1,transfer_ensemble,5,71,179.0,204.44232177734375
femto,1,transfer_ensemble,5,72,178.0,202.87330627441406
femto,1,transfer_ensemble,5,73,177.0,202.48269653320312
femto,1,transfer_ensemble,5,74,176.0,203.66709899902344
femto,1,transfer_ensemble,5,75,175.0,200.96749877929688
femto,1,transfer_ensemble,5,76,174.0,202.5059051513672
femto,1,transfer_ensemble,5,77,173.0,202.17787170410156
femto,1,transfer_ensemble,5,78,172.0,202.4337158203125
femto,1,transfer_ensemble,5,79,171.0,202.41146850585938
femto,1,transfer_ensemble,5,80,170.0,201.05484008789062
femto,1,transfer_ensemble,5,81,169.0,200.48678588867188
femto,1,transfer_ensemble,5,82,168.0,201.20431518554688
femto,1,transfer_ensemble,5,83,167.0,198.62588500976562
femto,1,transfer_ensemble,5,84,166.0,199.18148803710938
femto,1,transfer_ensemble,5,85,165.0,198.1550750732422
femto,1,transfer_ensemble,5,86,164.0,195.81884765625
femto,1,transfer_ensemble,5,87,163.0,193.74697875976562
femto,1,transfer_ensemble,5,88,162.0,195.38430786132812
femto,1,transfer_ensemble,5,89,161.0,196.0116424560547
femto,1,transfer_ensemble,5,90,160.0,196.27938842773438
femto,1,transfer_ensemble,5,91,159.0,197.23458862304688
femto,1,transfer_ensemble,5,92,158.0,193.88351440429688
femto,1,transfer_ensemble,5,93,157.0,192.9367218017578
femto,1,transfer_ensemble,5,94,156.0,194.4998779296875
femto,1,transfer_ensemble,5,95,155.0,192.9479522705078
femto,1,transfer_ensemble,5,96,154.0,189.70144653320312
femto,1,transfer_ensemble,5,97,153.0,189.39041137695312
femto,1,transfer_ensemble,5,98,152.0,189.06884765625
femto,1,transfer_ensemble,5,99,151.0,190.38917541503906
femto,1,transfer_ensemble,5,100,150.0,190.5047149658203
femto,1,transfer_ensemble,5,101,149.0,189.40390014648438
femto,1,transfer_ensemble,5,102,148.0,186.08102416992188
femto,1,transfer_ensemble,5,103,147.0,185.05606079101562
femto,1,transfer_ensemble,5,104,146.0,182.0432586669922
femto,1,transfer_ensemble,5,105,145.0,178.02725219726562
femto,1,transfer_ensemble,5,106,144.0,180.0747528076172
femto,1,transfer_ensemble,5,107,143.0,176.15225219726562
femto,1,transfer_ensemble,5,108,142.0,171.91770935058594
femto,1,transfer_ensemble,5,109,141.0,169.86654663085938
femto,1,transfer_ensemble,5,110,140.0,172.5301513671875
femto,1,transfer_ensemble,5,111,139.0,176.6561279296875
femto,1,transfer_ensemble,5,112,138.0,178.58944702148438
femto,1,transfer_ensemble,5,113,137.0,176.11288452148438
femto,1,transfer_ensemble,5,114,136.0,164.81822204589844
femto,1,transfer_ensemble,5,115,135.0,166.54150390625
femto,1,transfer_ensemble,5,116,134.0,167.1967315673828
femto,1,transfer_ensemble,5,117,133.0,162.11695861816406
femto,1,transfer_ensemble,5,118,132.0,163.33206176757812
femto,1,transfer_ensemble,5,119,131.0,159.96841430664062
femto,1,transfer_ensemble,5,120,130.0,155.09042358398438
femto,1,transfer_ensemble,5,121,129.0,156.665283203125
femto,1,transfer_ensemble,5,122,128.0,156.9401092529297
femto,1,transfer_ensemble,5,123,127.00000762939453,158.9778289794922
femto,1,transfer_ensemble,5,124,126.0,151.49960327148438
femto,1,transfer_ensemble,5,125,125.0,149.85723876953125
femto,1,transfer_ensemble,5,126,124.00000762939453,151.15542602539062
femto,1,transfer_ensemble,5,127,123.0,148.97010803222656
femto,1,transfer_ensemble,5,128,122.0,141.99549865722656
femto,1,transfer_ensemble,5,129,121.00000762939453,142.330810546875
femto,1,transfer_ensemble,5,130,120.0,143.97996520996094
femto,1,transfer_ensemble,5,131,119.0,140.5992431640625
femto,1,transfer_ensemble,5,132,118.00000762939453,131.34286499023438
femto,1,transfer_ensemble,5,133,117.0,129.7321014404297
femto,1,transfer_ensemble,5,134,116.0,130.54251098632812
femto,1,transfer_ensemble,5,135,115.0,129.48744201660156
femto,1,transfer_ensemble,5,136,114.0,127.98004150390625
femto,1,transfer_ensemble,5,137,113.0,123.93238830566406
femto,1,transfer_ensemble,5,138,112.0,117.322265625
femto,1,transfer_ensemble,5,139,111.0,121.3490982055664
femto,1,transfer_ensemble,5,140,110.0,117.4537124633789
femto,1,transfer_ensemble,5,141,109.0,122.25483703613281
femto,1,transfer_ensemble,5,142,108.0,123.6333999633789
femto,1,transfer_ensemble,5,143,107.0,113.96978759765625
femto,1,transfer_ensemble,5,144,106.0,114.13465881347656
femto,1,transfer_ensemble,5,145,105.0,114.14106750488281
femto,1,transfer_ensemble,5,146,104.0,111.80428314208984
femto,1,transfer_ensemble,5,147,103.0,115.61549377441406
femto,1,transfer_ensemble,5,148,102.0,115.61222839355469
femto,1,transfer_ensemble,5,149,101.0,116.07027435302734
femto,1,transfer_ensemble,5,150,100.0,112.7562026977539
femto,1,transfer_ensemble,5,151,99.0,109.32784271240234
femto,1,transfer_ensemble,5,152,98.0,107.97422790527344
femto,1,transfer_ensemble,5,153,97.0,105.81141662597656
femto,1,transfer_ensemble,5,154,96.0,103.8344955444336
femto,1,transfer_ensemble,5,155,95.0,104.201171875
femto,1,transfer_ensemble,5,156,94.0,102.1367416381836
femto,1,transfer_ensemble,5,157,93.0,100.10408782958984
femto,1,transfer_ensemble,5,158,92.0,98.00568389892578
femto,1,transfer_ensemble,5,159,91.0,96.58086395263672
femto,1,transfer_ensemble,5,160,90.0,96.0947494506836
femto,1,transfer_ensemble,5,161,89.0,94.55101013183594
femto,1,transfer_ensemble,5,162,88.0,93.57865905761719
femto,1,transfer_ensemble,5,163,87.0,93.6247787475586
femto,1,transfer_ensemble,5,164,86.0,94.3662338256836
femto,1,transfer_ensemble,5,165,85.0,91.41131591796875
femto,1,transfer_ensemble,5,166,84.0,92.40148162841797
femto,1,transfer_ensemble,5,167,83.0,91.89617156982422
femto,1,transfer_ensemble,5,168,82.0,92.20352935791016
femto,1,transfer_ensemble,5,169,81.0,89.16606903076172
femto,1,transfer_ensemble,5,170,80.0,87.69537353515625
femto,1,transfer_ensemble,5,171,79.0,87.38861083984375
femto,1,transfer_ensemble,5,172,78.0,85.68067932128906
femto,1,transfer_ensemble,5,173,77.0,81.69205474853516
femto,1,transfer_ensemble,5,174,76.0,81.08393859863281
femto,1,transfer_ensemble,5,175,75.0,80.93031311035156
femto,1,transfer_ensemble,5,176,74.0,81.02456665039062
femto,1,transfer_ensemble,5,177,73.0,80.08967590332031
femto,1,transfer_ensemble,5,178,72.0,79.30168914794922
femto,1,transfer_ensemble,5,179,71.0,78.38369750976562
femto,1,transfer_ensemble,5,180,70.0,77.82266998291016
femto,1,transfer_ensemble,5,181,69.0,76.80699157714844
femto,1,transfer_ensemble,5,182,68.0,75.51862335205078
femto,1,transfer_ensemble,5,183,67.0,74.49439239501953
femto,1,transfer_ensemble,5,184,66.0,73.08704376220703
femto,1,transfer_ensemble,5,185,65.0,71.95539855957031
femto,1,transfer_ensemble,5,186,64.0,70.72602844238281
femto,1,transfer_ensemble,5,187,63.0,69.52538299560547
femto,1,transfer_ensemble,5,188,62.000003814697266,68.1601333618164
femto,1,transfer_ensemble,5,189,61.0,66.86666870117188
femto,1,transfer_ensemble,5,190,60.0,65.77897644042969
femto,1,transfer_ensemble,5,191,59.000003814697266,64.42170715332031
femto,1,transfer_ensemble,5,192,58.0,63.33237838745117
femto,1,transfer_ensemble,5,193,57.0,62.33356475830078
femto,1,transfer_ensemble,5,194,56.0,60.81755447387695
femto,1,transfer_ensemble,5,195,55.0,59.90568923950195
femto,1,transfer_ensemble,5,196,54.0,58.56489181518555
femto,1,transfer_ensemble,5,197,53.0,57.535789489746094
femto,1,transfer_ensemble,5,198,52.0,56.53651809692383
femto,1,transfer_ensemble,5,199,51.0,55.47023391723633
femto,1,transfer_ensemble,5,200,50.0,54.334129333496094
femto,1,transfer_ensemble,5,201,49.0,53.26696014404297
femto,1,transfer_ensemble,5,202,48.0,51.74543380737305
femto,1,transfer_ensemble,5,203,47.0,50.83864212036133
femto,1,transfer_ensemble,5,204,46.0,50.008174896240234
femto,1,transfer_ensemble,5,205,45.0,48.73430633544922
femto,1,transfer_ensemble,5,206,44.0,46.89927291870117
femto,1,transfer_ensemble,5,207,43.0,45.99967956542969
femto,1,transfer_ensemble,5,208,42.0,44.7347297668457
femto,1,transfer_ensemble,5,209,41.0,43.73600387573242
femto,1,transfer_ensemble,5,210,40.0,42.579429626464844
femto,1,transfer_ensemble,5,211,39.0,42.24029541015625
femto,1,transfer_ensemble,5,212,38.0,40.258056640625
femto,1,transfer_ensemble,5,213,37.0,38.88454055786133
femto,1,transfer_ensemble,5,214,36.0,37.49657440185547
femto,1,transfer_ensemble,5,215,35.0,36.8228759765625
femto,1,transfer_ensemble,5,216,34.0,36.22037887573242
femto,1,transfer_ensemble,5,217,33.0,34.31718826293945
femto,1,transfer_ensemble,5,218,32.0,33.22040939331055
femto,1,transfer_ensemble,5,219,31.000001907348633,31.72600746154785
femto,1,transfer_ensemble,5,220,30.0,31.519983291625977
femto,1,transfer_ensemble,5,221,29.0,29.671581268310547
femto,1,transfer_ensemble,5,222,28.0,28.555572509765625
femto,1,transfer_ensemble,5,223,27.0,27.591079711914062
femto,1,transfer_ensemble,5,224,26.0,28.296289443969727
femto,1,transfer_ensemble,5,225,25.0,27.390594482421875
femto,1,transfer_ensemble,5,226,24.0,26.401992797851562
femto,1,transfer_ensemble,5,227,23.0,24.5068416595459
femto,1,transfer_ensemble,5,228,22.0,23.465999603271484
femto,1,transfer_ensemble,5,229,21.0,23.698856353759766
femto,1,transfer_ensemble,5,230,20.0,22.693763732910156
femto,1,transfer_ensemble,5,231,19.0,21.475299835205078
femto,1,transfer_ensemble,5,232,18.0,20.603872299194336
femto,1,transfer_ensemble,5,233,17.0,19.48861312866211
femto,1,transfer_ensemble,5,234,16.0,18.84756851196289
femto,1,transfer_ensemble,5,235,15.0,17.63938331604004
femto,1,transfer_ensemble,5,236,14.0,16.73907470703125
femto,1,transfer_ensemble,5,237,13.0,15.954111099243164
femto,1,transfer_ensemble,5,238,12.0,14.514737129211426
femto,1,transfer_ensemble,5,239,11.0,14.201316833496094
femto,1,transfer_ensemble,5,240,10.0,13.301721572875977
femto,1,transfer_ensemble,5,241,9.0,12.706378936767578
femto,1,transfer_ensemble,5,242,8.0,12.165624618530273
femto,1,transfer_ensemble,5,243,7.0,11.457545280456543
femto,1,transfer_ensemble,5,244,6.0,10.91602897644043
femto,1,transfer_ensemble,5,245,5.0,10.770048141479492
femto,1,transfer_ensemble,5,246,4.0,9.83857536315918
femto,1,transfer_ensemble,5,247,3.0,9.065641403198242
femto,1,transfer_ensemble,5,248,2.0,7.863366603851318
femto,1,transfer_ensemble,5,249,1.0,7.53307580947876
femto,1,transfer_ensemble,5,250,0.0,7.284738063812256
femto,1,transfer_ensemble,5,251,0.0,6.342028617858887
femto,1,transfer_ensemble,5,252,0.0,6.018810272216797
femto,1,transfer_ensemble,5,253,0.0,5.584866523742676
femto,1,transfer_ensemble,5,254,0.0,5.002620697021484
femto,1,transfer_ensemble,5,255,0.0,4.1067681312561035
femto,1,transfer_ensemble,5,256,0.0,3.5751023292541504
femto,1,transfer_ensemble,5,257,0.0,2.7759087085723877
femto,1,transfer_ensemble,5,258,0.0,2.295685291290283
femto,1,transfer_ensemble,5,259,0.0,1.5161811113357544
femto,1,transfer_ensemble,5,260,0.0,1.3395992517471313
femto,1,transfer_ensemble,5,261,0.0,0.9288558959960938
femto,1,transfer_ensemble,5,262,0.0,0.3165690302848816
femto,1,transfer_ensemble,5,263,0.0,0.6290906667709351
femto,1,transfer_ensemble,5,264,0.0,0.24759039282798767
femto,1,transfer_ensemble,5,265,0.0,-0.0808536559343338
femto,1,transfer_ensemble,5,266,0.0,-0.03479332849383354
femto,1,transfer_ensemble,5,267,0.0,0.26808685064315796
femto,1,transfer_ensemble,5,268,0.0,-0.10974745452404022
femto,1,transfer_ensemble,5,269,0.0,-0.41966691613197327
femto,1,transfer_ensemble,5,270,0.0,-0.5402305722236633
femto,1,transfer_ensemble,5,271,0.0,-0.8034073114395142
femto,1,transfer_ensemble,5,272,0.0,-0.5857855081558228
femto,1,transfer_ensemble,5,273,0.0,-0.43991678953170776
femto,1,transfer_ensemble,5,274,0.0,-0.41322755813598633
femto,1,transfer_ensemble,5,275,0.0,-0.4925532341003418
femto,1,transfer_ensemble,5,276,0.0,-0.34060657024383545
femto,1,transfer_ensemble,5,277,0.0,-0.02282245084643364
femto,1,transfer_ensemble,5,278,0.0,0.0692463293671608
femto,1,transfer_ensemble,5,279,0.0,0.2682749629020691
femto,1,transfer_ensemble,5,280,0.0,0.4798988699913025
femto,1,transfer_ensemble,5,281,0.0,0.8003904223442078
femto,1,transfer_ensemble,5,282,0.0,1.1616734266281128
femto,1,transfer_ensemble,5,283,0.0,1.6514739990234375
femto,1,transfer_ensemble,5,284,0.0,2.1698355674743652
femto,1,transfer_ensemble,5,285,0.0,2.8145298957824707
femto,1,transfer_ensemble,5,286,0.0,3.2437491416931152
femto,1,transfer_ensemble,5,287,0.0,3.645949602127075
femto,1,transfer_ensemble,5,288,0.0,4.30527925491333
femto,1,transfer_ensemble,5,289,0.0,5.040676116943359
femto,1,transfer_ensemble,5,290,0.0,5.6865620613098145
femto,1,transfer_ensemble,5,291,0.0,6.537554740905762
femto,1,transfer_ensemble,5,292,0.0,7.209416389465332
femto,1,transfer_ensemble,5,293,0.0,8.045482635498047
femto,1,transfer_ensemble,5,294,0.0,8.956388473510742
femto,1,transfer_ensemble,5,295,0.0,9.716981887817383
femto,1,transfer_ensemble,5,296,0.0,10.482566833496094
femto,1,transfer_ensemble,5,297,0.0,11.162823677062988
femto,1,transfer_ensemble,5,298,0.0,11.894651412963867
femto,1,transfer_ensemble,5,299,0.0,12.475408554077148
femto,1,frozen_encoder_ensemble,5,19,231.0,197.75155639648438
femto,1,frozen_encoder_ensemble,5,20,230.0,196.42166137695312
femto,1,frozen_encoder_ensemble,5,21,229.0,196.5338897705078
femto,1,frozen_encoder_ensemble,5,22,228.0,197.1698455810547
femto,1,frozen_encoder_ensemble,5,23,227.0,197.66830444335938
femto,1,frozen_encoder_ensemble,5,24,226.0,197.97604370117188
femto,1,frozen_encoder_ensemble,5,25,225.0,197.39981079101562
femto,1,frozen_encoder_ensemble,5,26,224.0,197.1188507080078
femto,1,frozen_encoder_ensemble,5,27,223.0,196.9478302001953
femto,1,frozen_encoder_ensemble,5,28,222.0,197.19229125976562
femto,1,frozen_encoder_ensemble,5,29,221.0,197.53280639648438
femto,1,frozen_encoder_ensemble,5,30,220.0,197.52716064453125
femto,1,frozen_encoder_ensemble,5,31,219.0,197.559326171875
femto,1,frozen_encoder_ensemble,5,32,218.0,197.74575805664062
femto,1,frozen_encoder_ensemble,5,33,217.0,196.22552490234375
femto,1,frozen_encoder_ensemble,5,34,216.0,196.16683959960938
femto,1,frozen_encoder_ensemble,5,35,215.0,194.322509765625
femto,1,frozen_encoder_ensemble,5,36,214.0,195.0316162109375
femto,1,frozen_encoder_ensemble,5,37,213.0,196.23611450195312
femto,1,frozen_encoder_ensemble,5,38,212.0,196.4154510498047
femto,1,frozen_encoder_ensemble,5,39,211.0,195.9969024658203
femto,1,frozen_encoder_ensemble,5,40,210.0,196.05035400390625
femto,1,frozen_encoder_ensemble,5,41,209.0,196.79995727539062
femto,1,frozen_encoder_ensemble,5,42,208.0,196.61471557617188
femto,1,frozen_encoder_ensemble,5,43,207.0,195.8446502685547
femto,1,frozen_encoder_ensemble,5,44,206.0,195.58450317382812
femto,1,frozen_encoder_ensemble,5,45,205.0,195.91293334960938
femto,1,frozen_encoder_ensemble,5,46,204.0,194.49783325195312
femto,1,frozen_encoder_ensemble,5,47,203.0,195.86837768554688
femto,1,frozen_encoder_ensemble,5,48,202.0,194.96401977539062
femto,1,frozen_encoder_ensemble,5,49,201.0,193.7393035888672
femto,1,frozen_encoder_ensemble,5,50,200.0,194.7228240966797
femto,1,frozen_encoder_ensemble,5,51,199.0,195.74436950683594
femto,1,frozen_encoder_ensemble,5,52,198.0,191.80848693847656
femto,1,frozen_encoder_ensemble,5,53,197.0,192.8677215576172
femto,1,frozen_encoder_ensemble,5,54,196.0,193.8605499267578
femto,1,frozen_encoder_ensemble,5,55,195.0,195.14852905273438
femto,1,frozen_encoder_ensemble,5,56,194.0,194.4185333251953
femto,1,frozen_encoder_ensemble,5,57,193.0,194.35882568359375
femto,1,frozen_encoder_ensemble,5,58,192.0,193.1190643310547
femto,1,frozen_encoder_ensemble,5,59,191.0,191.60757446289062
femto,1,frozen_encoder_ensemble,5,60,190.0,192.92904663085938
femto,1,frozen_encoder_ensemble,5,61,189.0,194.57737731933594
femto,1,frozen_encoder_ensemble,5,62,188.0,194.1173858642578
femto,1,frozen_encoder_ensemble,5,63,187.0,194.73431396484375
femto,1,frozen_encoder_ensemble,5,64,186.0,193.66845703125
femto,1,frozen_encoder_ensemble,5,65,185.0,193.24722290039062
femto,1,frozen_encoder_ensemble,5,66,184.0,194.10194396972656
femto,1,frozen_encoder_ensemble,5,67,183.0,191.21640014648438
femto,1,frozen_encoder_ensemble,5,68,182.0,191.87705993652344
femto,1,frozen_encoder_ensemble,5,69,181.0,192.1699676513672
femto,1,frozen_encoder_ensemble,5,70,180.0,189.3524627685547
femto,1,frozen_encoder_ensemble,5,71,179.0,191.89511108398438
femto,1,frozen_encoder_ensemble,5,72,178.0,189.84828186035156
femto,1,frozen_encoder_ensemble,5,73,177.0,189.76101684570312
femto,1,frozen_encoder_ensemble,5,74,176.0,191.66026306152344
femto,1,frozen_encoder_ensemble,5,75,175.0,188.14242553710938
femto,1,frozen_encoder_ensemble,5,76,174.0,190.42874145507812
femto,1,frozen_encoder_ensemble,5,77,173.0,189.7906036376953
femto,1,frozen_encoder_ensemble,5,78,172.0,190.33021545410156
femto,1,frozen_encoder_ensemble,5,79,171.0,190.1441192626953
femto,1,frozen_encoder_ensemble,5,80,170.0,188.5987091064453
femto,1,frozen_encoder_ensemble,5,81,169.0,188.1101837158203
femto,1,frozen_encoder_ensemble,5,82,168.0,189.4341583251953
femto,1,frozen_encoder_ensemble,5,83,167.0,186.09637451171875
femto,1,frozen_encoder_ensemble,5,84,166.0,187.4634552001953
femto,1,frozen_encoder_ensemble,5,85,165.0,186.24325561523438
femto,1,frozen_encoder_ensemble,5,86,164.0,183.30499267578125
femto,1,frozen_encoder_ensemble,5,87,163.0,181.0916748046875
femto,1,frozen_encoder_ensemble,5,88,162.0,183.75408935546875
femto,1,frozen_encoder_ensemble,5,89,161.0,184.55728149414062
femto,1,frozen_encoder_ensemble,5,90,160.0,184.78631591796875
femto,1,frozen_encoder_ensemble,5,91,159.0,186.13943481445312
femto,1,frozen_encoder_ensemble,5,92,158.0,181.6849822998047
femto,1,frozen_encoder_ensemble,5,93,157.0,181.24948120117188
femto,1,frozen_encoder_ensemble,5,94,156.0,183.768310546875
femto,1,frozen_encoder_ensemble,5,95,155.0,181.53897094726562
femto,1,frozen_encoder_ensemble,5,96,154.0,177.5360565185547
femto,1,frozen_encoder_ensemble,5,97,153.0,177.90478515625
femto,1,frozen_encoder_ensemble,5,98,152.0,177.77041625976562
femto,1,frozen_encoder_ensemble,5,99,151.0,179.7672576904297
femto,1,frozen_encoder_ensemble,5,100,150.0,179.5554962158203
femto,1,frozen_encoder_ensemble,5,101,149.0,178.0050811767578
femto,1,frozen_encoder_ensemble,5,102,148.0,174.06216430664062
femto,1,frozen_encoder_ensemble,5,103,147.0,173.18075561523438
femto,1,frozen_encoder_ensemble,5,104,146.0,169.57742309570312
femto,1,frozen_encoder_ensemble,5,105,145.0,164.9884796142578
femto,1,frozen_encoder_ensemble,5,106,144.0,168.92105102539062
femto,1,frozen_encoder_ensemble,5,107,143.0,163.7259063720703
femto,1,frozen_encoder_ensemble,5,108,142.0,158.99343872070312
femto,1,frozen_encoder_ensemble,5,109,141.0,157.39891052246094
femto,1,frozen_encoder_ensemble,5,110,140.0,161.79505920410156
femto,1,frozen_encoder_ensemble,5,111,139.0,167.33358764648438
femto,1,frozen_encoder_ensemble,5,112,138.0,169.20999145507812
femto,1,frozen_encoder_ensemble,5,113,137.0,165.19601440429688
femto,1,frozen_encoder_ensemble,5,114,136.0,150.54583740234375
femto,1,frozen_encoder_ensemble,5,115,135.0,154.72152709960938
femto,1,frozen_encoder_ensemble,5,116,134.0,155.7653350830078
femto,1,frozen_encoder_ensemble,5,117,133.0,148.81723022460938
femto,1,frozen_encoder_ensemble,5,118,132.0,151.36306762695312
femto,1,frozen_encoder_ensemble,5,119,131.0,147.01583862304688
femto,1,frozen_encoder_ensemble,5,120,130.0,141.5327911376953
femto,1,frozen_encoder_ensemble,5,121,129.0,144.61416625976562
femto,1,frozen_encoder_ensemble,5,122,128.0,145.20025634765625
femto,1,frozen_encoder_ensemble,5,123,127.00000762939453,148.26690673828125
femto,1,frozen_encoder_ensemble,5,124,126.0,138.15431213378906
femto,1,frozen_encoder_ensemble,5,125,125.0,136.89805603027344
femto,1,frozen_encoder_ensemble,5,126,124.00000762939453,139.46617126464844
femto,1,frozen_encoder_ensemble,5,127,123.0,136.53810119628906
femto,1,frozen_encoder_ensemble,5,128,122.0,127.5564193725586
femto,1,frozen_encoder_ensemble,5,129,121.00000762939453,129.29159545898438
femto,1,frozen_encoder_ensemble,5,130,120.0,131.83766174316406
femto,1,frozen_encoder_ensemble,5,131,119.0,127.07579040527344
femto,1,frozen_encoder_ensemble,5,132,118.00000762939453,115.92900085449219
femto,1,frozen_encoder_ensemble,5,133,117.0,115.6878433227539
femto,1,frozen_encoder_ensemble,5,134,116.0,117.69539642333984
femto,1,frozen_encoder_ensemble,5,135,115.0,116.57948303222656
femto,1,frozen_encoder_ensemble,5,136,114.0,115.03065490722656
femto,1,frozen_encoder_ensemble,5,137,113.0,110.25691223144531
femto,1,frozen_encoder_ensemble,5,138,112.0,102.83528137207031
femto,1,frozen_encoder_ensemble,5,139,111.0,109.46146392822266
femto,1,frozen_encoder_ensemble,5,140,110.0,104.49100494384766
femto,1,frozen_encoder_ensemble,5,141,109.0,111.2267837524414
femto,1,frozen_encoder_ensemble,5,142,108.0,112.44908142089844
femto,1,frozen_encoder_ensemble,5,143,107.0,100.18793487548828
femto,1,frozen_encoder_ensemble,5,144,106.0,101.40412902832031
femto,1,frozen_encoder_ensemble,5,145,105.0,101.73454284667969
femto,1,frozen_encoder_ensemble,5,146,104.0,98.94982147216797
femto,1,frozen_encoder_ensemble,5,147,103.0,104.44746398925781
femto,1,frozen_encoder_ensemble,5,148,102.0,103.77667236328125
femto,1,frozen_encoder_ensemble,5,149,101.0,104.18394470214844
femto,1,frozen_encoder_ensemble,5,150,100.0,99.70860290527344
femto,1,frozen_encoder_ensemble,5,151,99.0,95.85631561279297
femto,1,frozen_encoder_ensemble,5,152,98.0,95.08674621582031
femto,1,frozen_encoder_ensemble,5,153,97.0,92.7917251586914
femto,1,frozen_encoder_ensemble,5,154,96.0,91.1173324584961
femto,1,frozen_encoder_ensemble,5,155,95.0,91.90811157226562
femto,1,frozen_encoder_ensemble,5,156,94.0,89.47662353515625
femto,1,frozen_encoder_ensemble,5,157,93.0,87.60211944580078
femto,1,frozen_encoder_ensemble,5,158,92.0,85.62561798095703
femto,1,frozen_encoder_ensemble,5,159,91.0,84.4773178100586
femto,1,frozen_encoder_ensemble,5,160,90.0,84.35071563720703
femto,1,frozen_encoder_ensemble,5,161,89.0,82.9262924194336
femto,1,frozen_encoder_ensemble,5,162,88.0,81.98754119873047
femto,1,frozen_encoder_ensemble,5,163,87.0,82.41065979003906
femto,1,frozen_encoder_ensemble,5,164,86.0,83.24610900878906
femto,1,frozen_encoder_ensemble,5,165,85.0,79.59793853759766
femto,1,frozen_encoder_ensemble,5,166,84.0,81.20870208740234
femto,1,frozen_encoder_ensemble,5,167,83.0,80.95982360839844
femto,1,frozen_encoder_ensemble,5,168,82.0,81.28160095214844
femto,1,frozen_encoder_ensemble,5,169,81.0,77.51893615722656
femto,1,frozen_encoder_ensemble,5,170,80.0,76.47871398925781
femto,1,frozen_encoder_ensemble,5,171,79.0,76.28365325927734
femto,1,frozen_encoder_ensemble,5,172,78.0,74.48516845703125
femto,1,frozen_encoder_ensemble,5,173,77.0,71.14310455322266
femto,1,frozen_encoder_ensemble,5,174,76.0,70.9302978515625
femto,1,frozen_encoder_ensemble,5,175,75.0,71.1325912475586
femto,1,frozen_encoder_ensemble,5,176,74.0,71.28018951416016
femto,1,frozen_encoder_ensemble,5,177,73.0,70.42092895507812
femto,1,frozen_encoder_ensemble,5,178,72.0,69.84709167480469
femto,1,frozen_encoder_ensemble,5,179,71.0,68.74124145507812
femto,1,frozen_encoder_ensemble,5,180,70.0,68.26716613769531
femto,1,frozen_encoder_ensemble,5,181,69.0,67.37993621826172
femto,1,frozen_encoder_ensemble,5,182,68.0,66.4784164428711
femto,1,frozen_encoder_ensemble,5,183,67.0,65.38619232177734
femto,1,frozen_encoder_ensemble,5,184,66.0,64.11186218261719
femto,1,frozen_encoder_ensemble,5,185,65.0,63.15288543701172
femto,1,frozen_encoder_ensemble,5,186,64.0,62.4473991394043
femto,1,frozen_encoder_ensemble,5,187,63.0,61.3831901550293
femto,1,frozen_encoder_ensemble,5,188,62.000003814697266,60.45958709716797
femto,1,frozen_encoder_ensemble,5,189,61.0,59.212860107421875
femto,1,frozen_encoder_ensemble,5,190,60.0,58.62739181518555
femto,1,frozen_encoder_ensemble,5,191,59.000003814697266,57.36442947387695
femto,1,frozen_encoder_ensemble,5,192,58.0,56.4346923828125
femto,1,frozen_encoder_ensemble,5,193,57.0,56.105979919433594
femto,1,frozen_encoder_ensemble,5,194,56.0,54.22452926635742
femto,1,frozen_encoder_ensemble,5,195,55.0,53.67980194091797
femto,1,frozen_encoder_ensemble,5,196,54.0,52.32352828979492
femto,1,frozen_encoder_ensemble,5,197,53.0,51.506431579589844
femto,1,frozen_encoder_ensemble,5,198,52.0,51.04674530029297
femto,1,frozen_encoder_ensemble,5,199,51.0,50.36280059814453
femto,1,frozen_encoder_ensemble,5,200,50.0,49.52716827392578
femto,1,frozen_encoder_ensemble,5,201,49.0,48.66304016113281
femto,1,frozen_encoder_ensemble,5,202,48.0,47.13301467895508
femto,1,frozen_encoder_ensemble,5,203,47.0,46.70710372924805
femto,1,frozen_encoder_ensemble,5,204,46.0,46.23558807373047
femto,1,frozen_encoder_ensemble,5,205,45.0,45.04790115356445
femto,1,frozen_encoder_ensemble,5,206,44.0,42.916481018066406
femto,1,frozen_encoder_ensemble,5,207,43.0,42.5172004699707
femto,1,frozen_encoder_ensemble,5,208,42.0,41.35142135620117
femto,1,frozen_encoder_ensemble,5,209,41.0,40.6951789855957
femto,1,frozen_encoder_ensemble,5,210,40.0,39.6367301940918
femto,1,frozen_encoder_ensemble,5,211,39.0,39.887245178222656
femto,1,frozen_encoder_ensemble,5,212,38.0,37.45862579345703
femto,1,frozen_encoder_ensemble,5,213,37.0,36.17179489135742
femto,1,frozen_encoder_ensemble,5,214,36.0,34.878013610839844
femto,1,frozen_encoder_ensemble,5,215,35.0,34.60309982299805
femto,1,frozen_encoder_ensemble,5,216,34.0,34.363243103027344
femto,1,frozen_encoder_ensemble,5,217,33.0,32.06745910644531
femto,1,frozen_encoder_ensemble,5,218,32.0,31.14011573791504
femto,1,frozen_encoder_ensemble,5,219,31.000001907348633,29.492746353149414
femto,1,frozen_encoder_ensemble,5,220,30.0,29.90908432006836
femto,1,frozen_encoder_ensemble,5,221,29.0,27.738012313842773
femto,1,frozen_encoder_ensemble,5,222,28.0,26.77793312072754
femto,1,frozen_encoder_ensemble,5,223,27.0,26.014612197875977
femto,1,frozen_encoder_ensemble,5,224,26.0,27.583105087280273
femto,1,frozen_encoder_ensemble,5,225,25.0,26.454681396484375
femto,1,frozen_encoder_ensemble,5,226,24.0,25.392597198486328
femto,1,frozen_encoder_ensemble,5,227,23.0,23.066423416137695
femto,1,frozen_encoder_ensemble,5,228,22.0,22.15164566040039
femto,1,frozen_encoder_ensemble,5,229,21.0,23.040430068969727
femto,1,frozen_encoder_ensemble,5,230,20.0,21.918777465820312
femto,1,frozen_encoder_ensemble,5,231,19.0,20.507938385009766
femto,1,frozen_encoder_ensemble,5,232,18.0,19.734678268432617
femto,1,frozen_encoder_ensemble,5,233,17.0,18.569766998291016
femto,1,frozen_encoder_ensemble,5,234,16.0,18.11785316467285
femto,1,frozen_encoder_ensemble,5,235,15.0,16.749996185302734
femto,1,frozen_encoder_ensemble,5,236,14.0,15.900262832641602
femto,1,frozen_encoder_ensemble,5,237,13.0,15.16241455078125
femto,1,frozen_encoder_ensemble,5,238,12.0,13.54333782196045
femto,1,frozen_encoder_ensemble,5,239,11.0,13.504514694213867
femto,1,frozen_encoder_ensemble,5,240,10.0,12.594586372375488
femto,1,frozen_encoder_ensemble,5,241,9.0,12.052594184875488
femto,1,frozen_encoder_ensemble,5,242,8.0,11.597936630249023
femto,1,frozen_encoder_ensemble,5,243,7.0,10.817776679992676
femto,1,frozen_encoder_ensemble,5,244,6.0,10.343795776367188
femto,1,frozen_encoder_ensemble,5,245,5.0,10.386587142944336
femto,1,frozen_encoder_ensemble,5,246,4.0,9.300901412963867
femto,1,frozen_encoder_ensemble,5,247,3.0,8.50507926940918
femto,1,frozen_encoder_ensemble,5,248,2.0,7.154665946960449
femto,1,frozen_encoder_ensemble,5,249,1.0,7.019597053527832
femto,1,frozen_encoder_ensemble,5,250,0.0,6.878308296203613
femto,1,frozen_encoder_ensemble,5,251,0.0,5.75455904006958
femto,1,frozen_encoder_ensemble,5,252,0.0,5.5340142250061035
femto,1,frozen_encoder_ensemble,5,253,0.0,5.072963714599609
femto,1,frozen_encoder_ensemble,5,254,0.0,4.3894124031066895
femto,1,frozen_encoder_ensemble,5,255,0.0,3.2946555614471436
femto,1,frozen_encoder_ensemble,5,256,0.0,2.7581589221954346
femto,1,frozen_encoder_ensemble,5,257,0.0,1.809796690940857
femto,1,frozen_encoder_ensemble,5,258,0.0,1.3444740772247314
femto,1,frozen_encoder_ensemble,5,259,0.0,0.4232862591743469
femto,1,frozen_encoder_ensemble,5,260,0.0,0.3305831551551819
femto,1,frozen_encoder_ensemble,5,261,0.0,-0.14753562211990356
femto,1,frozen_encoder_ensemble,5,262,0.0,-0.8863384127616882
femto,1,frozen_encoder_ensemble,5,263,0.0,-0.39198851585388184
femto,1,frozen_encoder_ensemble,5,264,0.0,-0.9424787759780884
femto,1,frozen_encoder_ensemble,5,265,0.0,-1.3516476154327393
femto,1,frozen_encoder_ensemble,5,266,0.0,-1.2793837785720825
femto,1,frozen_encoder_ensemble,5,267,0.0,-0.9472951889038086
femto,1,frozen_encoder_ensemble,5,268,0.0,-1.5261300802230835
femto,1,frozen_encoder_ensemble,5,269,0.0,-1.949234962463379
femto,1,frozen_encoder_ensemble,5,270,0.0,-2.1088757514953613
femto,1,frozen_encoder_ensemble,5,271,0.0,-2.4645259380340576
femto,1,frozen_encoder_ensemble,5,272,0.0,-2.1955337524414062
femto,1,frozen_encoder_ensemble,5,273,0.0,-2.0933921337127686
femto,1,frozen_encoder_ensemble,5,274,0.0,-2.1384849548339844
femto,1,frozen_encoder_ensemble,5,275,0.0,-2.291325092315674
femto,1,frozen_encoder_ensemble,5,276,0.0,-2.15236496925354
femto,1,frozen_encoder_ensemble,5,277,0.0,-1.8479160070419312
femto,1,frozen_encoder_ensemble,5,278,0.0,-1.8502212762832642
femto,1,frozen_encoder_ensemble,5,279,0.0,-1.6819040775299072
femto,1,frozen_encoder_ensemble,5,280,0.0,-1.500131368637085
femto,1,frozen_encoder_ensemble,5,281,0.0,-1.2138465642929077
femto,1,frozen_encoder_ensemble,5,282,0.0,-0.8768739700317383
femto,1,frozen_encoder_ensemble,5,283,0.0,-0.37742501497268677
femto,1,frozen_encoder_ensemble,5,284,0.0,0.12692680954933167
femto,1,frozen_encoder_ensemble,5,285,0.0,0.7109273672103882
femto,1,frozen_encoder_ensemble,5,286,0.0,1.095636248588562
femto,1,frozen_encoder_ensemble,5,287,0.0,1.4517536163330078
femto,1,frozen_encoder_ensemble,5,288,0.0,2.1369502544403076
femto,1,frozen_encoder_ensemble,5,289,0.0,2.9107842445373535
femto,1,frozen_encoder_ensemble,5,290,0.0,3.5676372051239014
femto,1,frozen_encoder_ensemble,5,291,0.0,4.409777641296387
femto,1,frozen_encoder_ensemble,5,292,0.0,5.0720534324646
femto,1,frozen_encoder_ensemble,5,293,0.0,5.892188549041748
femto,1,frozen_encoder_ensemble,5,294,0.0,6.717301845550537
femto,1,frozen_encoder_ensemble,5,295,0.0,7.471950531005859
femto,1,frozen_encoder_ensemble,5,296,0.0,8.202022552490234
femto,1,frozen_encoder_ensemble,5,297,0.0,8.84354019165039
femto,1,frozen_encoder_ensemble,5,298,0.0,9.534607887268066
femto,1,frozen_encoder_ensemble,5,299,0.0,10.026174545288086
femto,1,scratch_ensemble,5,19,231.0,216.36978149414062
femto,1,scratch_ensemble,5,20,230.0,215.57449340820312
femto,1,scratch_ensemble,5,21,229.0,215.4097442626953
femto,1,scratch_ensemble,5,22,228.0,215.6380615234375
femto,1,scratch_ensemble,5,23,227.0,216.1759033203125
femto,1,scratch_ensemble,5,24,226.0,216.19332885742188
femto,1,scratch_ensemble,5,25,225.0,215.66860961914062
femto,1,scratch_ensemble,5,26,224.0,215.18777465820312
femto,1,scratch_ensemble,5,27,223.0,215.3569793701172
femto,1,scratch_ensemble,5,28,222.0,215.4873046875
femto,1,scratch_ensemble,5,29,221.0,215.58267211914062
femto,1,scratch_ensemble,5,30,220.0,215.2080535888672
femto,1,scratch_ensemble,5,31,219.0,215.31680297851562
femto,1,scratch_ensemble,5,32,218.0,215.30789184570312
femto,1,scratch_ensemble,5,33,217.0,213.9510955810547
femto,1,scratch_ensemble,5,34,216.0,213.6689910888672
femto,1,scratch_ensemble,5,35,215.0,211.3186798095703
femto,1,scratch_ensemble,5,36,214.0,211.3983917236328
femto,1,scratch_ensemble,5,37,213.0,212.2998504638672
femto,1,scratch_ensemble,5,38,212.0,212.66372680664062
femto,1,scratch_ensemble,5,39,211.0,212.012451171875
femto,1,scratch_ensemble,5,40,210.0,212.14572143554688
femto,1,scratch_ensemble,5,41,209.0,212.7799530029297
femto,1,scratch_ensemble,5,42,208.0,212.70767211914062
femto,1,scratch_ensemble,5,43,207.0,211.90719604492188
femto,1,scratch_ensemble,5,44,206.0,211.41336059570312
femto,1,scratch_ensemble,5,45,205.0,211.38525390625
femto,1,scratch_ensemble,5,46,204.0,209.8709716796875
femto,1,scratch_ensemble,5,47,203.0,210.8338623046875
femto,1,scratch_ensemble,5,48,202.0,210.3095703125
femto,1,scratch_ensemble,5,49,201.0,208.5350341796875
femto,1,scratch_ensemble,5,50,200.0,208.9110870361328
femto,1,scratch_ensemble,5,51,199.0,209.87033081054688
femto,1,scratch_ensemble,5,52,198.0,206.5114288330078
femto,1,scratch_ensemble,5,53,197.0,206.87045288085938
femto,1,scratch_ensemble,5,54,196.0,207.8247528076172
femto,1,scratch_ensemble,5,55,195.0,208.8431854248047
femto,1,scratch_ensemble,5,56,194.0,208.3843994140625
femto,1,scratch_ensemble,5,57,193.0,207.939697265625
femto,1,scratch_ensemble,5,58,192.0,206.72976684570312
femto,1,scratch_ensemble,5,59,191.0,204.44557189941406
femto,1,scratch_ensemble,5,60,190.0,205.29379272460938
femto,1,scratch_ensemble,5,61,189.0,206.5131378173828
femto,1,scratch_ensemble,5,62,188.0,206.70431518554688
femto,1,scratch_ensemble,5,63,187.0,206.9185333251953
femto,1,scratch_ensemble,5,64,186.0,205.8787841796875
femto,1,scratch_ensemble,5,65,185.0,205.30288696289062
femto,1,scratch_ensemble,5,66,184.0,205.6183319091797
femto,1,scratch_ensemble,5,67,183.0,202.54888916015625
femto,1,scratch_ensemble,5,68,182.0,202.48663330078125
femto,1,scratch_ensemble,5,69,181.0,203.2628631591797
femto,1,scratch_ensemble,5,70,180.0,200.6921844482422
femto,1,scratch_ensemble,5,71,179.0,202.42803955078125
femto,1,scratch_ensemble,5,72,178.0,200.794677734375
femto,1,scratch_ensemble,5,73,177.0,200.35208129882812
femto,1,scratch_ensemble,5,74,176.0,201.45736694335938
femto,1,scratch_ensemble,5,75,175.0,197.85379028320312
femto,1,scratch_ensemble,5,76,174.0,199.3162841796875
femto,1,scratch_ensemble,5,77,173.0,199.3344268798828
femto,1,scratch_ensemble,5,78,172.0,199.06602478027344
femto,1,scratch_ensemble,5,79,171.0,198.97483825683594
femto,1,scratch_ensemble,5,80,170.0,197.1865692138672
femto,1,scratch_ensemble,5,81,169.0,196.60629272460938
femto,1,scratch_ensemble,5,82,168.0,197.4230194091797
femto,1,scratch_ensemble,5,83,167.0,194.80490112304688
femto,1,scratch_ensemble,5,84,166.0,195.04751586914062
femto,1,scratch_ensemble,5,85,165.0,193.3765411376953
femto,1,scratch_ensemble,5,86,164.0,190.67454528808594
femto,1,scratch_ensemble,5,87,163.0,188.26898193359375
femto,1,scratch_ensemble,5,88,162.0,189.99154663085938
femto,1,scratch_ensemble,5,89,161.0,190.294189453125
femto,1,scratch_ensemble,5,90,160.0,190.65182495117188
femto,1,scratch_ensemble,5,91,159.0,191.89932250976562
femto,1,scratch_ensemble,5,92,158.0,188.84486389160156
femto,1,scratch_ensemble,5,93,157.0,187.4290008544922
femto,1,scratch_ensemble,5,94,156.0,188.90902709960938
femto,1,scratch_ensemble,5,95,155.0,186.9893035888672
femto,1,scratch_ensemble,5,96,154.0,183.6326904296875
femto,1,scratch_ensemble,5,97,153.0,182.7200164794922
femto,1,scratch_ensemble,5,98,152.0,182.16043090820312
femto,1,scratch_ensemble,5,99,151.0,182.9904327392578
femto,1,scratch_ensemble,5,100,150.0,183.06285095214844
femto,1,scratch_ensemble,5,101,149.0,182.47714233398438
femto,1,scratch_ensemble,5,102,148.0,178.4017333984375
femto,1,scratch_ensemble,5,103,147.0,176.8561248779297
femto,1,scratch_ensemble,5,104,146.0,173.8766632080078
femto,1,scratch_ensemble,5,105,145.0,170.47073364257812
femto,1,scratch_ensemble,5,106,144.0,172.0784912109375
femto,1,scratch_ensemble,5,107,143.0,168.33934020996094
femto,1,scratch_ensemble,5,108,142.0,164.53884887695312
femto,1,scratch_ensemble,5,109,141.0,162.16690063476562
femto,1,scratch_ensemble,5,110,140.0,164.70449829101562
femto,1,scratch_ensemble,5,111,139.0,168.15017700195312
femto,1,scratch_ensemble,5,112,138.0,169.64369201660156
femto,1,scratch_ensemble,5,113,137.0,167.62948608398438
femto,1,scratch_ensemble,5,114,136.0,157.42916870117188
femto,1,scratch_ensemble,5,115,135.0,158.00872802734375
femto,1,scratch_ensemble,5,116,134.0,157.5322723388672
femto,1,scratch_ensemble,5,117,133.0,153.19210815429688
femto,1,scratch_ensemble,5,118,132.0,153.90286254882812
femto,1,scratch_ensemble,5,119,131.0,151.6319580078125
femto,1,scratch_ensemble,5,120,130.0,146.86399841308594
femto,1,scratch_ensemble,5,121,129.0,147.94766235351562
femto,1,scratch_ensemble,5,122,128.0,148.2585906982422
femto,1,scratch_ensemble,5,123,127.00000762939453,150.21194458007812
femto,1,scratch_ensemble,5,124,126.0,143.1498565673828
femto,1,scratch_ensemble,5,125,125.0,141.89578247070312
femto,1,scratch_ensemble,5,126,124.00000762939453,142.74668884277344
femto,1,scratch_ensemble,5,127,123.0,140.013916015625
femto,1,scratch_ensemble,5,128,122.0,134.62060546875
femto,1,scratch_ensemble,5,129,121.00000762939453,134.52609252929688
femto,1,scratch_ensemble,5,130,120.0,134.94125366210938
femto,1,scratch_ensemble,5,131,119.0,132.96751403808594
femto,1,scratch_ensemble,5,132,118.00000762939453,125.41090393066406
femto,1,scratch_ensemble,5,133,117.0,123.73735046386719
femto,1,scratch_ensemble,5,134,116.0,123.95870208740234
femto,1,scratch_ensemble,5,135,115.0,123.29032897949219
femto,1,scratch_ensemble,5,136,114.0,121.84675598144531
femto,1,scratch_ensemble,5,137,113.0,118.58427429199219
femto,1,scratch_ensemble,5,138,112.0,113.27201843261719
femto,1,scratch_ensemble,5,139,111.0,116.28913879394531
femto,1,scratch_ensemble,5,140,110.0,112.87730407714844
femto,1,scratch_ensemble,5,141,109.0,116.56427001953125
femto,1,scratch_ensemble,5,142,108.0,117.54217529296875
femto,1,scratch_ensemble,5,143,107.0,109.47835540771484
femto,1,scratch_ensemble,5,144,106.0,109.788818359375
femto,1,scratch_ensemble,5,145,105.0,109.8680191040039
femto,1,scratch_ensemble,5,146,104.0,108.22676086425781
femto,1,scratch_ensemble,5,147,103.0,110.41429138183594
femto,1,scratch_ensemble,5,148,102.0,110.42890930175781
femto,1,scratch_ensemble,5,149,101.0,110.43635559082031
femto,1,scratch_ensemble,5,150,100.0,108.09928131103516
femto,1,scratch_ensemble,5,151,99.0,105.50498962402344
femto,1,scratch_ensemble,5,152,98.0,103.8624267578125
femto,1,scratch_ensemble,5,153,97.0,102.30978393554688
femto,1,scratch_ensemble,5,154,96.0,100.02717590332031
femto,1,scratch_ensemble,5,155,95.0,100.26229095458984
femto,1,scratch_ensemble,5,156,94.0,98.9674301147461
femto,1,scratch_ensemble,5,157,93.0,97.45588684082031
femto,1,scratch_ensemble,5,158,92.0,95.8428955078125
femto,1,scratch_ensemble,5,159,91.0,94.86335754394531
femto,1,scratch_ensemble,5,160,90.0,94.59220886230469
femto,1,scratch_ensemble,5,161,89.0,93.1032485961914
femto,1,scratch_ensemble,5,162,88.0,92.64109802246094
femto,1,scratch_ensemble,5,163,87.0,92.08135223388672
femto,1,scratch_ensemble,5,164,86.0,92.37149810791016
femto,1,scratch_ensemble,5,165,85.0,90.74032592773438
femto,1,scratch_ensemble,5,166,84.0,91.13475036621094
femto,1,scratch_ensemble,5,167,83.0,89.56173706054688
femto,1,scratch_ensemble,5,168,82.0,88.72947692871094
femto,1,scratch_ensemble,5,169,81.0,87.57746887207031
femto,1,scratch_ensemble,5,170,80.0,86.10203552246094
femto,1,scratch_ensemble,5,171,79.0,85.99021911621094
femto,1,scratch_ensemble,5,172,78.0,85.2447509765625
femto,1,scratch_ensemble,5,173,77.0,82.73045349121094
femto,1,scratch_ensemble,5,174,76.0,82.29869842529297
femto,1,scratch_ensemble,5,175,75.0,81.56075286865234
femto,1,scratch_ensemble,5,176,74.0,81.25601959228516
femto,1,scratch_ensemble,5,177,73.0,80.56568908691406
femto,1,scratch_ensemble,5,178,72.0,79.42086029052734
femto,1,scratch_ensemble,5,179,71.0,79.0197982788086
femto,1,scratch_ensemble,5,180,70.0,78.22468566894531
femto,1,scratch_ensemble,5,181,69.0,77.42369079589844
femto,1,scratch_ensemble,5,182,68.0,76.10111999511719
femto,1,scratch_ensemble,5,183,67.0,75.25730895996094
femto,1,scratch_ensemble,5,184,66.0,74.7043685913086
femto,1,scratch_ensemble,5,185,65.0,73.47105407714844
femto,1,scratch_ensemble,5,186,64.0,71.98638153076172
femto,1,scratch_ensemble,5,187,63.0,71.12889099121094
femto,1,scratch_ensemble,5,188,62.000003814697266,70.37761688232422
femto,1,scratch_ensemble,5,189,61.0,68.57786560058594
femto,1,scratch_ensemble,5,190,60.0,68.68196105957031
femto,1,scratch_ensemble,5,191,59.000003814697266,66.75770568847656
femto,1,scratch_ensemble,5,192,58.0,65.89656829833984
femto,1,scratch_ensemble,5,193,57.0,65.61139678955078
femto,1,scratch_ensemble,5,194,56.0,63.23087692260742
femto,1,scratch_ensemble,5,195,55.0,62.674156188964844
femto,1,scratch_ensemble,5,196,54.0,60.650054931640625
femto,1,scratch_ensemble,5,197,53.0,60.278175354003906
femto,1,scratch_ensemble,5,198,52.0,59.4360466003418
femto,1,scratch_ensemble,5,199,51.0,58.428619384765625
femto,1,scratch_ensemble,5,200,50.0,57.398765563964844
femto,1,scratch_ensemble,5,201,49.0,57.06525421142578
femto,1,scratch_ensemble,5,202,48.0,55.169639587402344
femto,1,scratch_ensemble,5,203,47.0,54.743019104003906
femto,1,scratch_ensemble,5,204,46.0,54.49546432495117
femto,1,scratch_ensemble,5,205,45.0,52.9239616394043
femto,1,scratch_ensemble,5,206,44.0,50.871673583984375
femto,1,scratch_ensemble,5,207,43.0,49.93518829345703
femto,1,scratch_ensemble,5,208,42.0,48.33335494995117
femto,1,scratch_ensemble,5,209,41.0,47.662864685058594
femto,1,scratch_ensemble,5,210,40.0,46.544166564941406
femto,1,scratch_ensemble,5,211,39.0,46.96067428588867
femto,1,scratch_ensemble,5,212,38.0,44.245689392089844
femto,1,scratch_ensemble,5,213,37.0,42.7930793762207
femto,1,scratch_ensemble,5,214,36.0,41.243980407714844
femto,1,scratch_ensemble,5,215,35.0,40.88554763793945
femto,1,scratch_ensemble,5,216,34.0,40.53896713256836
femto,1,scratch_ensemble,5,217,33.0,38.199832916259766
femto,1,scratch_ensemble,5,218,32.0,37.17369842529297
femto,1,scratch_ensemble,5,219,31.000001907348633,34.996891021728516
femto,1,scratch_ensemble,5,220,30.0,35.30937194824219
femto,1,scratch_ensemble,5,221,29.0,33.37349319458008
femto,1,scratch_ensemble,5,222,28.0,32.098106384277344
femto,1,scratch_ensemble,5,223,27.0,31.319849014282227
femto,1,scratch_ensemble,5,224,26.0,32.698829650878906
femto,1,scratch_ensemble,5,225,25.0,31.6229190826416
femto,1,scratch_ensemble,5,226,24.0,30.829059600830078
femto,1,scratch_ensemble,5,227,23.0,28.456832885742188
femto,1,scratch_ensemble,5,228,22.0,27.402385711669922
femto,1,scratch_ensemble,5,229,21.0,28.395660400390625
femto,1,scratch_ensemble,5,230,20.0,27.25323486328125
femto,1,scratch_ensemble,5,231,19.0,25.853872299194336
femto,1,scratch_ensemble,5,232,18.0,24.97609519958496
femto,1,scratch_ensemble,5,233,17.0,23.95294761657715
femto,1,scratch_ensemble,5,234,16.0,23.47563934326172
femto,1,scratch_ensemble,5,235,15.0,22.039119720458984
femto,1,scratch_ensemble,5,236,14.0,21.040090560913086
femto,1,scratch_ensemble,5,237,13.0,20.320430755615234
femto,1,scratch_ensemble,5,238,12.0,18.951717376708984
femto,1,scratch_ensemble,5,239,11.0,18.56793785095215
femto,1,scratch_ensemble,5,240,10.0,17.756519317626953
femto,1,scratch_ensemble,5,241,9.0,17.171091079711914
femto,1,scratch_ensemble,5,242,8.0,16.683696746826172
femto,1,scratch_ensemble,5,243,7.0,15.830755233764648
femto,1,scratch_ensemble,5,244,6.0,15.35082721710205
femto,1,scratch_ensemble,5,245,5.0,15.389123916625977
femto,1,scratch_ensemble,5,246,4.0,14.548747062683105
femto,1,scratch_ensemble,5,247,3.0,13.780387878417969
femto,1,scratch_ensemble,5,248,2.0,12.423599243164062
femto,1,scratch_ensemble,5,249,1.0,12.060004234313965
femto,1,scratch_ensemble,5,250,0.0,11.764729499816895
femto,1,scratch_ensemble,5,251,0.0,10.79399299621582
femto,1,scratch_ensemble,5,252,0.0,10.463014602661133
femto,1,scratch_ensemble,5,253,0.0,9.827718734741211
femto,1,scratch_ensemble,5,254,0.0,9.1671724319458
femto,1,scratch_ensemble,5,255,0.0,7.994320869445801
femto,1,scratch_ensemble,5,256,0.0,7.573869228363037
femto,1,scratch_ensemble,5,257,0.0,6.412756443023682
femto,1,scratch_ensemble,5,258,0.0,5.96795129776001
femto,1,scratch_ensemble,5,259,0.0,5.047794342041016
femto,1,scratch_ensemble,5,260,0.0,4.775303840637207
femto,1,scratch_ensemble,5,261,0.0,4.23359489440918
femto,1,scratch_ensemble,5,262,0.0,3.5942370891571045
femto,1,scratch_ensemble,5,263,0.0,3.7763009071350098
femto,1,scratch_ensemble,5,264,0.0,3.405900239944458
femto,1,scratch_ensemble,5,265,0.0,2.864274263381958
femto,1,scratch_ensemble,5,266,0.0,2.67393159866333
femto,1,scratch_ensemble,5,267,0.0,3.109184503555298
femto,1,scratch_ensemble,5,268,0.0,2.4209632873535156
femto,1,scratch_ensemble,5,269,0.0,2.0906503200531006
femto,1,scratch_ensemble,5,270,0.0,1.7978538274765015
femto,1,scratch_ensemble,5,271,0.0,1.5197027921676636
femto,1,scratch_ensemble,5,272,0.0,1.53778874874115
femto,1,scratch_ensemble,5,273,0.0,1.6446659564971924
femto,1,scratch_ensemble,5,274,0.0,1.5502232313156128
femto,1,scratch_ensemble,5,275,0.0,1.3453495502471924
femto,1,scratch_ensemble,5,276,0.0,1.3344310522079468
femto,1,scratch_ensemble,5,277,0.0,1.5011221170425415
femto,1,scratch_ensemble,5,278,0.0,1.5435703992843628
femto,1,scratch_ensemble,5,279,0.0,1.6064374446868896
femto,1,scratch_ensemble,5,280,0.0,1.6873308420181274
femto,1,scratch_ensemble,5,281,0.0,1.9615886211395264
femto,1,scratch_ensemble,5,282,0.0,2.21170711517334
femto,1,scratch_ensemble,5,283,0.0,2.4443812370300293
femto,1,scratch_ensemble,5,284,0.0,2.7128243446350098
femto,1,scratch_ensemble,5,285,0.0,3.278916835784912
femto,1,scratch_ensemble,5,286,0.0,3.5216128826141357
femto,1,scratch_ensemble,5,287,0.0,3.881368637084961
femto,1,scratch_ensemble,5,288,0.0,4.314522743225098
femto,1,scratch_ensemble,5,289,0.0,4.699031829833984
femto,1,scratch_ensemble,5,290,0.0,5.088788032531738
femto,1,scratch_ensemble,5,291,0.0,5.741154670715332
femto,1,scratch_ensemble,5,292,0.0,6.2059149742126465
femto,1,scratch_ensemble,5,293,0.0,6.782235622406006
femto,1,scratch_ensemble,5,294,0.0,7.561229705810547
femto,1,scratch_ensemble,5,295,0.0,8.003694534301758
femto,1,scratch_ensemble,5,296,0.0,8.52944278717041
femto,1,scratch_ensemble,5,297,0.0,9.012914657592773
femto,1,scratch_ensemble,5,298,0.0,9.53699016571045
femto,1,scratch_ensemble,5,299,0.0,10.110174179077148
femto,1,ridge_ensemble,5,19,231.0,248.56973266601562
femto,1,ridge_ensemble,5,20,230.0,247.4935302734375
femto,1,ridge_ensemble,5,21,229.0,246.41799926757812
femto,1,ridge_ensemble,5,22,228.0,245.3425750732422
femto,1,ridge_ensemble,5,23,227.0,244.2667999267578
femto,1,ridge_ensemble,5,24,226.0,243.19110107421875
femto,1,ridge_ensemble,5,25,225.0,242.11558532714844
femto,1,ridge_ensemble,5,26,224.0,241.03981018066406
femto,1,ridge_ensemble,5,27,223.0,239.96389770507812
femto,1,ridge_ensemble,5,28,222.0,238.88819885253906
femto,1,ridge_ensemble,5,29,221.0,237.81292724609375
femto,1,ridge_ensemble,5,30,220.0,236.73731994628906
femto,1,ridge_ensemble,5,31,219.0,235.66136169433594
femto,1,ridge_ensemble,5,32,218.0,234.58575439453125
femto,1,ridge_ensemble,5,33,217.0,233.50978088378906
femto,1,ridge_ensemble,5,34,216.0,232.4341278076172
femto,1,ridge_ensemble,5,35,215.0,231.35890197753906
femto,1,ridge_ensemble,5,36,214.0,230.28314208984375
femto,1,ridge_ensemble,5,37,213.0,229.20758056640625
femto,1,ridge_ensemble,5,38,212.0,228.1315460205078
femto,1,ridge_ensemble,5,39,211.0,227.05633544921875
femto,1,ridge_ensemble,5,40,210.0,225.98046875
femto,1,ridge_ensemble,5,41,209.0,224.9049530029297
femto,1,ridge_ensemble,5,42,208.0,223.8292694091797
femto,1,ridge_ensemble,5,43,207.0,222.7535400390625
femto,1,ridge_ensemble,5,44,206.0,221.67808532714844
femto,1,ridge_ensemble,5,45,205.0,220.60189819335938
femto,1,ridge_ensemble,5,46,204.0,219.5266571044922
femto,1,ridge_ensemble,5,47,203.0,218.45126342773438
femto,1,ridge_ensemble,5,48,202.0,217.3748016357422
femto,1,ridge_ensemble,5,49,201.0,216.29946899414062
femto,1,ridge_ensemble,5,50,200.0,215.22412109375
femto,1,ridge_ensemble,5,51,199.0,214.1481170654297
femto,1,ridge_ensemble,5,52,198.0,213.07247924804688
femto,1,ridge_ensemble,5,53,197.0,211.99693298339844
femto,1,ridge_ensemble,5,54,196.0,210.92137145996094
femto,1,ridge_ensemble,5,55,195.0,209.84535217285156
femto,1,ridge_ensemble,5,56,194.0,208.76991271972656
femto,1,ridge_ensemble,5,57,193.0,207.69435119628906
femto,1,ridge_ensemble,5,58,192.0,206.61846923828125
femto,1,ridge_ensemble,5,59,191.0,205.5431671142578
femto,1,ridge_ensemble,5,60,190.0,204.46719360351562
femto,1,ridge_ensemble,5,61,189.0,203.39149475097656
femto,1,ridge_ensemble,5,62,188.0,202.31578063964844
femto,1,ridge_ensemble,5,63,187.0,201.24046325683594
femto,1,ridge_ensemble,5,64,186.0,200.1647491455078
femto,1,ridge_ensemble,5,65,185.0,199.08917236328125
femto,1,ridge_ensemble,5,66,184.0,198.01333618164062
femto,1,ridge_ensemble,5,67,183.0,196.93783569335938
femto,1,ridge_ensemble,5,68,182.0,195.8623046875
femto,1,ridge_ensemble,5,69,181.0,194.7864532470703
femto,1,ridge_ensemble,5,70,180.0,193.71087646484375
femto,1,ridge_ensemble,5,71,179.0,192.63525390625
femto,1,ridge_ensemble,5,72,178.0,191.55958557128906
femto,1,ridge_ensemble,5,73,177.0,190.4837188720703
femto,1,ridge_ensemble,5,74,176.0,189.40817260742188
femto,1,ridge_ensemble,5,75,175.0,188.33287048339844
femto,1,ridge_ensemble,5,76,174.0,187.25694274902344
femto,1,ridge_ensemble,5,77,173.0,186.1810302734375
femto,1,ridge_ensemble,5,78,172.0,185.10560607910156
femto,1,ridge_ensemble,5,79,171.0,184.0298309326172
femto,1,ridge_ensemble,5,80,170.0,182.954345703125
femto,1,ridge_ensemble,5,81,169.0,181.87852478027344
femto,1,ridge_ensemble,5,82,168.0,180.802978515625
femto,1,ridge_ensemble,5,83,167.0,179.72703552246094
femto,1,ridge_ensemble,5,84,166.0,178.6517333984375
femto,1,ridge_ensemble,5,85,165.0,177.57603454589844
femto,1,ridge_ensemble,5,86,164.0,176.50054931640625
femto,1,ridge_ensemble,5,87,163.0,175.42483520507812
femto,1,ridge_ensemble,5,88,162.0,174.34921264648438
femto,1,ridge_ensemble,5,89,161.0,173.2733154296875
femto,1,ridge_ensemble,5,90,160.0,172.19776916503906
femto,1,ridge_ensemble,5,91,159.0,171.12176513671875
femto,1,ridge_ensemble,5,92,158.0,170.04647827148438
femto,1,ridge_ensemble,5,93,157.0,168.97071838378906
femto,1,ridge_ensemble,5,94,156.0,167.89532470703125
femto,1,ridge_ensemble,5,95,155.0,166.81932067871094
femto,1,ridge_ensemble,5,96,154.0,165.7438201904297
femto,1,ridge_ensemble,5,97,153.0,164.66822814941406
femto,1,ridge_ensemble,5,98,152.0,163.5923309326172
femto,1,ridge_ensemble,5,99,151.0,162.51687622070312
femto,1,ridge_ensemble,5,100,150.0,161.44134521484375
femto,1,ridge_ensemble,5,101,149.0,160.3651123046875
femto,1,ridge_ensemble,5,102,148.0,159.2898712158203
femto,1,ridge_ensemble,5,103,147.0,158.2139434814453
femto,1,ridge_ensemble,5,104,146.0,157.13861083984375
femto,1,ridge_ensemble,5,105,145.0,156.0626220703125
femto,1,ridge_ensemble,5,106,144.0,154.98721313476562
femto,1,ridge_ensemble,5,107,143.0,153.9114227294922
femto,1,ridge_ensemble,5,108,142.0,152.8356475830078
femto,1,ridge_ensemble,5,109,141.0,151.76043701171875
femto,1,ridge_ensemble,5,110,140.0,150.68458557128906
femto,1,ridge_ensemble,5,111,139.0,149.60882568359375
femto,1,ridge_ensemble,5,112,138.0,148.5336151123047
femto,1,ridge_ensemble,5,113,137.0,147.4573516845703
femto,1,ridge_ensemble,5,114,136.0,146.3819122314453
femto,1,ridge_ensemble,5,115,135.0,145.30670166015625
femto,1,ridge_ensemble,5,116,134.0,144.23074340820312
femto,1,ridge_ensemble,5,117,133.0,143.15509033203125
femto,1,ridge_ensemble,5,118,132.0,142.0794677734375
femto,1,ridge_ensemble,5,119,131.0,141.00369262695312
femto,1,ridge_ensemble,5,120,130.0,139.92813110351562
femto,1,ridge_ensemble,5,121,129.0,138.85244750976562
femto,1,ridge_ensemble,5,122,128.0,137.77671813964844
femto,1,ridge_ensemble,5,123,127.00000762939453,136.7009735107422
femto,1,ridge_ensemble,5,124,126.0,135.62570190429688
femto,1,ridge_ensemble,5,125,125.0,134.54931640625
femto,1,ridge_ensemble,5,126,124.00000762939453,133.47438049316406
femto,1,ridge_ensemble,5,127,123.0,132.39852905273438
femto,1,ridge_ensemble,5,128,122.0,131.3223876953125
femto,1,ridge_ensemble,5,129,121.00000762939453,130.2471160888672
femto,1,ridge_ensemble,5,130,120.0,129.1715545654297
femto,1,ridge_ensemble,5,131,119.0,128.09535217285156
femto,1,ridge_ensemble,5,132,118.00000762939453,127.02001953125
femto,1,ridge_ensemble,5,133,117.0,125.94481658935547
femto,1,ridge_ensemble,5,134,116.0,124.86894989013672
femto,1,ridge_ensemble,5,135,115.0,123.79338836669922
femto,1,ridge_ensemble,5,136,114.0,122.7177734375
femto,1,ridge_ensemble,5,137,113.0,121.64203643798828
femto,1,ridge_ensemble,5,138,112.0,120.56588745117188
femto,1,ridge_ensemble,5,139,111.0,119.4906005859375
femto,1,ridge_ensemble,5,140,110.0,118.41514587402344
femto,1,ridge_ensemble,5,141,109.0,117.3392105102539
femto,1,ridge_ensemble,5,142,108.0,116.26353454589844
femto,1,ridge_ensemble,5,143,107.0,115.18763732910156
femto,1,ridge_ensemble,5,144,106.0,114.1127700805664
femto,1,ridge_ensemble,5,145,105.0,113.03630828857422
femto,1,ridge_ensemble,5,146,104.0,111.96074676513672
femto,1,ridge_ensemble,5,147,103.0,110.88553619384766
femto,1,ridge_ensemble,5,148,102.0,109.80976867675781
femto,1,ridge_ensemble,5,149,101.0,108.73445129394531
femto,1,ridge_ensemble,5,150,100.0,107.65808868408203
femto,1,ridge_ensemble,5,151,99.0,106.58251190185547
femto,1,ridge_ensemble,5,152,98.0,105.50712585449219
femto,1,ridge_ensemble,5,153,97.0,104.43120574951172
femto,1,ridge_ensemble,5,154,96.0,103.3559341430664
femto,1,ridge_ensemble,5,155,95.0,102.2803955078125
femto,1,ridge_ensemble,5,156,94.0,101.20428466796875
femto,1,ridge_ensemble,5,157,93.0,100.12865447998047
femto,1,ridge_ensemble,5,158,92.0,99.0529556274414
femto,1,ridge_ensemble,5,159,91.0,97.97724914550781
femto,1,ridge_ensemble,5,160,90.0,96.90140533447266
femto,1,ridge_ensemble,5,161,89.0,95.82600402832031
femto,1,ridge_ensemble,5,162,88.0,94.75001525878906
femto,1,ridge_ensemble,5,163,87.0,93.6748046875
femto,1,ridge_ensemble,5,164,86.0,92.5988540649414
femto,1,ridge_ensemble,5,165,85.0,91.52262878417969
femto,1,ridge_ensemble,5,166,84.0,90.44751739501953
femto,1,ridge_ensemble,5,167,83.0,89.37177276611328
femto,1,ridge_ensemble,5,168,82.0,88.2965087890625
femto,1,ridge_ensemble,5,169,81.0,87.220458984375
femto,1,ridge_ensemble,5,170,80.0,86.14513397216797
femto,1,ridge_ensemble,5,171,79.0,85.06895446777344
femto,1,ridge_ensemble,5,172,78.0,83.99359893798828
femto,1,ridge_ensemble,5,173,77.0,82.91815185546875
femto,1,ridge_ensemble,5,174,76.0,81.8432388305664
femto,1,ridge_ensemble,5,175,75.0,80.76809692382812
femto,1,ridge_ensemble,5,176,74.0,79.69282531738281
femto,1,ridge_ensemble,5,177,73.0,78.61714935302734
femto,1,ridge_ensemble,5,178,72.0,77.5412368774414
femto,1,ridge_ensemble,5,179,71.0,76.46492004394531
femto,1,ridge_ensemble,5,180,70.0,75.3895492553711
femto,1,ridge_ensemble,5,181,69.0,74.31295776367188
femto,1,ridge_ensemble,5,182,68.0,73.2378158569336
femto,1,ridge_ensemble,5,183,67.0,72.16210174560547
femto,1,ridge_ensemble,5,184,66.0,71.08685302734375
femto,1,ridge_ensemble,5,185,65.0,70.01146697998047
femto,1,ridge_ensemble,5,186,64.0,68.93684387207031
femto,1,ridge_ensemble,5,187,63.0,67.86004638671875
femto,1,ridge_ensemble,5,188,62.000003814697266,66.78453063964844
femto,1,ridge_ensemble,5,189,61.0,65.70933532714844
femto,1,ridge_ensemble,5,190,60.0,64.6324462890625
femto,1,ridge_ensemble,5,191,59.000003814697266,63.557456970214844
femto,1,ridge_ensemble,5,192,58.0,62.481727600097656
femto,1,ridge_ensemble,5,193,57.0,61.406394958496094
femto,1,ridge_ensemble,5,194,56.0,60.33122253417969
femto,1,ridge_ensemble,5,195,55.0,59.254337310791016
femto,1,ridge_ensemble,5,196,54.0,58.1788444519043
femto,1,ridge_ensemble,5,197,53.0,57.10319900512695
femto,1,ridge_ensemble,5,198,52.0,56.02781295776367
femto,1,ridge_ensemble,5,199,51.0,54.95247268676758
femto,1,ridge_ensemble,5,200,50.0,53.87680435180664
femto,1,ridge_ensemble,5,201,49.0,52.80059051513672
femto,1,ridge_ensemble,5,202,48.0,51.72514343261719
femto,1,ridge_ensemble,5,203,47.0,50.64939498901367
femto,1,ridge_ensemble,5,204,46.0,49.572818756103516
femto,1,ridge_ensemble,5,205,45.0,48.49716567993164
femto,1,ridge_ensemble,5,206,44.0,47.42173385620117
femto,1,ridge_ensemble,5,207,43.0,46.34638977050781
femto,1,ridge_ensemble,5,208,42.0,45.269927978515625
femto,1,ridge_ensemble,5,209,41.0,44.19427490234375
femto,1,ridge_ensemble,5,210,40.0,43.118709564208984
femto,1,ridge_ensemble,5,211,39.0,42.042057037353516
femto,1,ridge_ensemble,5,212,38.0,40.96723937988281
femto,1,ridge_ensemble,5,213,37.0,39.8907356262207
femto,1,ridge_ensemble,5,214,36.0,38.81563186645508
femto,1,ridge_ensemble,5,215,35.0,37.73971176147461
femto,1,ridge_ensemble,5,216,34.0,36.66374588012695
femto,1,ridge_ensemble,5,217,33.0,35.588035583496094
femto,1,ridge_ensemble,5,218,32.0,34.51115798950195
femto,1,ridge_ensemble,5,219,31.000001907348633,33.43645477294922
femto,1,ridge_ensemble,5,220,30.0,32.36138916015625
femto,1,ridge_ensemble,5,221,29.0,31.284032821655273
femto,1,ridge_ensemble,5,222,28.0,30.20899200439453
femto,1,ridge_ensemble,5,223,27.0,29.132783889770508
femto,1,ridge_ensemble,5,224,26.0,28.056917190551758
femto,1,ridge_ensemble,5,225,25.0,26.98166847229004
femto,1,ridge_ensemble,5,226,24.0,25.905616760253906
femto,1,ridge_ensemble,5,227,23.0,24.82972526550293
femto,1,ridge_ensemble,5,228,22.0,23.753665924072266
femto,1,ridge_ensemble,5,229,21.0,22.6769962310791
femto,1,ridge_ensemble,5,230,20.0,21.602741241455078
femto,1,ridge_ensemble,5,231,19.0,20.52672576904297
femto,1,ridge_ensemble,5,232,18.0,19.451330184936523
femto,1,ridge_ensemble,5,233,17.0,18.375591278076172
femto,1,ridge_ensemble,5,234,16.0,17.299652099609375
femto,1,ridge_ensemble,5,235,15.0,16.22466468811035
femto,1,ridge_ensemble,5,236,14.0,15.147988319396973
femto,1,ridge_ensemble,5,237,13.0,14.072456359863281
femto,1,ridge_ensemble,5,238,12.0,12.996227264404297
femto,1,ridge_ensemble,5,239,11.0,11.921307563781738
femto,1,ridge_ensemble,5,240,10.0,10.845629692077637
femto,1,ridge_ensemble,5,241,9.0,9.769999504089355
femto,1,ridge_ensemble,5,242,8.0,8.694236755371094
femto,1,ridge_ensemble,5,243,7.0,7.618784427642822
femto,1,ridge_ensemble,5,244,6.0,6.5435991287231445
femto,1,ridge_ensemble,5,245,5.0,5.4690656661987305
femto,1,ridge_ensemble,5,246,4.0,4.394192695617676
femto,1,ridge_ensemble,5,247,3.0,3.3196053504943848
femto,1,ridge_ensemble,5,248,2.0,2.2457823753356934
femto,1,ridge_ensemble,5,249,1.0,1.1707353591918945
femto,1,ridge_ensemble,5,250,0.0,0.0968916192650795
femto,1,ridge_ensemble,5,251,0.0,0.09397177398204803
femto,1,ridge_ensemble,5,252,0.0,0.09153182059526443
femto,1,ridge_ensemble,5,253,0.0,0.08840373158454895
femto,1,ridge_ensemble,5,254,0.0,0.08495736122131348
femto,1,ridge_ensemble,5,255,0.0,0.08324206620454788
femto,1,ridge_ensemble,5,256,0.0,0.07977432012557983
femto,1,ridge_ensemble,5,257,0.0,0.07769978791475296
femto,1,ridge_ensemble,5,258,0.0,0.0752301812171936
femto,1,ridge_ensemble,5,259,0.0,0.07252924889326096
femto,1,ridge_ensemble,5,260,0.0,0.07026930898427963
femto,1,ridge_ensemble,5,261,0.0,0.06827852129936218
femto,1,ridge_ensemble,5,262,0.0,0.06630352139472961
femto,1,ridge_ensemble,5,263,0.0,0.0648370236158371
femto,1,ridge_ensemble,5,264,0.0,0.06310833245515823
femto,1,ridge_ensemble,5,265,0.0,0.06170327588915825
femto,1,ridge_ensemble,5,266,0.0,0.060285910964012146
femto,1,ridge_ensemble,5,267,0.0,0.05800240486860275
femto,1,ridge_ensemble,5,268,0.0,0.05775421857833862
femto,1,ridge_ensemble,5,269,0.0,0.056821998208761215
femto,1,ridge_ensemble,5,270,0.0,0.056681279093027115
femto,1,ridge_ensemble,5,271,0.0,0.05586998909711838
femto,1,ridge_ensemble,5,272,0.0,0.056002676486968994
femto,1,ridge_ensemble,5,273,0.0,0.05592609941959381
femto,1,ridge_ensemble,5,274,0.0,0.05663753300905228
femto,1,ridge_ensemble,5,275,0.0,0.057345837354660034
femto,1,ridge_ensemble,5,276,0.0,0.057950690388679504
femto,1,ridge_ensemble,5,277,0.0,0.059453334659338
femto,1,ridge_ensemble,5,278,0.0,0.06110246106982231
femto,1,ridge_ensemble,5,279,0.0,0.06290056556463242
femto,1,ridge_ensemble,5,280,0.0,0.06496722996234894
femto,1,ridge_ensemble,5,281,0.0,0.06795673817396164
femto,1,ridge_ensemble,5,282,0.0,0.07145287841558456
femto,1,ridge_ensemble,5,283,0.0,0.075215183198452
femto,1,ridge_ensemble,5,284,0.0,0.07987426221370697
femto,1,ridge_ensemble,5,285,0.0,0.08464668691158295
femto,1,ridge_ensemble,5,286,0.0,0.09051115065813065
femto,1,ridge_ensemble,5,287,0.0,0.09686489403247833
femto,1,ridge_ensemble,5,288,0.0,0.1045616865158081
femto,1,ridge_ensemble,5,289,0.0,0.11319684237241745
femto,1,ridge_ensemble,5,290,0.0,0.12251785397529602
femto,1,ridge_ensemble,5,291,0.0,0.13215740025043488
femto,1,ridge_ensemble,5,292,0.0,0.14112505316734314
femto,1,ridge_ensemble,5,293,0.0,0.15064020454883575
femto,1,ridge_ensemble,5,294,0.0,0.16000419855117798
femto,1,ridge_ensemble,5,295,0.0,0.16993047297000885
femto,1,ridge_ensemble,5,296,0.0,0.17934109270572662
femto,1,ridge_ensemble,5,297,0.0,0.18873091042041779
femto,1,ridge_ensemble,5,298,0.0,0.19815658032894135
femto,1,ridge_ensemble,5,299,0.0,0.2073626071214676
femto,2,transfer_ensemble,5,19,231.0,220.29629516601562
femto,2,transfer_ensemble,5,20,230.0,219.11599731445312
femto,2,transfer_ensemble,5,21,229.0,218.888671875
femto,2,transfer_ensemble,5,22,228.0,219.2738800048828
femto,2,transfer_ensemble,5,23,227.0,219.5400390625
femto,2,transfer_ensemble,5,24,226.0,219.92599487304688
femto,2,transfer_ensemble,5,25,225.0,219.4809112548828
femto,2,transfer_ensemble,5,26,224.0,219.2437286376953
femto,2,transfer_ensemble,5,27,223.0,218.6112823486328
femto,2,transfer_ensemble,5,28,222.0,218.17807006835938
femto,2,transfer_ensemble,5,29,221.0,218.3491668701172
femto,2,transfer_ensemble,5,30,220.0,218.5001220703125
femto,2,transfer_ensemble,5,31,219.0,218.15194702148438
femto,2,transfer_ensemble,5,32,218.0,218.151123046875
femto,2,transfer_ensemble,5,33,217.0,216.853515625
femto,2,transfer_ensemble,5,34,216.0,216.2111053466797
femto,2,transfer_ensemble,5,35,215.0,215.11746215820312
femto,2,transfer_ensemble,5,36,214.0,215.17282104492188
femto,2,transfer_ensemble,5,37,213.0,215.8543243408203
femto,2,transfer_ensemble,5,38,212.0,215.75442504882812
femto,2,transfer_ensemble,5,39,211.0,215.5912322998047
femto,2,transfer_ensemble,5,40,210.0,215.31442260742188
femto,2,transfer_ensemble,5,41,209.0,215.5037384033203
femto,2,transfer_ensemble,5,42,208.0,215.25405883789062
femto,2,transfer_ensemble,5,43,207.0,214.5996856689453
femto,2,transfer_ensemble,5,44,206.0,214.0120849609375
femto,2,transfer_ensemble,5,45,205.0,213.91555786132812
femto,2,transfer_ensemble,5,46,204.0,212.95901489257812
femto,2,transfer_ensemble,5,47,203.0,213.36141967773438
femto,2,transfer_ensemble,5,48,202.0,212.5146942138672
femto,2,transfer_ensemble,5,49,201.0,211.826416015625
femto,2,transfer_ensemble,5,50,200.0,212.14938354492188
femto,2,transfer_ensemble,5,51,199.0,212.47451782226562
femto,2,transfer_ensemble,5,52,198.0,210.0519256591797
femto,2,transfer_ensemble,5,53,197.0,210.2691192626953
femto,2,transfer_ensemble,5,54,196.0,210.0114288330078
femto,2,transfer_ensemble,5,55,195.0,210.5935516357422
femto,2,transfer_ensemble,5,56,194.0,209.9422149658203
femto,2,transfer_ensemble,5,57,193.0,209.8251495361328
femto,2,transfer_ensemble,5,58,192.0,208.72390747070312
femto,2,transfer_ensemble,5,59,191.0,208.0480499267578
femto,2,transfer_ensemble,5,60,190.0,208.38284301757812
femto,2,transfer_ensemble,5,61,189.0,209.3743438720703
femto,2,transfer_ensemble,5,62,188.0,208.57534790039062
femto,2,transfer_ensemble,5,63,187.0,209.0390167236328
femto,2,transfer_ensemble,5,64,186.0,208.32821655273438
femto,2,transfer_ensemble,5,65,185.0,207.8373565673828
femto,2,transfer_ensemble,5,66,184.0,208.08694458007812
femto,2,transfer_ensemble,5,67,183.0,206.9923095703125
femto,2,transfer_ensemble,5,68,182.0,207.2366180419922
femto,2,transfer_ensemble,5,69,181.0,206.064208984375
femto,2,transfer_ensemble,5,70,180.0,204.34609985351562
femto,2,transfer_ensemble,5,71,179.0,204.90945434570312
femto,2,transfer_ensemble,5,72,178.0,203.46426391601562
femto,2,transfer_ensemble,5,73,177.0,202.8135528564453
femto,2,transfer_ensemble,5,74,176.0,203.48524475097656
femto,2,transfer_ensemble,5,75,175.0,202.10104370117188
femto,2,transfer_ensemble,5,76,174.0,202.90185546875
femto,2,transfer_ensemble,5,77,173.0,201.75686645507812
femto,2,transfer_ensemble,5,78,172.0,202.39334106445312
femto,2,transfer_ensemble,5,79,171.0,201.9738311767578
femto,2,transfer_ensemble,5,80,170.0,201.07009887695312
femto,2,transfer_ensemble,5,81,169.0,200.3144073486328
femto,2,transfer_ensemble,5,82,168.0,200.46287536621094
femto,2,transfer_ensemble,5,83,167.0,198.21755981445312
femto,2,transfer_ensemble,5,84,166.0,198.59646606445312
femto,2,transfer_ensemble,5,85,165.0,198.0723419189453
femto,2,transfer_ensemble,5,86,164.0,196.53948974609375
femto,2,transfer_ensemble,5,87,163.0,195.20281982421875
femto,2,transfer_ensemble,5,88,162.0,195.7489471435547
femto,2,transfer_ensemble,5,89,161.0,196.13919067382812
femto,2,transfer_ensemble,5,90,160.0,195.6754150390625
femto,2,transfer_ensemble,5,91,159.0,195.89967346191406
femto,2,transfer_ensemble,5,92,158.0,192.88412475585938
femto,2,transfer_ensemble,5,93,157.0,192.6089630126953
femto,2,transfer_ensemble,5,94,156.0,193.02476501464844
femto,2,transfer_ensemble,5,95,155.0,191.77267456054688
femto,2,transfer_ensemble,5,96,154.0,189.30532836914062
femto,2,transfer_ensemble,5,97,153.0,189.19879150390625
femto,2,transfer_ensemble,5,98,152.0,188.55960083007812
femto,2,transfer_ensemble,5,99,151.0,189.61544799804688
femto,2,transfer_ensemble,5,100,150.0,189.5165252685547
femto,2,transfer_ensemble,5,101,149.0,187.60482788085938
femto,2,transfer_ensemble,5,102,148.0,186.29995727539062
femto,2,transfer_ensemble,5,103,147.0,185.4446258544922
femto,2,transfer_ensemble,5,104,146.0,183.23606872558594
femto,2,transfer_ensemble,5,105,145.0,179.70169067382812
femto,2,transfer_ensemble,5,106,144.0,180.9800262451172
femto,2,transfer_ensemble,5,107,143.0,177.71241760253906
femto,2,transfer_ensemble,5,108,142.0,174.19851684570312
femto,2,transfer_ensemble,5,109,141.0,173.00160217285156
femto,2,transfer_ensemble,5,110,140.0,173.69003295898438
femto,2,transfer_ensemble,5,111,139.0,176.08352661132812
femto,2,transfer_ensemble,5,112,138.0,177.32398986816406
femto,2,transfer_ensemble,5,113,137.0,175.0194854736328
femto,2,transfer_ensemble,5,114,136.0,167.158447265625
femto,2,transfer_ensemble,5,115,135.0,168.8944549560547
femto,2,transfer_ensemble,5,116,134.0,169.8598175048828
femto,2,transfer_ensemble,5,117,133.0,165.94009399414062
femto,2,transfer_ensemble,5,118,132.0,166.6749267578125
femto,2,transfer_ensemble,5,119,131.0,163.1155548095703
femto,2,transfer_ensemble,5,120,130.0,160.28897094726562
femto,2,transfer_ensemble,5,121,129.0,161.16024780273438
femto,2,transfer_ensemble,5,122,128.0,160.76126098632812
femto,2,transfer_ensemble,5,123,127.00000762939453,160.73089599609375
femto,2,transfer_ensemble,5,124,126.0,156.23141479492188
femto,2,transfer_ensemble,5,125,125.0,154.04910278320312
femto,2,transfer_ensemble,5,126,124.00000762939453,154.78443908691406
femto,2,transfer_ensemble,5,127,123.0,153.8768310546875
femto,2,transfer_ensemble,5,128,122.0,147.94863891601562
femto,2,transfer_ensemble,5,129,121.00000762939453,148.46124267578125
femto,2,transfer_ensemble,5,130,120.0,150.37625122070312
femto,2,transfer_ensemble,5,131,119.0,146.2906494140625
femto,2,transfer_ensemble,5,132,118.00000762939453,138.06756591796875
femto,2,transfer_ensemble,5,133,117.0,137.4254913330078
femto,2,transfer_ensemble,5,134,116.0,138.647705078125
femto,2,transfer_ensemble,5,135,115.0,137.2146759033203
femto,2,transfer_ensemble,5,136,114.0,135.5306396484375
femto,2,transfer_ensemble,5,137,113.0,131.8861846923828
femto,2,transfer_ensemble,5,138,112.0,125.352294921875
femto,2,transfer_ensemble,5,139,111.0,129.05409240722656
femto,2,transfer_ensemble,5,140,110.0,125.66178894042969
femto,2,transfer_ensemble,5,141,109.0,129.2438201904297
femto,2,transfer_ensemble,5,142,108.0,129.88560485839844
femto,2,transfer_ensemble,5,143,107.0,119.9286880493164
femto,2,transfer_ensemble,5,144,106.0,121.43819427490234
femto,2,transfer_ensemble,5,145,105.0,121.41499328613281
femto,2,transfer_ensemble,5,146,104.0,118.49433898925781
femto,2,transfer_ensemble,5,147,103.0,122.29931640625
femto,2,transfer_ensemble,5,148,102.0,121.93409729003906
femto,2,transfer_ensemble,5,149,101.0,122.1876449584961
femto,2,transfer_ensemble,5,150,100.0,118.7805404663086
femto,2,transfer_ensemble,5,151,99.0,115.09130859375
femto,2,transfer_ensemble,5,152,98.0,114.64997863769531
femto,2,transfer_ensemble,5,153,97.0,112.08697509765625
femto,2,transfer_ensemble,5,154,96.0,110.67588806152344
femto,2,transfer_ensemble,5,155,95.0,111.3368148803711
femto,2,transfer_ensemble,5,156,94.0,108.69000244140625
femto,2,transfer_ensemble,5,157,93.0,106.6141586303711
femto,2,transfer_ensemble,5,158,92.0,104.1888427734375
femto,2,transfer_ensemble,5,159,91.0,102.5658187866211
femto,2,transfer_ensemble,5,160,90.0,101.88301086425781
femto,2,transfer_ensemble,5,161,89.0,100.07778930664062
femto,2,transfer_ensemble,5,162,88.0,98.61520385742188
femto,2,transfer_ensemble,5,163,87.0,99.23826599121094
femto,2,transfer_ensemble,5,164,86.0,100.19998931884766
femto,2,transfer_ensemble,5,165,85.0,95.06578063964844
femto,2,transfer_ensemble,5,166,84.0,96.34672546386719
femto,2,transfer_ensemble,5,167,83.0,96.67969512939453
femto,2,transfer_ensemble,5,168,82.0,97.86650085449219
femto,2,transfer_ensemble,5,169,81.0,93.55921173095703
femto,2,transfer_ensemble,5,170,80.0,92.72801971435547
femto,2,transfer_ensemble,5,171,79.0,92.26991271972656
femto,2,transfer_ensemble,5,172,78.0,89.47227478027344
femto,2,transfer_ensemble,5,173,77.0,83.55564880371094
femto,2,transfer_ensemble,5,174,76.0,83.3891372680664
femto,2,transfer_ensemble,5,175,75.0,83.75227355957031
femto,2,transfer_ensemble,5,176,74.0,83.60734558105469
femto,2,transfer_ensemble,5,177,73.0,82.03871154785156
femto,2,transfer_ensemble,5,178,72.0,81.72564697265625
femto,2,transfer_ensemble,5,179,71.0,79.8187255859375
femto,2,transfer_ensemble,5,180,70.0,78.85277557373047
femto,2,transfer_ensemble,5,181,69.0,77.55803680419922
femto,2,transfer_ensemble,5,182,68.0,76.26399993896484
femto,2,transfer_ensemble,5,183,67.0,75.23960876464844
femto,2,transfer_ensemble,5,184,66.0,72.82889556884766
femto,2,transfer_ensemble,5,185,65.0,71.73683166503906
femto,2,transfer_ensemble,5,186,64.0,70.76301574707031
femto,2,transfer_ensemble,5,187,63.0,69.34930419921875
femto,2,transfer_ensemble,5,188,62.000003814697266,67.46184539794922
femto,2,transfer_ensemble,5,189,61.0,66.54618072509766
femto,2,transfer_ensemble,5,190,60.0,64.59320068359375
femto,2,transfer_ensemble,5,191,59.000003814697266,63.87773513793945
femto,2,transfer_ensemble,5,192,58.0,62.3297119140625
femto,2,transfer_ensemble,5,193,57.0,60.858741760253906
femto,2,transfer_ensemble,5,194,56.0,59.513450622558594
femto,2,transfer_ensemble,5,195,55.0,58.5025749206543
femto,2,transfer_ensemble,5,196,54.0,57.37713623046875
femto,2,transfer_ensemble,5,197,53.0,55.58420944213867
femto,2,transfer_ensemble,5,198,52.0,54.3772087097168
femto,2,transfer_ensemble,5,199,51.0,53.23192596435547
femto,2,transfer_ensemble,5,200,50.0,52.074798583984375
femto,2,transfer_ensemble,5,201,49.0,50.50523376464844
femto,2,transfer_ensemble,5,202,48.0,48.96863555908203
femto,2,transfer_ensemble,5,203,47.0,48.23551940917969
femto,2,transfer_ensemble,5,204,46.0,46.860164642333984
femto,2,transfer_ensemble,5,205,45.0,45.817832946777344
femto,2,transfer_ensemble,5,206,44.0,43.705055236816406
femto,2,transfer_ensemble,5,207,43.0,42.847755432128906
femto,2,transfer_ensemble,5,208,42.0,41.661441802978516
femto,2,transfer_ensemble,5,209,41.0,40.25939178466797
femto,2,transfer_ensemble,5,210,40.0,38.938560485839844
femto,2,transfer_ensemble,5,211,39.0,38.28350067138672
femto,2,transfer_ensemble,5,212,38.0,36.346466064453125
femto,2,transfer_ensemble,5,213,37.0,34.90984344482422
femto,2,transfer_ensemble,5,214,36.0,33.3729248046875
femto,2,transfer_ensemble,5,215,35.0,32.63329315185547
femto,2,transfer_ensemble,5,216,34.0,31.864248275756836
femto,2,transfer_ensemble,5,217,33.0,29.954885482788086
femto,2,transfer_ensemble,5,218,32.0,28.545618057250977
femto,2,transfer_ensemble,5,219,31.000001907348633,27.442184448242188
femto,2,transfer_ensemble,5,220,30.0,27.112680435180664
femto,2,transfer_ensemble,5,221,29.0,25.377805709838867
femto,2,transfer_ensemble,5,222,28.0,24.169069290161133
femto,2,transfer_ensemble,5,223,27.0,23.026554107666016
femto,2,transfer_ensemble,5,224,26.0,23.442127227783203
femto,2,transfer_ensemble,5,225,25.0,22.75543212890625
femto,2,transfer_ensemble,5,226,24.0,21.486703872680664
femto,2,transfer_ensemble,5,227,23.0,19.84173583984375
femto,2,transfer_ensemble,5,228,22.0,18.717727661132812
femto,2,transfer_ensemble,5,229,21.0,18.620128631591797
femto,2,transfer_ensemble,5,230,20.0,17.733619689941406
femto,2,transfer_ensemble,5,231,19.0,16.71343231201172
femto,2,transfer_ensemble,5,232,18.0,15.88532829284668
femto,2,transfer_ensemble,5,233,17.0,14.824258804321289
femto,2,transfer_ensemble,5,234,16.0,14.121591567993164
femto,2,transfer_ensemble,5,235,15.0,13.158346176147461
femto,2,transfer_ensemble,5,236,14.0,12.400609970092773
femto,2,transfer_ensemble,5,237,13.0,11.706846237182617
femto,2,transfer_ensemble,5,238,12.0,10.554132461547852
femto,2,transfer_ensemble,5,239,11.0,10.425824165344238
femto,2,transfer_ensemble,5,240,10.0,9.636870384216309
femto,2,transfer_ensemble,5,241,9.0,9.159592628479004
femto,2,transfer_ensemble,5,242,8.0,8.645402908325195
femto,2,transfer_ensemble,5,243,7.0,8.295600891113281
femto,2,transfer_ensemble,5,244,6.0,7.916383266448975
femto,2,transfer_ensemble,5,245,5.0,7.820124626159668
femto,2,transfer_ensemble,5,246,4.0,7.0631585121154785
femto,2,transfer_ensemble,5,247,3.0,6.505972862243652
femto,2,transfer_ensemble,5,248,2.0,5.629863739013672
femto,2,transfer_ensemble,5,249,1.0,5.446403980255127
femto,2,transfer_ensemble,5,250,0.0,5.388238430023193
femto,2,transfer_ensemble,5,251,0.0,4.669764995574951
femto,2,transfer_ensemble,5,252,0.0,4.50771427154541
femto,2,transfer_ensemble,5,253,0.0,4.403319358825684
femto,2,transfer_ensemble,5,254,0.0,4.066519737243652
femto,2,transfer_ensemble,5,255,0.0,3.587416410446167
femto,2,transfer_ensemble,5,256,0.0,3.18475079536438
femto,2,transfer_ensemble,5,257,0.0,2.905137538909912
femto,2,transfer_ensemble,5,258,0.0,2.52643084526062
femto,2,transfer_ensemble,5,259,0.0,2.1127288341522217
femto,2,transfer_ensemble,5,260,0.0,2.124728202819824
femto,2,transfer_ensemble,5,261,0.0,1.9602382183074951
femto,2,transfer_ensemble,5,262,0.0,1.6020599603652954
femto,2,transfer_ensemble,5,263,0.0,2.0497524738311768
femto,2,transfer_ensemble,5,264,0.0,1.871856927871704
femto,2,transfer_ensemble,5,265,0.0,1.8503929376602173
femto,2,transfer_ensemble,5,266,0.0,2.1140551567077637
femto,2,transfer_ensemble,5,267,0.0,2.371635675430298
femto,2,transfer_ensemble,5,268,0.0,2.36114501953125
femto,2,transfer_ensemble,5,269,0.0,2.2074921131134033
femto,2,transfer_ensemble,5,270,0.0,2.3131508827209473
femto,2,transfer_ensemble,5,271,0.0,2.209049701690674
femto,2,transfer_ensemble,5,272,0.0,2.5726447105407715
femto,2,transfer_ensemble,5,273,0.0,2.7658228874206543
femto,2,transfer_ensemble,5,274,0.0,2.9358315467834473
femto,2,transfer_ensemble,5,275,0.0,3.004035472869873
femto,2,transfer_ensemble,5,276,0.0,3.2583351135253906
femto,2,transfer_ensemble,5,277,0.0,3.6112213134765625
femto,2,transfer_ensemble,5,278,0.0,3.762404203414917
femto,2,transfer_ensemble,5,279,0.0,4.028366565704346
femto,2,transfer_ensemble,5,280,0.0,4.299895286560059
femto,2,transfer_ensemble,5,281,0.0,4.610032558441162
femto,2,transfer_ensemble,5,282,0.0,4.984139442443848
femto,2,transfer_ensemble,5,283,0.0,5.467928886413574
femto,2,transfer_ensemble,5,284,0.0,5.940770626068115
femto,2,transfer_ensemble,5,285,0.0,6.483370780944824
femto,2,transfer_ensemble,5,286,0.0,6.883376121520996
femto,2,transfer_ensemble,5,287,0.0,7.211093902587891
femto,2,transfer_ensemble,5,288,0.0,7.74307918548584
femto,2,transfer_ensemble,5,289,0.0,8.304051399230957
femto,2,transfer_ensemble,5,290,0.0,8.758665084838867
femto,2,transfer_ensemble,5,291,0.0,9.403108596801758
femto,2,transfer_ensemble,5,292,0.0,9.903260231018066
femto,2,transfer_ensemble,5,293,0.0,10.532788276672363
femto,2,transfer_ensemble,5,294,0.0,11.26761245727539
femto,2,transfer_ensemble,5,295,0.0,11.88209342956543
femto,2,transfer_ensemble,5,296,0.0,12.487593650817871
femto,2,transfer_ensemble,5,297,0.0,13.015069961547852
femto,2,transfer_ensemble,5,298,0.0,13.614148139953613
femto,2,transfer_ensemble,5,299,0.0,14.081487655639648
femto,2,frozen_encoder_ensemble,5,19,231.0,216.29940795898438
femto,2,frozen_encoder_ensemble,5,20,230.0,215.07650756835938
femto,2,frozen_encoder_ensemble,5,21,229.0,214.9949951171875
femto,2,frozen_encoder_ensemble,5,22,228.0,215.40237426757812
femto,2,frozen_encoder_ensemble,5,23,227.0,215.68148803710938
femto,2,frozen_encoder_ensemble,5,24,226.0,215.8950653076172
femto,2,frozen_encoder_ensemble,5,25,225.0,215.34854125976562
femto,2,frozen_encoder_ensemble,5,26,224.0,215.0624542236328
femto,2,frozen_encoder_ensemble,5,27,223.0,214.6182098388672
femto,2,frozen_encoder_ensemble,5,28,222.0,214.4005126953125
femto,2,frozen_encoder_ensemble,5,29,221.0,214.58029174804688
femto,2,frozen_encoder_ensemble,5,30,220.0,214.5711669921875
femto,2,frozen_encoder_ensemble,5,31,219.0,214.30697631835938
femto,2,frozen_encoder_ensemble,5,32,218.0,214.29122924804688
femto,2,frozen_encoder_ensemble,5,33,217.0,212.9403839111328
femto,2,frozen_encoder_ensemble,5,34,216.0,212.5517120361328
femto,2,frozen_encoder_ensemble,5,35,215.0,211.2939910888672
femto,2,frozen_encoder_ensemble,5,36,214.0,211.5635528564453
femto,2,frozen_encoder_ensemble,5,37,213.0,212.3068389892578
femto,2,frozen_encoder_ensemble,5,38,212.0,212.2084197998047
femto,2,frozen_encoder_ensemble,5,39,211.0,211.88339233398438
femto,2,frozen_encoder_ensemble,5,40,210.0,211.6628875732422
femto,2,frozen_encoder_ensemble,5,41,209.0,211.9813232421875
femto,2,frozen_encoder_ensemble,5,42,208.0,211.709228515625
femto,2,frozen_encoder_ensemble,5,43,207.0,210.9825439453125
femto,2,frozen_encoder_ensemble,5,44,206.0,210.48574829101562
femto,2,frozen_encoder_ensemble,5,45,205.0,210.4833984375
femto,2,frozen_encoder_ensemble,5,46,204.0,209.41452026367188
femto,2,frozen_encoder_ensemble,5,47,203.0,210.0856475830078
femto,2,frozen_encoder_ensemble,5,48,202.0,209.18600463867188
femto,2,frozen_encoder_ensemble,5,49,201.0,208.31942749023438
femto,2,frozen_encoder_ensemble,5,50,200.0,208.8070068359375
femto,2,frozen_encoder_ensemble,5,51,199.0,209.2576141357422
femto,2,frozen_encoder_ensemble,5,52,198.0,206.4402618408203
femto,2,frozen_encoder_ensemble,5,53,197.0,206.960693359375
femto,2,frozen_encoder_ensemble,5,54,196.0,207.0231170654297
femto,2,frozen_encoder_ensemble,5,55,195.0,207.70913696289062
femto,2,frozen_encoder_ensemble,5,56,194.0,206.932861328125
femto,2,frozen_encoder_ensemble,5,57,193.0,206.78842163085938
femto,2,frozen_encoder_ensemble,5,58,192.0,205.63919067382812
femto,2,frozen_encoder_ensemble,5,59,191.0,204.71701049804688
femto,2,frozen_encoder_ensemble,5,60,190.0,205.3247833251953
femto,2,frozen_encoder_ensemble,5,61,189.0,206.3811492919922
femto,2,frozen_encoder_ensemble,5,62,188.0,205.5691375732422
femto,2,frozen_encoder_ensemble,5,63,187.0,206.0002899169922
femto,2,frozen_encoder_ensemble,5,64,186.0,205.1018829345703
femto,2,frozen_encoder_ensemble,5,65,185.0,204.62771606445312
femto,2,frozen_encoder_ensemble,5,66,184.0,204.97372436523438
femto,2,frozen_encoder_ensemble,5,67,183.0,203.279541015625
femto,2,frozen_encoder_ensemble,5,68,182.0,203.59490966796875
femto,2,frozen_encoder_ensemble,5,69,181.0,202.85195922851562
femto,2,frozen_encoder_ensemble,5,70,180.0,200.95797729492188
femto,2,frozen_encoder_ensemble,5,71,179.0,202.11341857910156
femto,2,frozen_encoder_ensemble,5,72,178.0,200.4930877685547
femto,2,frozen_encoder_ensemble,5,73,177.0,200.028564453125
femto,2,frozen_encoder_ensemble,5,74,176.0,201.00253295898438
femto,2,frozen_encoder_ensemble,5,75,175.0,198.98318481445312
femto,2,frozen_encoder_ensemble,5,76,174.0,200.11383056640625
femto,2,frozen_encoder_ensemble,5,77,173.0,199.04148864746094
femto,2,frozen_encoder_ensemble,5,78,172.0,199.47198486328125
femto,2,frozen_encoder_ensemble,5,79,171.0,199.0335235595703
femto,2,frozen_encoder_ensemble,5,80,170.0,197.9373779296875
femto,2,frozen_encoder_ensemble,5,81,169.0,197.3249053955078
femto,2,frozen_encoder_ensemble,5,82,168.0,197.73757934570312
femto,2,frozen_encoder_ensemble,5,83,167.0,195.33338928222656
femto,2,frozen_encoder_ensemble,5,84,166.0,195.9667205810547
femto,2,frozen_encoder_ensemble,5,85,165.0,195.16653442382812
femto,2,frozen_encoder_ensemble,5,86,164.0,193.37220764160156
femto,2,frozen_encoder_ensemble,5,87,163.0,191.95791625976562
femto,2,frozen_encoder_ensemble,5,88,162.0,193.0080108642578
femto,2,frozen_encoder_ensemble,5,89,161.0,193.29153442382812
femto,2,frozen_encoder_ensemble,5,90,160.0,192.90414428710938
femto,2,frozen_encoder_ensemble,5,91,159.0,193.3431854248047
femto,2,frozen_encoder_ensemble,5,92,158.0,190.14321899414062
femto,2,frozen_encoder_ensemble,5,93,157.0,189.91171264648438
femto,2,frozen_encoder_ensemble,5,94,156.0,190.7633056640625
femto,2,frozen_encoder_ensemble,5,95,155.0,189.18165588378906
femto,2,frozen_encoder_ensemble,5,96,154.0,186.5836639404297
femto,2,frozen_encoder_ensemble,5,97,153.0,186.62489318847656
femto,2,frozen_encoder_ensemble,5,98,152.0,186.10482788085938
femto,2,frozen_encoder_ensemble,5,99,151.0,187.17318725585938
femto,2,frozen_encoder_ensemble,5,100,150.0,186.88026428222656
femto,2,frozen_encoder_ensemble,5,101,149.0,185.07919311523438
femto,2,frozen_encoder_ensemble,5,102,148.0,183.20632934570312
femto,2,frozen_encoder_ensemble,5,103,147.0,182.4070587158203
femto,2,frozen_encoder_ensemble,5,104,146.0,180.14700317382812
femto,2,frozen_encoder_ensemble,5,105,145.0,176.92799377441406
femto,2,frozen_encoder_ensemble,5,106,144.0,178.78456115722656
femto,2,frozen_encoder_ensemble,5,107,143.0,175.34974670410156
femto,2,frozen_encoder_ensemble,5,108,142.0,172.07962036132812
femto,2,frozen_encoder_ensemble,5,109,141.0,171.0576171875
femto,2,frozen_encoder_ensemble,5,110,140.0,172.55343627929688
femto,2,frozen_encoder_ensemble,5,111,139.0,175.21368408203125
femto,2,frozen_encoder_ensemble,5,112,138.0,176.1039276123047
femto,2,frozen_encoder_ensemble,5,113,137.0,173.41574096679688
femto,2,frozen_encoder_ensemble,5,114,136.0,164.90176391601562
femto,2,frozen_encoder_ensemble,5,115,135.0,167.34413146972656
femto,2,frozen_encoder_ensemble,5,116,134.0,168.00094604492188
femto,2,frozen_encoder_ensemble,5,117,133.0,163.77110290527344
femto,2,frozen_encoder_ensemble,5,118,132.0,164.87400817871094
femto,2,frozen_encoder_ensemble,5,119,131.0,161.5086212158203
femto,2,frozen_encoder_ensemble,5,120,130.0,158.4343719482422
femto,2,frozen_encoder_ensemble,5,121,129.0,159.88723754882812
femto,2,frozen_encoder_ensemble,5,122,128.0,159.73162841796875
femto,2,frozen_encoder_ensemble,5,123,127.00000762939453,160.2567138671875
femto,2,frozen_encoder_ensemble,5,124,126.0,154.6673583984375
femto,2,frozen_encoder_ensemble,5,125,125.0,153.19967651367188
femto,2,frozen_encoder_ensemble,5,126,124.00000762939453,154.3539276123047
femto,2,frozen_encoder_ensemble,5,127,123.0,152.78524780273438
femto,2,frozen_encoder_ensemble,5,128,122.0,146.81678771972656
femto,2,frozen_encoder_ensemble,5,129,121.00000762939453,147.79840087890625
femto,2,frozen_encoder_ensemble,5,130,120.0,149.4492950439453
femto,2,frozen_encoder_ensemble,5,131,119.0,145.53753662109375
femto,2,frozen_encoder_ensemble,5,132,118.00000762939453,137.16688537597656
femto,2,frozen_encoder_ensemble,5,133,117.0,137.1554718017578
femto,2,frozen_encoder_ensemble,5,134,116.0,138.61685180664062
femto,2,frozen_encoder_ensemble,5,135,115.0,137.48422241210938
femto,2,frozen_encoder_ensemble,5,136,114.0,135.82937622070312
femto,2,frozen_encoder_ensemble,5,137,113.0,132.10379028320312
femto,2,frozen_encoder_ensemble,5,138,112.0,125.72676849365234
femto,2,frozen_encoder_ensemble,5,139,111.0,130.4427947998047
femto,2,frozen_encoder_ensemble,5,140,110.0,126.4549331665039
femto,2,frozen_encoder_ensemble,5,141,109.0,130.7003173828125
femto,2,frozen_encoder_ensemble,5,142,108.0,131.0914306640625
femto,2,frozen_encoder_ensemble,5,143,107.0,120.2624282836914
femto,2,frozen_encoder_ensemble,5,144,106.0,122.48994445800781
femto,2,frozen_encoder_ensemble,5,145,105.0,122.6698989868164
femto,2,frozen_encoder_ensemble,5,146,104.0,119.91349029541016
femto,2,frozen_encoder_ensemble,5,147,103.0,123.83158111572266
femto,2,frozen_encoder_ensemble,5,148,102.0,123.0826416015625
femto,2,frozen_encoder_ensemble,5,149,101.0,123.09493255615234
femto,2,frozen_encoder_ensemble,5,150,100.0,119.40058898925781
femto,2,frozen_encoder_ensemble,5,151,99.0,115.89237213134766
femto,2,frozen_encoder_ensemble,5,152,98.0,115.4056625366211
femto,2,frozen_encoder_ensemble,5,153,97.0,113.060791015625
femto,2,frozen_encoder_ensemble,5,154,96.0,111.20652770996094
femto,2,frozen_encoder_ensemble,5,155,95.0,111.91380310058594
femto,2,frozen_encoder_ensemble,5,156,94.0,109.20936584472656
femto,2,frozen_encoder_ensemble,5,157,93.0,107.27791595458984
femto,2,frozen_encoder_ensemble,5,158,92.0,105.06864929199219
femto,2,frozen_encoder_ensemble,5,159,91.0,103.73432922363281
femto,2,frozen_encoder_ensemble,5,160,90.0,103.3426284790039
femto,2,frozen_encoder_ensemble,5,161,89.0,101.41685485839844
femto,2,frozen_encoder_ensemble,5,162,88.0,100.25074768066406
femto,2,frozen_encoder_ensemble,5,163,87.0,100.58866882324219
femto,2,frozen_encoder_ensemble,5,164,86.0,101.27264404296875
femto,2,frozen_encoder_ensemble,5,165,85.0,96.4765396118164
femto,2,frozen_encoder_ensemble,5,166,84.0,98.01842498779297
femto,2,frozen_encoder_ensemble,5,167,83.0,97.55358123779297
femto,2,frozen_encoder_ensemble,5,168,82.0,97.95508575439453
femto,2,frozen_encoder_ensemble,5,169,81.0,93.48619842529297
femto,2,frozen_encoder_ensemble,5,170,80.0,92.53562927246094
femto,2,frozen_encoder_ensemble,5,171,79.0,92.18411254882812
femto,2,frozen_encoder_ensemble,5,172,78.0,89.5457992553711
femto,2,frozen_encoder_ensemble,5,173,77.0,84.72907257080078
femto,2,frozen_encoder_ensemble,5,174,76.0,84.92473602294922
femto,2,frozen_encoder_ensemble,5,175,75.0,85.12113952636719
femto,2,frozen_encoder_ensemble,5,176,74.0,84.83763122558594
femto,2,frozen_encoder_ensemble,5,177,73.0,83.20500183105469
femto,2,frozen_encoder_ensemble,5,178,72.0,82.62326049804688
femto,2,frozen_encoder_ensemble,5,179,71.0,80.7659912109375
femto,2,frozen_encoder_ensemble,5,180,70.0,79.90355682373047
femto,2,frozen_encoder_ensemble,5,181,69.0,78.52074432373047
femto,2,frozen_encoder_ensemble,5,182,68.0,77.13265991210938
femto,2,frozen_encoder_ensemble,5,183,67.0,76.07881164550781
femto,2,frozen_encoder_ensemble,5,184,66.0,73.91688537597656
femto,2,frozen_encoder_ensemble,5,185,65.0,72.95845794677734
femto,2,frozen_encoder_ensemble,5,186,64.0,71.81053161621094
femto,2,frozen_encoder_ensemble,5,187,63.0,70.39923858642578
femto,2,frozen_encoder_ensemble,5,188,62.000003814697266,68.6639175415039
femto,2,frozen_encoder_ensemble,5,189,61.0,67.59780883789062
femto,2,frozen_encoder_ensemble,5,190,60.0,66.04581451416016
femto,2,frozen_encoder_ensemble,5,191,59.000003814697266,65.20013427734375
femto,2,frozen_encoder_ensemble,5,192,58.0,63.590599060058594
femto,2,frozen_encoder_ensemble,5,193,57.0,62.36548614501953
femto,2,frozen_encoder_ensemble,5,194,56.0,60.91752243041992
femto,2,frozen_encoder_ensemble,5,195,55.0,59.928192138671875
femto,2,frozen_encoder_ensemble,5,196,54.0,58.6939697265625
femto,2,frozen_encoder_ensemble,5,197,53.0,57.03953170776367
femto,2,frozen_encoder_ensemble,5,198,52.0,55.97019577026367
femto,2,frozen_encoder_ensemble,5,199,51.0,54.8807258605957
femto,2,frozen_encoder_ensemble,5,200,50.0,53.65338897705078
femto,2,frozen_encoder_ensemble,5,201,49.0,52.2707633972168
femto,2,frozen_encoder_ensemble,5,202,48.0,50.74065017700195
femto,2,frozen_encoder_ensemble,5,203,47.0,50.11699295043945
femto,2,frozen_encoder_ensemble,5,204,46.0,48.99467849731445
femto,2,frozen_encoder_ensemble,5,205,45.0,47.78876876831055
femto,2,frozen_encoder_ensemble,5,206,44.0,45.6259651184082
femto,2,frozen_encoder_ensemble,5,207,43.0,44.89215850830078
femto,2,frozen_encoder_ensemble,5,208,42.0,43.54846954345703
femto,2,frozen_encoder_ensemble,5,209,41.0,42.275794982910156
femto,2,frozen_encoder_ensemble,5,210,40.0,41.021392822265625
femto,2,frozen_encoder_ensemble,5,211,39.0,40.729713439941406
femto,2,frozen_encoder_ensemble,5,212,38.0,38.49686813354492
femto,2,frozen_encoder_ensemble,5,213,37.0,37.113739013671875
femto,2,frozen_encoder_ensemble,5,214,36.0,35.67687225341797
femto,2,frozen_encoder_ensemble,5,215,35.0,35.05527877807617
femto,2,frozen_encoder_ensemble,5,216,34.0,34.34857177734375
femto,2,frozen_encoder_ensemble,5,217,33.0,32.34186553955078
femto,2,frozen_encoder_ensemble,5,218,32.0,31.235546112060547
femto,2,frozen_encoder_ensemble,5,219,31.000001907348633,29.72017478942871
femto,2,frozen_encoder_ensemble,5,220,30.0,29.43975830078125
femto,2,frozen_encoder_ensemble,5,221,29.0,27.66421127319336
femto,2,frozen_encoder_ensemble,5,222,28.0,26.432565689086914
femto,2,frozen_encoder_ensemble,5,223,27.0,25.487525939941406
femto,2,frozen_encoder_ensemble,5,224,26.0,26.147228240966797
femto,2,frozen_encoder_ensemble,5,225,25.0,25.105552673339844
femto,2,frozen_encoder_ensemble,5,226,24.0,23.912212371826172
femto,2,frozen_encoder_ensemble,5,227,23.0,21.911041259765625
femto,2,frozen_encoder_ensemble,5,228,22.0,20.79922103881836
femto,2,frozen_encoder_ensemble,5,229,21.0,21.257610321044922
femto,2,frozen_encoder_ensemble,5,230,20.0,20.12700653076172
femto,2,frozen_encoder_ensemble,5,231,19.0,18.781946182250977
femto,2,frozen_encoder_ensemble,5,232,18.0,17.888507843017578
femto,2,frozen_encoder_ensemble,5,233,17.0,16.909000396728516
femto,2,frozen_encoder_ensemble,5,234,16.0,16.352346420288086
femto,2,frozen_encoder_ensemble,5,235,15.0,15.062886238098145
femto,2,frozen_encoder_ensemble,5,236,14.0,14.175509452819824
femto,2,frozen_encoder_ensemble,5,237,13.0,13.444488525390625
femto,2,frozen_encoder_ensemble,5,238,12.0,12.487759590148926
femto,2,frozen_encoder_ensemble,5,239,11.0,12.119004249572754
femto,2,frozen_encoder_ensemble,5,240,10.0,11.377778053283691
femto,2,frozen_encoder_ensemble,5,241,9.0,10.779309272766113
femto,2,frozen_encoder_ensemble,5,242,8.0,10.297118186950684
femto,2,frozen_encoder_ensemble,5,243,7.0,9.575830459594727
femto,2,frozen_encoder_ensemble,5,244,6.0,9.137920379638672
femto,2,frozen_encoder_ensemble,5,245,5.0,9.114702224731445
femto,2,frozen_encoder_ensemble,5,246,4.0,8.388452529907227
femto,2,frozen_encoder_ensemble,5,247,3.0,7.726174831390381
femto,2,frozen_encoder_ensemble,5,248,2.0,6.621705055236816
femto,2,frozen_encoder_ensemble,5,249,1.0,6.36201810836792
femto,2,frozen_encoder_ensemble,5,250,0.0,6.163735389709473
femto,2,frozen_encoder_ensemble,5,251,0.0,5.387120246887207
femto,2,frozen_encoder_ensemble,5,252,0.0,5.198798179626465
femto,2,frozen_encoder_ensemble,5,253,0.0,4.718846321105957
femto,2,frozen_encoder_ensemble,5,254,0.0,4.191252708435059
femto,2,frozen_encoder_ensemble,5,255,0.0,3.2345340251922607
femto,2,frozen_encoder_ensemble,5,256,0.0,2.9978415966033936
femto,2,frozen_encoder_ensemble,5,257,0.0,2.115091323852539
femto,2,frozen_encoder_ensemble,5,258,0.0,1.8499069213867188
femto,2,frozen_encoder_ensemble,5,259,0.0,1.1536893844604492
femto,2,frozen_encoder_ensemble,5,260,0.0,1.0735199451446533
femto,2,frozen_encoder_ensemble,5,261,0.0,0.7296801209449768
femto,2,frozen_encoder_ensemble,5,262,0.0,0.31523066759109497
femto,2,frozen_encoder_ensemble,5,263,0.0,0.7009915709495544
femto,2,frozen_encoder_ensemble,5,264,0.0,0.4747467041015625
femto,2,frozen_encoder_ensemble,5,265,0.0,0.09150449931621552
femto,2,frozen_encoder_ensemble,5,266,0.0,0.08183322101831436
femto,2,frozen_encoder_ensemble,5,267,0.0,0.7097368836402893
femto,2,frozen_encoder_ensemble,5,268,0.0,0.10286173969507217
femto,2,frozen_encoder_ensemble,5,269,0.0,-0.12299561500549316
femto,2,frozen_encoder_ensemble,5,270,0.0,-0.2778240740299225
femto,2,frozen_encoder_ensemble,5,271,0.0,-0.4157101511955261
femto,2,frozen_encoder_ensemble,5,272,0.0,-0.21053548157215118
femto,2,frozen_encoder_ensemble,5,273,0.0,0.0654849037528038
femto,2,frozen_encoder_ensemble,5,274,0.0,0.11149225383996964
femto,2,frozen_encoder_ensemble,5,275,0.0,-0.016481827944517136
femto,2,frozen_encoder_ensemble,5,276,0.0,0.09126243740320206
femto,2,frozen_encoder_ensemble,5,277,0.0,0.3857664167881012
femto,2,frozen_encoder_ensemble,5,278,0.0,0.5202792286872864
femto,2,frozen_encoder_ensemble,5,279,0.0,0.6849554777145386
femto,2,frozen_encoder_ensemble,5,280,0.0,0.8568520545959473
femto,2,frozen_encoder_ensemble,5,281,0.0,1.2732059955596924
femto,2,frozen_encoder_ensemble,5,282,0.0,1.6373918056488037
femto,2,frozen_encoder_ensemble,5,283,0.0,1.9581865072250366
femto,2,frozen_encoder_ensemble,5,284,0.0,2.285649538040161
femto,2,frozen_encoder_ensemble,5,285,0.0,3.050189256668091
femto,2,frozen_encoder_ensemble,5,286,0.0,3.3211960792541504
femto,2,frozen_encoder_ensemble,5,287,0.0,3.710791826248169
femto,2,frozen_encoder_ensemble,5,288,0.0,4.187241077423096
femto,2,frozen_encoder_ensemble,5,289,0.0,4.5682549476623535
femto,2,frozen_encoder_ensemble,5,290,0.0,4.949254035949707
femto,2,frozen_encoder_ensemble,5,291,0.0,5.756142616271973
femto,2,frozen_encoder_ensemble,5,292,0.0,6.231993675231934
femto,2,frozen_encoder_ensemble,5,293,0.0,6.8820905685424805
femto,2,frozen_encoder_ensemble,5,294,0.0,7.8732194900512695
femto,2,frozen_encoder_ensemble,5,295,0.0,8.33619499206543
femto,2,frozen_encoder_ensemble,5,296,0.0,8.927114486694336
femto,2,frozen_encoder_ensemble,5,297,0.0,9.443085670471191
femto,2,frozen_encoder_ensemble,5,298,0.0,10.045007705688477
femto,2,frozen_encoder_ensemble,5,299,0.0,10.715842247009277
femto,2,scratch_ensemble,5,19,231.0,217.9143829345703
femto,2,scratch_ensemble,5,20,230.0,216.7928009033203
femto,2,scratch_ensemble,5,21,229.0,216.59042358398438
femto,2,scratch_ensemble,5,22,228.0,216.978515625
femto,2,scratch_ensemble,5,23,227.0,217.0642852783203
femto,2,scratch_ensemble,5,24,226.0,217.46682739257812
femto,2,scratch_ensemble,5,25,225.0,217.13009643554688
femto,2,scratch_ensemble,5,26,224.0,217.00552368164062
femto,2,scratch_ensemble,5,27,223.0,216.2086181640625
femto,2,scratch_ensemble,5,28,222.0,215.60525512695312
femto,2,scratch_ensemble,5,29,221.0,215.7577667236328
femto,2,scratch_ensemble,5,30,220.0,216.0546112060547
femto,2,scratch_ensemble,5,31,219.0,215.5768280029297
femto,2,scratch_ensemble,5,32,218.0,215.5493621826172
femto,2,scratch_ensemble,5,33,217.0,214.40542602539062
femto,2,scratch_ensemble,5,34,216.0,213.71383666992188
femto,2,scratch_ensemble,5,35,215.0,213.0055694580078
femto,2,scratch_ensemble,5,36,214.0,213.14236450195312
femto,2,scratch_ensemble,5,37,213.0,213.7397918701172
femto,2,scratch_ensemble,5,38,212.0,213.53445434570312
femto,2,scratch_ensemble,5,39,211.0,213.5137176513672
femto,2,scratch_ensemble,5,40,210.0,213.15219116210938
femto,2,scratch_ensemble,5,41,209.0,213.1248779296875
femto,2,scratch_ensemble,5,42,208.0,212.81985473632812
femto,2,scratch_ensemble,5,43,207.0,212.26779174804688
femto,2,scratch_ensemble,5,44,206.0,211.706787109375
femto,2,scratch_ensemble,5,45,205.0,211.60000610351562
femto,2,scratch_ensemble,5,46,204.0,210.83383178710938
femto,2,scratch_ensemble,5,47,203.0,210.9519805908203
femto,2,scratch_ensemble,5,48,202.0,210.1058349609375
femto,2,scratch_ensemble,5,49,201.0,209.72793579101562
femto,2,scratch_ensemble,5,50,200.0,210.06918334960938
femto,2,scratch_ensemble,5,51,199.0,210.1473388671875
femto,2,scratch_ensemble,5,52,198.0,207.9951934814453
femto,2,scratch_ensemble,5,53,197.0,208.2560577392578
femto,2,scratch_ensemble,5,54,196.0,207.6954345703125
femto,2,scratch_ensemble,5,55,195.0,208.0764923095703
femto,2,scratch_ensemble,5,56,194.0,207.4324951171875
femto,2,scratch_ensemble,5,57,193.0,207.4281005859375
femto,2,scratch_ensemble,5,58,192.0,206.4285125732422
femto,2,scratch_ensemble,5,59,191.0,206.15597534179688
femto,2,scratch_ensemble,5,60,190.0,206.4019317626953
femto,2,scratch_ensemble,5,61,189.0,207.202392578125
femto,2,scratch_ensemble,5,62,188.0,206.1491241455078
femto,2,scratch_ensemble,5,63,187.0,206.5976104736328
femto,2,scratch_ensemble,5,64,186.0,206.0165557861328
femto,2,scratch_ensemble,5,65,185.0,205.5996856689453
femto,2,scratch_ensemble,5,66,184.0,205.80465698242188
femto,2,scratch_ensemble,5,67,183.0,205.1724395751953
femto,2,scratch_ensemble,5,68,182.0,205.52963256835938
femto,2,scratch_ensemble,5,69,181.0,203.94918823242188
femto,2,scratch_ensemble,5,70,180.0,202.43753051757812
femto,2,scratch_ensemble,5,71,179.0,202.55319213867188
femto,2,scratch_ensemble,5,72,178.0,201.2452392578125
femto,2,scratch_ensemble,5,73,177.0,200.63113403320312
femto,2,scratch_ensemble,5,74,176.0,201.12850952148438
femto,2,scratch_ensemble,5,75,175.0,200.220947265625
femto,2,scratch_ensemble,5,76,174.0,200.912109375
femto,2,scratch_ensemble,5,77,173.0,199.59939575195312
femto,2,scratch_ensemble,5,78,172.0,200.43125915527344
femto,2,scratch_ensemble,5,79,171.0,200.0084228515625
femto,2,scratch_ensemble,5,80,170.0,199.32366943359375
femto,2,scratch_ensemble,5,81,169.0,198.58871459960938
femto,2,scratch_ensemble,5,82,168.0,198.57437133789062
femto,2,scratch_ensemble,5,83,167.0,196.40660095214844
femto,2,scratch_ensemble,5,84,166.0,196.8263397216797
femto,2,scratch_ensemble,5,85,165.0,196.54861450195312
femto,2,scratch_ensemble,5,86,164.0,195.28561401367188
femto,2,scratch_ensemble,5,87,163.0,194.20809936523438
femto,2,scratch_ensemble,5,88,162.0,194.60275268554688
femto,2,scratch_ensemble,5,89,161.0,194.9950714111328
femto,2,scratch_ensemble,5,90,160.0,194.3881072998047
femto,2,scratch_ensemble,5,91,159.0,194.32290649414062
femto,2,scratch_ensemble,5,92,158.0,191.2874298095703
femto,2,scratch_ensemble,5,93,157.0,191.22509765625
femto,2,scratch_ensemble,5,94,156.0,191.43820190429688
femto,2,scratch_ensemble,5,95,155.0,190.3092803955078
femto,2,scratch_ensemble,5,96,154.0,188.03045654296875
femto,2,scratch_ensemble,5,97,153.0,188.13568115234375
femto,2,scratch_ensemble,5,98,152.0,187.5543975830078
femto,2,scratch_ensemble,5,99,151.0,188.656005859375
femto,2,scratch_ensemble,5,100,150.0,188.54791259765625
femto,2,scratch_ensemble,5,101,149.0,186.3978271484375
femto,2,scratch_ensemble,5,102,148.0,185.48878479003906
femto,2,scratch_ensemble,5,103,147.0,184.7935028076172
femto,2,scratch_ensemble,5,104,146.0,182.7611083984375
femto,2,scratch_ensemble,5,105,145.0,179.21697998046875
femto,2,scratch_ensemble,5,106,144.0,180.49642944335938
femto,2,scratch_ensemble,5,107,143.0,177.2765350341797
femto,2,scratch_ensemble,5,108,142.0,173.77659606933594
femto,2,scratch_ensemble,5,109,141.0,172.7760467529297
femto,2,scratch_ensemble,5,110,140.0,173.28109741210938
femto,2,scratch_ensemble,5,111,139.0,175.48851013183594
femto,2,scratch_ensemble,5,112,138.0,176.7078857421875
femto,2,scratch_ensemble,5,113,137.0,174.35366821289062
femto,2,scratch_ensemble,5,114,136.0,166.67141723632812
femto,2,scratch_ensemble,5,115,135.0,168.63223266601562
femto,2,scratch_ensemble,5,116,134.0,169.8865509033203
femto,2,scratch_ensemble,5,117,133.0,166.12466430664062
femto,2,scratch_ensemble,5,118,132.0,166.93679809570312
femto,2,scratch_ensemble,5,119,131.0,163.24098205566406
femto,2,scratch_ensemble,5,120,130.0,160.65646362304688
femto,2,scratch_ensemble,5,121,129.0,161.5571746826172
femto,2,scratch_ensemble,5,122,128.0,161.14297485351562
femto,2,scratch_ensemble,5,123,127.00000762939453,160.813232421875
femto,2,scratch_ensemble,5,124,126.0,156.52145385742188
femto,2,scratch_ensemble,5,125,125.0,154.23773193359375
femto,2,scratch_ensemble,5,126,124.00000762939453,154.9750518798828
femto,2,scratch_ensemble,5,127,123.0,154.3061065673828
femto,2,scratch_ensemble,5,128,122.0,148.44345092773438
femto,2,scratch_ensemble,5,129,121.00000762939453,148.9827117919922
femto,2,scratch_ensemble,5,130,120.0,151.0701904296875
femto,2,scratch_ensemble,5,131,119.0,146.91738891601562
femto,2,scratch_ensemble,5,132,118.00000762939453,138.53677368164062
femto,2,scratch_ensemble,5,133,117.0,137.9059600830078
femto,2,scratch_ensemble,5,134,116.0,139.27322387695312
femto,2,scratch_ensemble,5,135,115.0,137.96804809570312
femto,2,scratch_ensemble,5,136,114.0,136.28411865234375
femto,2,scratch_ensemble,5,137,113.0,132.6010284423828
femto,2,scratch_ensemble,5,138,112.0,125.87574768066406
femto,2,scratch_ensemble,5,139,111.0,129.50942993164062
femto,2,scratch_ensemble,5,140,110.0,126.1229019165039
femto,2,scratch_ensemble,5,141,109.0,129.68240356445312
femto,2,scratch_ensemble,5,142,108.0,130.4403076171875
femto,2,scratch_ensemble,5,143,107.0,120.18455505371094
femto,2,scratch_ensemble,5,144,106.0,121.75001525878906
femto,2,scratch_ensemble,5,145,105.0,121.81417083740234
femto,2,scratch_ensemble,5,146,104.0,118.9488525390625
femto,2,scratch_ensemble,5,147,103.0,122.71928405761719
femto,2,scratch_ensemble,5,148,102.0,122.4856185913086
femto,2,scratch_ensemble,5,149,101.0,122.8774185180664
femto,2,scratch_ensemble,5,150,100.0,119.5042724609375
femto,2,scratch_ensemble,5,151,99.0,115.73191833496094
femto,2,scratch_ensemble,5,152,98.0,115.13807678222656
femto,2,scratch_ensemble,5,153,97.0,112.6343002319336
femto,2,scratch_ensemble,5,154,96.0,110.78193664550781
femto,2,scratch_ensemble,5,155,95.0,111.54618072509766
femto,2,scratch_ensemble,5,156,94.0,108.95777893066406
femto,2,scratch_ensemble,5,157,93.0,106.85223388671875
femto,2,scratch_ensemble,5,158,92.0,104.32808685302734
femto,2,scratch_ensemble,5,159,91.0,102.61405181884766
femto,2,scratch_ensemble,5,160,90.0,101.95503997802734
femto,2,scratch_ensemble,5,161,89.0,99.8572998046875
femto,2,scratch_ensemble,5,162,88.0,98.49089050292969
femto,2,scratch_ensemble,5,163,87.0,98.6991195678711
femto,2,scratch_ensemble,5,164,86.0,99.63458251953125
femto,2,scratch_ensemble,5,165,85.0,94.94218444824219
femto,2,scratch_ensemble,5,166,84.0,96.11181640625
femto,2,scratch_ensemble,5,167,83.0,95.49913024902344
femto,2,scratch_ensemble,5,168,82.0,96.0841293334961
femto,2,scratch_ensemble,5,169,81.0,92.2183837890625
femto,2,scratch_ensemble,5,170,80.0,90.8445816040039
femto,2,scratch_ensemble,5,171,79.0,90.56753540039062
femto,2,scratch_ensemble,5,172,78.0,88.02490234375
femto,2,scratch_ensemble,5,173,77.0,82.07147216796875
femto,2,scratch_ensemble,5,174,76.0,81.75972747802734
femto,2,scratch_ensemble,5,175,75.0,81.6460189819336
femto,2,scratch_ensemble,5,176,74.0,81.66654205322266
femto,2,scratch_ensemble,5,177,73.0,80.05169677734375
femto,2,scratch_ensemble,5,178,72.0,79.04295349121094
femto,2,scratch_ensemble,5,179,71.0,77.67665100097656
femto,2,scratch_ensemble,5,180,70.0,77.01393127441406
femto,2,scratch_ensemble,5,181,69.0,75.18296813964844
femto,2,scratch_ensemble,5,182,68.0,73.11936950683594
femto,2,scratch_ensemble,5,183,67.0,72.2068862915039
femto,2,scratch_ensemble,5,184,66.0,70.15226745605469
femto,2,scratch_ensemble,5,185,65.0,69.18821716308594
femto,2,scratch_ensemble,5,186,64.0,66.94877624511719
femto,2,scratch_ensemble,5,187,63.0,65.69039154052734
femto,2,scratch_ensemble,5,188,62.000003814697266,63.546875
femto,2,scratch_ensemble,5,189,61.0,62.3449821472168
femto,2,scratch_ensemble,5,190,60.0,60.68853759765625
femto,2,scratch_ensemble,5,191,59.000003814697266,59.420318603515625
femto,2,scratch_ensemble,5,192,58.0,58.103675842285156
femto,2,scratch_ensemble,5,193,57.0,56.19840621948242
femto,2,scratch_ensemble,5,194,56.0,55.49031448364258
femto,2,scratch_ensemble,5,195,55.0,54.09698486328125
femto,2,scratch_ensemble,5,196,54.0,52.61194610595703
femto,2,scratch_ensemble,5,197,53.0,51.802650451660156
femto,2,scratch_ensemble,5,198,52.0,49.85902404785156
femto,2,scratch_ensemble,5,199,51.0,48.113834381103516
femto,2,scratch_ensemble,5,200,50.0,46.340274810791016
femto,2,scratch_ensemble,5,201,49.0,45.38378143310547
femto,2,scratch_ensemble,5,202,48.0,43.71994400024414
femto,2,scratch_ensemble,5,203,47.0,42.661048889160156
femto,2,scratch_ensemble,5,204,46.0,41.642189025878906
femto,2,scratch_ensemble,5,205,45.0,39.90570831298828
femto,2,scratch_ensemble,5,206,44.0,39.0279655456543
femto,2,scratch_ensemble,5,207,43.0,37.5488395690918
femto,2,scratch_ensemble,5,208,42.0,35.799930572509766
femto,2,scratch_ensemble,5,209,41.0,34.74616241455078
femto,2,scratch_ensemble,5,210,40.0,33.54474639892578
femto,2,scratch_ensemble,5,211,39.0,32.88408279418945
femto,2,scratch_ensemble,5,212,38.0,31.0637149810791
femto,2,scratch_ensemble,5,213,37.0,29.787525177001953
femto,2,scratch_ensemble,5,214,36.0,28.551406860351562
femto,2,scratch_ensemble,5,215,35.0,27.46743392944336
femto,2,scratch_ensemble,5,216,34.0,26.562393188476562
femto,2,scratch_ensemble,5,217,33.0,25.437664031982422
femto,2,scratch_ensemble,5,218,32.0,24.69489288330078
femto,2,scratch_ensemble,5,219,31.000001907348633,22.718368530273438
femto,2,scratch_ensemble,5,220,30.0,21.74946403503418
femto,2,scratch_ensemble,5,221,29.0,21.021724700927734
femto,2,scratch_ensemble,5,222,28.0,19.639307022094727
femto,2,scratch_ensemble,5,223,27.0,18.7567081451416
femto,2,scratch_ensemble,5,224,26.0,18.373504638671875
femto,2,scratch_ensemble,5,225,25.0,17.420204162597656
femto,2,scratch_ensemble,5,226,24.0,16.680011749267578
femto,2,scratch_ensemble,5,227,23.0,15.34918212890625
femto,2,scratch_ensemble,5,228,22.0,14.338521003723145
femto,2,scratch_ensemble,5,229,21.0,14.145177841186523
femto,2,scratch_ensemble,5,230,20.0,13.259297370910645
femto,2,scratch_ensemble,5,231,19.0,12.284285545349121
femto,2,scratch_ensemble,5,232,18.0,11.51697826385498
femto,2,scratch_ensemble,5,233,17.0,10.773956298828125
femto,2,scratch_ensemble,5,234,16.0,10.161050796508789
femto,2,scratch_ensemble,5,235,15.0,9.222700119018555
femto,2,scratch_ensemble,5,236,14.0,8.490153312683105
femto,2,scratch_ensemble,5,237,13.0,7.847590446472168
femto,2,scratch_ensemble,5,238,12.0,7.42279577255249
femto,2,scratch_ensemble,5,239,11.0,6.722042083740234
femto,2,scratch_ensemble,5,240,10.0,6.1302337646484375
femto,2,scratch_ensemble,5,241,9.0,5.535658836364746
femto,2,scratch_ensemble,5,242,8.0,5.104025363922119
femto,2,scratch_ensemble,5,243,7.0,4.568540096282959
femto,2,scratch_ensemble,5,244,6.0,4.18644380569458
femto,2,scratch_ensemble,5,245,5.0,3.9495327472686768
femto,2,scratch_ensemble,5,246,4.0,3.532604217529297
femto,2,scratch_ensemble,5,247,3.0,3.02764892578125
femto,2,scratch_ensemble,5,248,2.0,2.444681167602539
femto,2,scratch_ensemble,5,249,1.0,2.0706236362457275
femto,2,scratch_ensemble,5,250,0.0,1.8199012279510498
femto,2,scratch_ensemble,5,251,0.0,1.3904292583465576
femto,2,scratch_ensemble,5,252,0.0,1.122370719909668
femto,2,scratch_ensemble,5,253,0.0,0.9009405374526978
femto,2,scratch_ensemble,5,254,0.0,0.6258842349052429
femto,2,scratch_ensemble,5,255,0.0,0.2902890741825104
femto,2,scratch_ensemble,5,256,0.0,0.011352980509400368
femto,2,scratch_ensemble,5,257,0.0,-0.23359183967113495
femto,2,scratch_ensemble,5,258,0.0,-0.48307809233665466
femto,2,scratch_ensemble,5,259,0.0,-0.7699981927871704
femto,2,scratch_ensemble,5,260,0.0,-0.8755760192871094
femto,2,scratch_ensemble,5,261,0.0,-1.0032927989959717
femto,2,scratch_ensemble,5,262,0.0,-1.1745002269744873
femto,2,scratch_ensemble,5,263,0.0,-1.0377916097640991
femto,2,scratch_ensemble,5,264,0.0,-1.1428797245025635
femto,2,scratch_ensemble,5,265,0.0,-1.14254891872406
femto,2,scratch_ensemble,5,266,0.0,-0.970292866230011
femto,2,scratch_ensemble,5,267,0.0,-0.8548482060432434
femto,2,scratch_ensemble,5,268,0.0,-0.7478528618812561
femto,2,scratch_ensemble,5,269,0.0,-0.760309100151062
femto,2,scratch_ensemble,5,270,0.0,-0.6452041268348694
femto,2,scratch_ensemble,5,271,0.0,-0.6324425935745239
femto,2,scratch_ensemble,5,272,0.0,-0.40784579515457153
femto,2,scratch_ensemble,5,273,0.0,-0.2628146708011627
femto,2,scratch_ensemble,5,274,0.0,-0.08839559555053711
femto,2,scratch_ensemble,5,275,0.0,0.08882351219654083
femto,2,scratch_ensemble,5,276,0.0,0.3260844349861145
femto,2,scratch_ensemble,5,277,0.0,0.612285852432251
femto,2,scratch_ensemble,5,278,0.0,0.8235321044921875
femto,2,scratch_ensemble,5,279,0.0,1.0959049463272095
femto,2,scratch_ensemble,5,280,0.0,1.3955252170562744
femto,2,scratch_ensemble,5,281,0.0,1.6752992868423462
femto,2,scratch_ensemble,5,282,0.0,2.0081753730773926
femto,2,scratch_ensemble,5,283,0.0,2.4475693702697754
femto,2,scratch_ensemble,5,284,0.0,2.9310073852539062
femto,2,scratch_ensemble,5,285,0.0,3.3821990489959717
femto,2,scratch_ensemble,5,286,0.0,3.855571746826172
femto,2,scratch_ensemble,5,287,0.0,4.272032737731934
femto,2,scratch_ensemble,5,288,0.0,4.783316135406494
femto,2,scratch_ensemble,5,289,0.0,5.4044318199157715
femto,2,scratch_ensemble,5,290,0.0,6.016269207000732
femto,2,scratch_ensemble,5,291,0.0,6.6826324462890625
femto,2,scratch_ensemble,5,292,0.0,7.307704925537109
femto,2,scratch_ensemble,5,293,0.0,7.957711696624756
femto,2,scratch_ensemble,5,294,0.0,8.644481658935547
femto,2,scratch_ensemble,5,295,0.0,9.353541374206543
femto,2,scratch_ensemble,5,296,0.0,10.0359525680542
femto,2,scratch_ensemble,5,297,0.0,10.66491985321045
femto,2,scratch_ensemble,5,298,0.0,11.312063217163086
femto,2,scratch_ensemble,5,299,0.0,11.847599029541016
femto,2,ridge_ensemble,5,19,231.0,248.4330596923828
femto,2,ridge_ensemble,5,20,230.0,247.29409790039062
femto,2,ridge_ensemble,5,21,229.0,246.28634643554688
femto,2,ridge_ensemble,5,22,228.0,245.3134765625
femto,2,ridge_ensemble,5,23,227.0,244.0780487060547
femto,2,ridge_ensemble,5,24,226.0,243.01161193847656
femto,2,ridge_ensemble,5,25,225.0,241.8900909423828
femto,2,ridge_ensemble,5,26,224.0,240.86085510253906
femto,2,ridge_ensemble,5,27,223.0,239.77679443359375
femto,2,ridge_ensemble,5,28,222.0,238.69862365722656
femto,2,ridge_ensemble,5,29,221.0,237.5498504638672
femto,2,ridge_ensemble,5,30,220.0,236.43580627441406
femto,2,ridge_ensemble,5,31,219.0,235.4617156982422
femto,2,ridge_ensemble,5,32,218.0,234.3867950439453
femto,2,ridge_ensemble,5,33,217.0,233.32725524902344
femto,2,ridge_ensemble,5,34,216.0,232.2930145263672
femto,2,ridge_ensemble,5,35,215.0,231.0382843017578
femto,2,ridge_ensemble,5,36,214.0,230.01702880859375
femto,2,ridge_ensemble,5,37,213.0,228.9562225341797
femto,2,ridge_ensemble,5,38,212.0,227.9229736328125
femto,2,ridge_ensemble,5,39,211.0,226.63876342773438
femto,2,ridge_ensemble,5,40,210.0,225.7232666015625
femto,2,ridge_ensemble,5,41,209.0,224.655029296875
femto,2,ridge_ensemble,5,42,208.0,223.486572265625
femto,2,ridge_ensemble,5,43,207.0,222.37905883789062
femto,2,ridge_ensemble,5,44,206.0,221.39761352539062
femto,2,ridge_ensemble,5,45,205.0,220.16043090820312
femto,2,ridge_ensemble,5,46,204.0,219.06700134277344
femto,2,ridge_ensemble,5,47,203.0,218.09654235839844
femto,2,ridge_ensemble,5,48,202.0,216.92942810058594
femto,2,ridge_ensemble,5,49,201.0,215.9314727783203
femto,2,ridge_ensemble,5,50,200.0,214.81976318359375
femto,2,ridge_ensemble,5,51,199.0,213.78028869628906
femto,2,ridge_ensemble,5,52,198.0,212.63949584960938
femto,2,ridge_ensemble,5,53,197.0,211.6297149658203
femto,2,ridge_ensemble,5,54,196.0,210.60462951660156
femto,2,ridge_ensemble,5,55,195.0,209.36070251464844
femto,2,ridge_ensemble,5,56,194.0,208.31036376953125
femto,2,ridge_ensemble,5,57,193.0,207.2026824951172
femto,2,ridge_ensemble,5,58,192.0,206.16285705566406
femto,2,ridge_ensemble,5,59,191.0,205.03648376464844
femto,2,ridge_ensemble,5,60,190.0,204.1724853515625
femto,2,ridge_ensemble,5,61,189.0,202.99598693847656
femto,2,ridge_ensemble,5,62,188.0,202.07296752929688
femto,2,ridge_ensemble,5,63,187.0,200.810302734375
femto,2,ridge_ensemble,5,64,186.0,199.76275634765625
femto,2,ridge_ensemble,5,65,185.0,198.55271911621094
femto,2,ridge_ensemble,5,66,184.0,197.48153686523438
femto,2,ridge_ensemble,5,67,183.0,196.37240600585938
femto,2,ridge_ensemble,5,68,182.0,195.5206756591797
femto,2,ridge_ensemble,5,69,181.0,194.24188232421875
femto,2,ridge_ensemble,5,70,180.0,193.2972869873047
femto,2,ridge_ensemble,5,71,179.0,192.1536865234375
femto,2,ridge_ensemble,5,72,178.0,191.10711669921875
femto,2,ridge_ensemble,5,73,177.0,190.1165313720703
femto,2,ridge_ensemble,5,74,176.0,188.98472595214844
femto,2,ridge_ensemble,5,75,175.0,187.8999481201172
femto,2,ridge_ensemble,5,76,174.0,186.738037109375
femto,2,ridge_ensemble,5,77,173.0,185.58078002929688
femto,2,ridge_ensemble,5,78,172.0,184.4240264892578
femto,2,ridge_ensemble,5,79,171.0,183.39976501464844
femto,2,ridge_ensemble,5,80,170.0,182.47467041015625
femto,2,ridge_ensemble,5,81,169.0,181.30230712890625
femto,2,ridge_ensemble,5,82,168.0,180.2696075439453
femto,2,ridge_ensemble,5,83,167.0,179.05300903320312
femto,2,ridge_ensemble,5,84,166.0,178.0265350341797
femto,2,ridge_ensemble,5,85,165.0,177.03794860839844
femto,2,ridge_ensemble,5,86,164.0,175.74119567871094
femto,2,ridge_ensemble,5,87,163.0,174.71246337890625
femto,2,ridge_ensemble,5,88,162.0,173.6591796875
femto,2,ridge_ensemble,5,89,161.0,172.73370361328125
femto,2,ridge_ensemble,5,90,160.0,171.69198608398438
femto,2,ridge_ensemble,5,91,159.0,170.47300720214844
femto,2,ridge_ensemble,5,92,158.0,169.39193725585938
femto,2,ridge_ensemble,5,93,157.0,168.27281188964844
femto,2,ridge_ensemble,5,94,156.0,167.185546875
femto,2,ridge_ensemble,5,95,155.0,166.07513427734375
femto,2,ridge_ensemble,5,96,154.0,165.01319885253906
femto,2,ridge_ensemble,5,97,153.0,163.93186950683594
femto,2,ridge_ensemble,5,98,152.0,162.87147521972656
femto,2,ridge_ensemble,5,99,151.0,161.8385772705078
femto,2,ridge_ensemble,5,100,150.0,160.66432189941406
femto,2,ridge_ensemble,5,101,149.0,159.5171661376953
femto,2,ridge_ensemble,5,102,148.0,158.48472595214844
femto,2,ridge_ensemble,5,103,147.0,157.45851135253906
femto,2,ridge_ensemble,5,104,146.0,156.4108428955078
femto,2,ridge_ensemble,5,105,145.0,155.26043701171875
femto,2,ridge_ensemble,5,106,144.0,154.2718505859375
femto,2,ridge_ensemble,5,107,143.0,152.9961395263672
femto,2,ridge_ensemble,5,108,142.0,152.03648376464844
femto,2,ridge_ensemble,5,109,141.0,150.9326629638672
femto,2,ridge_ensemble,5,110,140.0,149.9819793701172
femto,2,ridge_ensemble,5,111,139.0,148.72567749023438
femto,2,ridge_ensemble,5,112,138.0,147.7654266357422
femto,2,ridge_ensemble,5,113,137.0,146.61599731445312
femto,2,ridge_ensemble,5,114,136.0,145.62835693359375
femto,2,ridge_ensemble,5,115,135.0,144.4102325439453
femto,2,ridge_ensemble,5,116,134.0,143.3585205078125
femto,2,ridge_ensemble,5,117,133.0,142.25454711914062
femto,2,ridge_ensemble,5,118,132.0,141.13063049316406
femto,2,ridge_ensemble,5,119,131.0,140.0065460205078
femto,2,ridge_ensemble,5,120,130.0,139.03799438476562
femto,2,ridge_ensemble,5,121,129.0,137.90892028808594
femto,2,ridge_ensemble,5,122,128.0,136.91969299316406
femto,2,ridge_ensemble,5,123,127.00000762939453,135.7589569091797
femto,2,ridge_ensemble,5,124,126.0,134.6819610595703
femto,2,ridge_ensemble,5,125,125.0,133.60107421875
femto,2,ridge_ensemble,5,126,124.00000762939453,132.44647216796875
femto,2,ridge_ensemble,5,127,123.0,131.39512634277344
femto,2,ridge_ensemble,5,128,122.0,130.45008850097656
femto,2,ridge_ensemble,5,129,121.00000762939453,129.18817138671875
femto,2,ridge_ensemble,5,130,120.0,128.19175720214844
femto,2,ridge_ensemble,5,131,119.0,126.98297119140625
femto,2,ridge_ensemble,5,132,118.00000762939453,125.93929290771484
femto,2,ridge_ensemble,5,133,117.0,124.81554412841797
femto,2,ridge_ensemble,5,134,116.0,123.82044219970703
femto,2,ridge_ensemble,5,135,115.0,122.866943359375
femto,2,ridge_ensemble,5,136,114.0,121.6623764038086
femto,2,ridge_ensemble,5,137,113.0,120.3934097290039
femto,2,ridge_ensemble,5,138,112.0,119.46842956542969
femto,2,ridge_ensemble,5,139,111.0,118.37992858886719
femto,2,ridge_ensemble,5,140,110.0,117.17803955078125
femto,2,ridge_ensemble,5,141,109.0,116.1467514038086
femto,2,ridge_ensemble,5,142,108.0,115.10147857666016
femto,2,ridge_ensemble,5,143,107.0,113.93870544433594
femto,2,ridge_ensemble,5,144,106.0,112.88119506835938
femto,2,ridge_ensemble,5,145,105.0,111.87001037597656
femto,2,ridge_ensemble,5,146,104.0,110.6443862915039
femto,2,ridge_ensemble,5,147,103.0,109.75830078125
femto,2,ridge_ensemble,5,148,102.0,108.53701782226562
femto,2,ridge_ensemble,5,149,101.0,107.4838638305664
femto,2,ridge_ensemble,5,150,100.0,106.3485107421875
femto,2,ridge_ensemble,5,151,99.0,105.26909637451172
femto,2,ridge_ensemble,5,152,98.0,104.2840805053711
femto,2,ridge_ensemble,5,153,97.0,103.185791015625
femto,2,ridge_ensemble,5,154,96.0,101.91981506347656
femto,2,ridge_ensemble,5,155,95.0,100.96392059326172
femto,2,ridge_ensemble,5,156,94.0,99.79790496826172
femto,2,ridge_ensemble,5,157,93.0,98.73772430419922
femto,2,ridge_ensemble,5,158,92.0,97.79319763183594
femto,2,ridge_ensemble,5,159,91.0,96.55351257324219
femto,2,ridge_ensemble,5,160,90.0,95.50791931152344
femto,2,ridge_ensemble,5,161,89.0,94.39277648925781
femto,2,ridge_ensemble,5,162,88.0,93.24063873291016
femto,2,ridge_ensemble,5,163,87.0,92.23998260498047
femto,2,ridge_ensemble,5,164,86.0,91.13844299316406
femto,2,ridge_ensemble,5,165,85.0,90.13681030273438
femto,2,ridge_ensemble,5,166,84.0,89.07845306396484
femto,2,ridge_ensemble,5,167,83.0,87.92570495605469
femto,2,ridge_ensemble,5,168,82.0,86.75746154785156
femto,2,ridge_ensemble,5,169,81.0,85.82173156738281
femto,2,ridge_ensemble,5,170,80.0,84.64376068115234
femto,2,ridge_ensemble,5,171,79.0,83.58148956298828
femto,2,ridge_ensemble,5,172,78.0,82.45592498779297
femto,2,ridge_ensemble,5,173,77.0,81.25599670410156
femto,2,ridge_ensemble,5,174,76.0,80.17134094238281
femto,2,ridge_ensemble,5,175,75.0,79.18379211425781
femto,2,ridge_ensemble,5,176,74.0,78.1107177734375
femto,2,ridge_ensemble,5,177,73.0,77.0682373046875
femto,2,ridge_ensemble,5,178,72.0,75.94365692138672
femto,2,ridge_ensemble,5,179,71.0,74.76909637451172
femto,2,ridge_ensemble,5,180,70.0,73.90231323242188
femto,2,ridge_ensemble,5,181,69.0,72.5010986328125
femto,2,ridge_ensemble,5,182,68.0,71.42127990722656
femto,2,ridge_ensemble,5,183,67.0,70.29309844970703
femto,2,ridge_ensemble,5,184,66.0,69.23196411132812
femto,2,ridge_ensemble,5,185,65.0,68.3414535522461
femto,2,ridge_ensemble,5,186,64.0,67.00684356689453
femto,2,ridge_ensemble,5,187,63.0,66.05859375
femto,2,ridge_ensemble,5,188,62.000003814697266,64.85295867919922
femto,2,ridge_ensemble,5,189,61.0,63.923133850097656
femto,2,ridge_ensemble,5,190,60.0,62.71078872680664
femto,2,ridge_ensemble,5,191,59.000003814697266,61.72825622558594
femto,2,ridge_ensemble,5,192,58.0,60.52708053588867
femto,2,ridge_ensemble,5,193,57.0,59.35841369628906
femto,2,ridge_ensemble,5,194,56.0,58.34899139404297
femto,2,ridge_ensemble,5,195,55.0,57.2235221862793
femto,2,ridge_ensemble,5,196,54.0,56.085731506347656
femto,2,ridge_ensemble,5,197,53.0,55.12815475463867
femto,2,ridge_ensemble,5,198,52.0,53.98031234741211
femto,2,ridge_ensemble,5,199,51.0,52.86479187011719
femto,2,ridge_ensemble,5,200,50.0,51.747798919677734
femto,2,ridge_ensemble,5,201,49.0,50.603511810302734
femto,2,ridge_ensemble,5,202,48.0,49.46611785888672
femto,2,ridge_ensemble,5,203,47.0,48.54728317260742
femto,2,ridge_ensemble,5,204,46.0,47.319854736328125
femto,2,ridge_ensemble,5,205,45.0,46.21768569946289
femto,2,ridge_ensemble,5,206,44.0,45.18406295776367
femto,2,ridge_ensemble,5,207,43.0,44.24028778076172
femto,2,ridge_ensemble,5,208,42.0,43.06389617919922
femto,2,ridge_ensemble,5,209,41.0,42.04555892944336
femto,2,ridge_ensemble,5,210,40.0,40.882991790771484
femto,2,ridge_ensemble,5,211,39.0,39.763465881347656
femto,2,ridge_ensemble,5,212,38.0,38.69523620605469
femto,2,ridge_ensemble,5,213,37.0,37.55527877807617
femto,2,ridge_ensemble,5,214,36.0,36.479496002197266
femto,2,ridge_ensemble,5,215,35.0,35.30288314819336
femto,2,ridge_ensemble,5,216,34.0,34.40126419067383
femto,2,ridge_ensemble,5,217,33.0,33.223236083984375
femto,2,ridge_ensemble,5,218,32.0,32.16248321533203
femto,2,ridge_ensemble,5,219,31.000001907348633,31.083723068237305
femto,2,ridge_ensemble,5,220,30.0,29.855972290039062
femto,2,ridge_ensemble,5,221,29.0,28.918968200683594
femto,2,ridge_ensemble,5,222,28.0,27.781282424926758
femto,2,ridge_ensemble,5,223,27.0,26.621023178100586
femto,2,ridge_ensemble,5,224,26.0,25.541397094726562
femto,2,ridge_ensemble,5,225,25.0,24.4686279296875
femto,2,ridge_ensemble,5,226,24.0,23.3651180267334
femto,2,ridge_ensemble,5,227,23.0,22.340505599975586
femto,2,ridge_ensemble,5,228,22.0,21.232654571533203
femto,2,ridge_ensemble,5,229,21.0,20.065412521362305
femto,2,ridge_ensemble,5,230,20.0,19.08808708190918
femto,2,ridge_ensemble,5,231,19.0,17.957595825195312
femto,2,ridge_ensemble,5,232,18.0,16.935232162475586
femto,2,ridge_ensemble,5,233,17.0,15.661751747131348
femto,2,ridge_ensemble,5,234,16.0,14.649535179138184
femto,2,ridge_ensemble,5,235,15.0,13.533669471740723
femto,2,ridge_ensemble,5,236,14.0,12.526578903198242
femto,2,ridge_ensemble,5,237,13.0,11.342850685119629
femto,2,ridge_ensemble,5,238,12.0,10.404167175292969
femto,2,ridge_ensemble,5,239,11.0,9.127775192260742
femto,2,ridge_ensemble,5,240,10.0,8.07434368133545
femto,2,ridge_ensemble,5,241,9.0,6.8454132080078125
femto,2,ridge_ensemble,5,242,8.0,5.939690113067627
femto,2,ridge_ensemble,5,243,7.0,4.690126419067383
femto,2,ridge_ensemble,5,244,6.0,3.740952253341675
femto,2,ridge_ensemble,5,245,5.0,2.4790990352630615
femto,2,ridge_ensemble,5,246,4.0,1.6048543453216553
femto,2,ridge_ensemble,5,247,3.0,0.3195715844631195
femto,2,ridge_ensemble,5,248,2.0,0.0
femto,2,ridge_ensemble,5,249,1.0,0.0
femto,2,ridge_ensemble,5,250,0.0,0.0
femto,2,ridge_ensemble,5,251,0.0,0.0
femto,2,ridge_ensemble,5,252,0.0,0.0
femto,2,ridge_ensemble,5,253,0.0,0.0
femto,2,ridge_ensemble,5,254,0.0,0.0
femto,2,ridge_ensemble,5,255,0.0,0.0
femto,2,ridge_ensemble,5,256,0.0,0.0
femto,2,ridge_ensemble,5,257,0.0,0.0
femto,2,ridge_ensemble,5,258,0.0,0.0
femto,2,ridge_ensemble,5,259,0.0,0.0
femto,2,ridge_ensemble,5,260,0.0,0.0
femto,2,ridge_ensemble,5,261,0.0,0.0
femto,2,ridge_ensemble,5,262,0.0,0.0
femto,2,ridge_ensemble,5,263,0.0,0.0
femto,2,ridge_ensemble,5,264,0.0,0.0
femto,2,ridge_ensemble,5,265,0.0,0.0
femto,2,ridge_ensemble,5,266,0.0,0.0
femto,2,ridge_ensemble,5,267,0.0,0.0
femto,2,ridge_ensemble,5,268,0.0,0.0
femto,2,ridge_ensemble,5,269,0.0,0.0
femto,2,ridge_ensemble,5,270,0.0,0.0
femto,2,ridge_ensemble,5,271,0.0,0.0
femto,2,ridge_ensemble,5,272,0.0,0.0
femto,2,ridge_ensemble,5,273,0.0,0.0
femto,2,ridge_ensemble,5,274,0.0,0.0
femto,2,ridge_ensemble,5,275,0.0,0.0
femto,2,ridge_ensemble,5,276,0.0,0.0
femto,2,ridge_ensemble,5,277,0.0,0.0
femto,2,ridge_ensemble,5,278,0.0,0.0
femto,2,ridge_ensemble,5,279,0.0,0.0
femto,2,ridge_ensemble,5,280,0.0,0.0
femto,2,ridge_ensemble,5,281,0.0,0.0
femto,2,ridge_ensemble,5,282,0.0,0.0
femto,2,ridge_ensemble,5,283,0.0,0.0
femto,2,ridge_ensemble,5,284,0.0,0.0
femto,2,ridge_ensemble,5,285,0.0,0.0
femto,2,ridge_ensemble,5,286,0.0,0.0
femto,2,ridge_ensemble,5,287,0.0,0.0
femto,2,ridge_ensemble,5,288,0.0,0.0
femto,2,ridge_ensemble,5,289,0.0,0.0
femto,2,ridge_ensemble,5,290,0.0,0.0
femto,2,ridge_ensemble,5,291,0.0,0.0
femto,2,ridge_ensemble,5,292,0.0,0.0
femto,2,ridge_ensemble,5,293,0.0,0.0
femto,2,ridge_ensemble,5,294,0.0,0.0
femto,2,ridge_ensemble,5,295,0.0,0.0
femto,2,ridge_ensemble,5,296,0.0,0.0
femto,2,ridge_ensemble,5,297,0.0,0.0
femto,2,ridge_ensemble,5,298,0.0,0.0
femto,2,ridge_ensemble,5,299,0.0,0.0
femto,3,transfer_ensemble,5,19,231.0,219.061279296875
femto,3,transfer_ensemble,5,20,230.0,218.6779022216797
femto,3,transfer_ensemble,5,21,229.0,218.6342315673828
femto,3,transfer_ensemble,5,22,228.0,218.7742919921875
femto,3,transfer_ensemble,5,23,227.0,219.43209838867188
femto,3,transfer_ensemble,5,24,226.0,219.2529754638672
femto,3,transfer_ensemble,5,25,225.0,218.8673553466797
femto,3,transfer_ensemble,5,26,224.0,218.4693603515625
femto,3,transfer_ensemble,5,27,223.0,218.9622344970703
femto,3,transfer_ensemble,5,28,222.0,219.26235961914062
femto,3,transfer_ensemble,5,29,221.0,219.1733856201172
femto,3,transfer_ensemble,5,30,220.0,218.6642303466797
femto,3,transfer_ensemble,5,31,219.0,219.062744140625
femto,3,transfer_ensemble,5,32,218.0,219.0642547607422
femto,3,transfer_ensemble,5,33,217.0,218.0351104736328
femto,3,transfer_ensemble,5,34,216.0,218.04336547851562
femto,3,transfer_ensemble,5,35,215.0,215.7655029296875
femto,3,transfer_ensemble,5,36,214.0,215.74832153320312
femto,3,transfer_ensemble,5,37,213.0,216.41024780273438
femto,3,transfer_ensemble,5,38,212.0,216.8965301513672
femto,3,transfer_ensemble,5,39,211.0,216.15530395507812
femto,3,transfer_ensemble,5,40,210.0,216.503173828125
femto,3,transfer_ensemble,5,41,209.0,217.20925903320312
femto,3,transfer_ensemble,5,42,208.0,217.22201538085938
femto,3,transfer_ensemble,5,43,207.0,216.5171356201172
femto,3,transfer_ensemble,5,44,206.0,216.286865234375
femto,3,transfer_ensemble,5,45,205.0,216.11697387695312
femto,3,transfer_ensemble,5,46,204.0,214.80569458007812
femto,3,transfer_ensemble,5,47,203.0,215.96923828125
femto,3,transfer_ensemble,5,48,202.0,215.5453643798828
femto,3,transfer_ensemble,5,49,201.0,213.9055938720703
femto,3,transfer_ensemble,5,50,200.0,214.1748504638672
femto,3,transfer_ensemble,5,51,199.0,215.1683349609375
femto,3,transfer_ensemble,5,52,198.0,212.33432006835938
femto,3,transfer_ensemble,5,53,197.0,212.7038116455078
femto,3,transfer_ensemble,5,54,196.0,213.88525390625
femto,3,transfer_ensemble,5,55,195.0,214.51858520507812
femto,3,transfer_ensemble,5,56,194.0,214.22689819335938
femto,3,transfer_ensemble,5,57,193.0,213.7610626220703
femto,3,transfer_ensemble,5,58,192.0,212.86251831054688
femto,3,transfer_ensemble,5,59,191.0,210.70980834960938
femto,3,transfer_ensemble,5,60,190.0,211.70016479492188
femto,3,transfer_ensemble,5,61,189.0,212.5879669189453
femto,3,transfer_ensemble,5,62,188.0,213.276123046875
femto,3,transfer_ensemble,5,63,187.0,213.26174926757812
femto,3,transfer_ensemble,5,64,186.0,212.42333984375
femto,3,transfer_ensemble,5,65,185.0,211.9644775390625
femto,3,transfer_ensemble,5,66,184.0,212.16455078125
femto,3,transfer_ensemble,5,67,183.0,209.41122436523438
femto,3,transfer_ensemble,5,68,182.0,209.41586303710938
femto,3,transfer_ensemble,5,69,181.0,210.5666961669922
femto,3,transfer_ensemble,5,70,180.0,208.4270477294922
femto,3,transfer_ensemble,5,71,179.0,210.2705078125
femto,3,transfer_ensemble,5,72,178.0,208.82254028320312
femto,3,transfer_ensemble,5,73,177.0,208.58822631835938
femto,3,transfer_ensemble,5,74,176.0,209.5613555908203
femto,3,transfer_ensemble,5,75,175.0,206.3506622314453
femto,3,transfer_ensemble,5,76,174.0,207.5696258544922
femto,3,transfer_ensemble,5,77,173.0,207.78604125976562
femto,3,transfer_ensemble,5,78,172.0,206.9620819091797
femto,3,transfer_ensemble,5,79,171.0,207.0712432861328
femto,3,transfer_ensemble,5,80,170.0,205.7293701171875
femto,3,transfer_ensemble,5,81,169.0,205.40866088867188
femto,3,transfer_ensemble,5,82,168.0,206.27157592773438
femto,3,transfer_ensemble,5,83,167.0,204.22607421875
femto,3,transfer_ensemble,5,84,166.0,204.28944396972656
femto,3,transfer_ensemble,5,85,165.0,202.77842712402344
femto,3,transfer_ensemble,5,86,164.0,200.5667724609375
femto,3,transfer_ensemble,5,87,163.0,198.662353515625
femto,3,transfer_ensemble,5,88,162.0,200.157958984375
femto,3,transfer_ensemble,5,89,161.0,200.20498657226562
femto,3,transfer_ensemble,5,90,160.0,200.8374786376953
femto,3,transfer_ensemble,5,91,159.0,202.10299682617188
femto,3,transfer_ensemble,5,92,158.0,199.9265899658203
femto,3,transfer_ensemble,5,93,157.0,198.6082000732422
femto,3,transfer_ensemble,5,94,156.0,200.03477478027344
femto,3,transfer_ensemble,5,95,155.0,198.2521209716797
femto,3,transfer_ensemble,5,96,154.0,195.6654052734375
femto,3,transfer_ensemble,5,97,153.0,194.7391357421875
femto,3,transfer_ensemble,5,98,152.0,194.333984375
femto,3,transfer_ensemble,5,99,151.0,194.70138549804688
femto,3,transfer_ensemble,5,100,150.0,194.792724609375
femto,3,transfer_ensemble,5,101,149.0,194.81027221679688
femto,3,transfer_ensemble,5,102,148.0,191.05789184570312
femto,3,transfer_ensemble,5,103,147.0,189.78939819335938
femto,3,transfer_ensemble,5,104,146.0,187.4844970703125
femto,3,transfer_ensemble,5,105,145.0,184.89895629882812
femto,3,transfer_ensemble,5,106,144.0,186.21206665039062
femto,3,transfer_ensemble,5,107,143.0,182.99864196777344
femto,3,transfer_ensemble,5,108,142.0,179.8961181640625
femto,3,transfer_ensemble,5,109,141.0,177.71102905273438
femto,3,transfer_ensemble,5,110,140.0,180.5111083984375
femto,3,transfer_ensemble,5,111,139.0,183.26055908203125
femto,3,transfer_ensemble,5,112,138.0,184.53762817382812
femto,3,transfer_ensemble,5,113,137.0,183.23825073242188
femto,3,transfer_ensemble,5,114,136.0,173.69125366210938
femto,3,transfer_ensemble,5,115,135.0,174.27650451660156
femto,3,transfer_ensemble,5,116,134.0,173.3492889404297
femto,3,transfer_ensemble,5,117,133.0,169.4636688232422
femto,3,transfer_ensemble,5,118,132.0,170.1911163330078
femto,3,transfer_ensemble,5,119,131.0,168.52378845214844
femto,3,transfer_ensemble,5,120,130.0,163.64407348632812
femto,3,transfer_ensemble,5,121,129.0,165.090576171875
femto,3,transfer_ensemble,5,122,128.0,165.8885955810547
femto,3,transfer_ensemble,5,123,127.00000762939453,168.53453063964844
femto,3,transfer_ensemble,5,124,126.0,160.36514282226562
femto,3,transfer_ensemble,5,125,125.0,159.94155883789062
femto,3,transfer_ensemble,5,126,124.00000762939453,161.0012969970703
femto,3,transfer_ensemble,5,127,123.0,157.4583740234375
femto,3,transfer_ensemble,5,128,122.0,151.68658447265625
femto,3,transfer_ensemble,5,129,121.00000762939453,151.82003784179688
femto,3,transfer_ensemble,5,130,120.0,151.86740112304688
femto,3,transfer_ensemble,5,131,119.0,150.38995361328125
femto,3,transfer_ensemble,5,132,118.00000762939453,140.31436157226562
femto,3,transfer_ensemble,5,133,117.0,138.7905731201172
femto,3,transfer_ensemble,5,134,116.0,139.45407104492188
femto,3,transfer_ensemble,5,135,115.0,139.57009887695312
femto,3,transfer_ensemble,5,136,114.0,137.8754119873047
femto,3,transfer_ensemble,5,137,113.0,133.1774444580078
femto,3,transfer_ensemble,5,138,112.0,125.22212219238281
femto,3,transfer_ensemble,5,139,111.0,130.81381225585938
femto,3,transfer_ensemble,5,140,110.0,125.314697265625
femto,3,transfer_ensemble,5,141,109.0,131.75277709960938
femto,3,transfer_ensemble,5,142,108.0,133.56907653808594
femto,3,transfer_ensemble,5,143,107.0,119.23551177978516
femto,3,transfer_ensemble,5,144,106.0,121.25797271728516
femto,3,transfer_ensemble,5,145,105.0,122.33272552490234
femto,3,transfer_ensemble,5,146,104.0,120.3944091796875
femto,3,transfer_ensemble,5,147,103.0,124.49056243896484
femto,3,transfer_ensemble,5,148,102.0,124.78861999511719
femto,3,transfer_ensemble,5,149,101.0,125.13130187988281
femto,3,transfer_ensemble,5,150,100.0,121.1005859375
femto,3,transfer_ensemble,5,151,99.0,117.19671630859375
femto,3,transfer_ensemble,5,152,98.0,114.59788513183594
femto,3,transfer_ensemble,5,153,97.0,112.3382568359375
femto,3,transfer_ensemble,5,154,96.0,107.78997802734375
femto,3,transfer_ensemble,5,155,95.0,108.67158508300781
femto,3,transfer_ensemble,5,156,94.0,106.11795806884766
femto,3,transfer_ensemble,5,157,93.0,103.51617431640625
femto,3,transfer_ensemble,5,158,92.0,101.11404418945312
femto,3,transfer_ensemble,5,159,91.0,99.84622192382812
femto,3,transfer_ensemble,5,160,90.0,100.2391128540039
femto,3,transfer_ensemble,5,161,89.0,97.52034759521484
femto,3,transfer_ensemble,5,162,88.0,97.48213958740234
femto,3,transfer_ensemble,5,163,87.0,97.09757232666016
femto,3,transfer_ensemble,5,164,86.0,98.32290649414062
femto,3,transfer_ensemble,5,165,85.0,94.5752944946289
femto,3,transfer_ensemble,5,166,84.0,99.32539367675781
femto,3,transfer_ensemble,5,167,83.0,94.99180603027344
femto,3,transfer_ensemble,5,168,82.0,92.53141021728516
femto,3,transfer_ensemble,5,169,81.0,88.06790924072266
femto,3,transfer_ensemble,5,170,80.0,85.47040557861328
femto,3,transfer_ensemble,5,171,79.0,86.53180694580078
femto,3,transfer_ensemble,5,172,78.0,85.12454223632812
femto,3,transfer_ensemble,5,173,77.0,77.28961181640625
femto,3,transfer_ensemble,5,174,76.0,79.72225189208984
femto,3,transfer_ensemble,5,175,75.0,80.62789154052734
femto,3,transfer_ensemble,5,176,74.0,82.39852142333984
femto,3,transfer_ensemble,5,177,73.0,80.5625228881836
femto,3,transfer_ensemble,5,178,72.0,78.69830322265625
femto,3,transfer_ensemble,5,179,71.0,78.91458129882812
femto,3,transfer_ensemble,5,180,70.0,80.46649169921875
femto,3,transfer_ensemble,5,181,69.0,78.55523681640625
femto,3,transfer_ensemble,5,182,68.0,75.0973892211914
femto,3,transfer_ensemble,5,183,67.0,75.2267074584961
femto,3,transfer_ensemble,5,184,66.0,73.49891662597656
femto,3,transfer_ensemble,5,185,65.0,74.22199249267578
femto,3,transfer_ensemble,5,186,64.0,70.88099670410156
femto,3,transfer_ensemble,5,187,63.0,69.81611633300781
femto,3,transfer_ensemble,5,188,62.000003814697266,66.74929809570312
femto,3,transfer_ensemble,5,189,61.0,66.89530944824219
femto,3,transfer_ensemble,5,190,60.0,63.960365295410156
femto,3,transfer_ensemble,5,191,59.000003814697266,63.92570877075195
femto,3,transfer_ensemble,5,192,58.0,63.5621337890625
femto,3,transfer_ensemble,5,193,57.0,60.20447540283203
femto,3,transfer_ensemble,5,194,56.0,62.784400939941406
femto,3,transfer_ensemble,5,195,55.0,61.5523796081543
femto,3,transfer_ensemble,5,196,54.0,61.47639083862305
femto,3,transfer_ensemble,5,197,53.0,61.2536735534668
femto,3,transfer_ensemble,5,198,52.0,58.92448806762695
femto,3,transfer_ensemble,5,199,51.0,56.5877685546875
femto,3,transfer_ensemble,5,200,50.0,53.99053192138672
femto,3,transfer_ensemble,5,201,49.0,52.61731719970703
femto,3,transfer_ensemble,5,202,48.0,51.72977828979492
femto,3,transfer_ensemble,5,203,47.0,49.908287048339844
femto,3,transfer_ensemble,5,204,46.0,48.301414489746094
femto,3,transfer_ensemble,5,205,45.0,46.62464141845703
femto,3,transfer_ensemble,5,206,44.0,47.421714782714844
femto,3,transfer_ensemble,5,207,43.0,45.697288513183594
femto,3,transfer_ensemble,5,208,42.0,43.869415283203125
femto,3,transfer_ensemble,5,209,41.0,42.34618377685547
femto,3,transfer_ensemble,5,210,40.0,41.34673309326172
femto,3,transfer_ensemble,5,211,39.0,39.492950439453125
femto,3,transfer_ensemble,5,212,38.0,38.72112274169922
femto,3,transfer_ensemble,5,213,37.0,37.85186004638672
femto,3,transfer_ensemble,5,214,36.0,37.11573791503906
femto,3,transfer_ensemble,5,215,35.0,35.65485382080078
femto,3,transfer_ensemble,5,216,34.0,34.054176330566406
femto,3,transfer_ensemble,5,217,33.0,34.12360382080078
femto,3,transfer_ensemble,5,218,32.0,33.90117645263672
femto,3,transfer_ensemble,5,219,31.000001907348633,32.05061340332031
femto,3,transfer_ensemble,5,220,30.0,29.800649642944336
femto,3,transfer_ensemble,5,221,29.0,30.156118392944336
femto,3,transfer_ensemble,5,222,28.0,28.787429809570312
femto,3,transfer_ensemble,5,223,27.0,27.9661922454834
femto,3,transfer_ensemble,5,224,26.0,25.5012149810791
femto,3,transfer_ensemble,5,225,25.0,23.903919219970703
femto,3,transfer_ensemble,5,226,24.0,23.009403228759766
femto,3,transfer_ensemble,5,227,23.0,22.386249542236328
femto,3,transfer_ensemble,5,228,22.0,21.42263412475586
femto,3,transfer_ensemble,5,229,21.0,20.12067985534668
femto,3,transfer_ensemble,5,230,20.0,19.067378997802734
femto,3,transfer_ensemble,5,231,19.0,18.270238876342773
femto,3,transfer_ensemble,5,232,18.0,17.2513427734375
femto,3,transfer_ensemble,5,233,17.0,16.83963394165039
femto,3,transfer_ensemble,5,234,16.0,16.01874542236328
femto,3,transfer_ensemble,5,235,15.0,15.26574420928955
femto,3,transfer_ensemble,5,236,14.0,14.432275772094727
femto,3,transfer_ensemble,5,237,13.0,13.767873764038086
femto,3,transfer_ensemble,5,238,12.0,14.295641899108887
femto,3,transfer_ensemble,5,239,11.0,12.978886604309082
femto,3,transfer_ensemble,5,240,10.0,12.424242973327637
femto,3,transfer_ensemble,5,241,9.0,11.634709358215332
femto,3,transfer_ensemble,5,242,8.0,10.889291763305664
femto,3,transfer_ensemble,5,243,7.0,10.032657623291016
femto,3,transfer_ensemble,5,244,6.0,9.278059959411621
femto,3,transfer_ensemble,5,245,5.0,8.33077621459961
femto,3,transfer_ensemble,5,246,4.0,7.979126930236816
femto,3,transfer_ensemble,5,247,3.0,7.378500461578369
femto,3,transfer_ensemble,5,248,2.0,7.126589775085449
femto,3,transfer_ensemble,5,249,1.0,6.277227878570557
femto,3,transfer_ensemble,5,250,0.0,5.433187484741211
femto,3,transfer_ensemble,5,251,0.0,5.144193649291992
femto,3,transfer_ensemble,5,252,0.0,4.375853538513184
femto,3,transfer_ensemble,5,253,0.0,3.6553244590759277
femto,3,transfer_ensemble,5,254,0.0,3.158552646636963
femto,3,transfer_ensemble,5,255,0.0,2.8788161277770996
femto,3,transfer_ensemble,5,256,0.0,2.554001569747925
femto,3,transfer_ensemble,5,257,0.0,2.361264228820801
femto,3,transfer_ensemble,5,258,0.0,2.0889720916748047
femto,3,transfer_ensemble,5,259,0.0,2.095766544342041
femto,3,transfer_ensemble,5,260,0.0,1.6531896591186523
femto,3,transfer_ensemble,5,261,0.0,1.4207141399383545
femto,3,transfer_ensemble,5,262,0.0,1.4948281049728394
femto,3,transfer_ensemble,5,263,0.0,0.8258793950080872
femto,3,transfer_ensemble,5,264,0.0,0.7100747227668762
femto,3,transfer_ensemble,5,265,0.0,0.6124385595321655
femto,3,transfer_ensemble,5,266,0.0,0.3371028006076813
femto,3,transfer_ensemble,5,267,0.0,-0.1768583357334137
femto,3,transfer_ensemble,5,268,0.0,-0.0170759204775095
femto,3,transfer_ensemble,5,269,0.0,0.025265788659453392
femto,3,transfer_ensemble,5,270,0.0,0.06188259273767471
femto,3,transfer_ensemble,5,271,0.0,0.27393779158592224
femto,3,transfer_ensemble,5,272,0.0,0.12377157062292099
femto,3,transfer_ensemble,5,273,0.0,-0.015689754858613014
femto,3,transfer_ensemble,5,274,0.0,0.025563811883330345
femto,3,transfer_ensemble,5,275,0.0,0.2953127920627594
femto,3,transfer_ensemble,5,276,0.0,0.41437235474586487
femto,3,transfer_ensemble,5,277,0.0,0.4026745855808258
femto,3,transfer_ensemble,5,278,0.0,0.6428173184394836
femto,3,transfer_ensemble,5,279,0.0,0.8471830487251282
femto,3,transfer_ensemble,5,280,0.0,1.1277453899383545
femto,3,transfer_ensemble,5,281,0.0,1.298793077468872
femto,3,transfer_ensemble,5,282,0.0,1.5062782764434814
femto,3,transfer_ensemble,5,283,0.0,1.6748006343841553
femto,3,transfer_ensemble,5,284,0.0,1.904028296470642
femto,3,transfer_ensemble,5,285,0.0,1.9756896495819092
femto,3,transfer_ensemble,5,286,0.0,2.3991475105285645
femto,3,transfer_ensemble,5,287,0.0,2.952165365219116
femto,3,transfer_ensemble,5,288,0.0,3.349412441253662
femto,3,transfer_ensemble,5,289,0.0,3.813803195953369
femto,3,transfer_ensemble,5,290,0.0,4.512290954589844
femto,3,transfer_ensemble,5,291,0.0,5.039345741271973
femto,3,transfer_ensemble,5,292,0.0,5.851569652557373
femto,3,transfer_ensemble,5,293,0.0,6.444438934326172
femto,3,transfer_ensemble,5,294,0.0,6.95828104019165
femto,3,transfer_ensemble,5,295,0.0,7.683102607727051
femto,3,transfer_ensemble,5,296,0.0,8.364770889282227
femto,3,transfer_ensemble,5,297,0.0,9.103866577148438
femto,3,transfer_ensemble,5,298,0.0,9.78464126586914
femto,3,transfer_ensemble,5,299,0.0,10.570003509521484
femto,3,frozen_encoder_ensemble,5,19,231.0,211.72671508789062
femto,3,frozen_encoder_ensemble,5,20,230.0,211.71835327148438
femto,3,frozen_encoder_ensemble,5,21,229.0,211.9065399169922
femto,3,frozen_encoder_ensemble,5,22,228.0,211.984130859375
femto,3,frozen_encoder_ensemble,5,23,227.0,212.4783172607422
femto,3,frozen_encoder_ensemble,5,24,226.0,211.9797821044922
femto,3,frozen_encoder_ensemble,5,25,225.0,211.7073974609375
femto,3,frozen_encoder_ensemble,5,26,224.0,211.4422607421875
femto,3,frozen_encoder_ensemble,5,27,223.0,212.18685913085938
femto,3,frozen_encoder_ensemble,5,28,222.0,212.5735626220703
femto,3,frozen_encoder_ensemble,5,29,221.0,212.4029083251953
femto,3,frozen_encoder_ensemble,5,30,220.0,211.8282012939453
femto,3,frozen_encoder_ensemble,5,31,219.0,212.29052734375
femto,3,frozen_encoder_ensemble,5,32,218.0,212.2739715576172
femto,3,frozen_encoder_ensemble,5,33,217.0,211.65554809570312
femto,3,frozen_encoder_ensemble,5,34,216.0,212.0224151611328
femto,3,frozen_encoder_ensemble,5,35,215.0,210.01858520507812
femto,3,frozen_encoder_ensemble,5,36,214.0,210.25595092773438
femto,3,frozen_encoder_ensemble,5,37,213.0,210.7710418701172
femto,3,frozen_encoder_ensemble,5,38,212.0,211.23049926757812
femto,3,frozen_encoder_ensemble,5,39,211.0,210.38912963867188
femto,3,frozen_encoder_ensemble,5,40,210.0,210.8692626953125
femto,3,frozen_encoder_ensemble,5,41,209.0,211.4336700439453
femto,3,frozen_encoder_ensemble,5,42,208.0,211.446533203125
femto,3,frozen_encoder_ensemble,5,43,207.0,210.8947296142578
femto,3,frozen_encoder_ensemble,5,44,206.0,210.94223022460938
femto,3,frozen_encoder_ensemble,5,45,205.0,210.7417755126953
femto,3,frozen_encoder_ensemble,5,46,204.0,209.6597900390625
femto,3,frozen_encoder_ensemble,5,47,203.0,210.7639617919922
femto,3,frozen_encoder_ensemble,5,48,202.0,210.52047729492188
femto,3,frozen_encoder_ensemble,5,49,201.0,209.0804443359375
femto,3,frozen_encoder_ensemble,5,50,200.0,209.4306182861328
femto,3,frozen_encoder_ensemble,5,51,199.0,210.2398681640625
femto,3,frozen_encoder_ensemble,5,52,198.0,207.6763153076172
femto,3,frozen_encoder_ensemble,5,53,197.0,208.4296417236328
femto,3,frozen_encoder_ensemble,5,54,196.0,209.66403198242188
femto,3,frozen_encoder_ensemble,5,55,195.0,209.9496612548828
femto,3,frozen_encoder_ensemble,5,56,194.0,209.7585906982422
femto,3,frozen_encoder_ensemble,5,57,193.0,209.36453247070312
femto,3,frozen_encoder_ensemble,5,58,192.0,208.7346954345703
femto,3,frozen_encoder_ensemble,5,59,191.0,206.7307586669922
femto,3,frozen_encoder_ensemble,5,60,190.0,207.98544311523438
femto,3,frozen_encoder_ensemble,5,61,189.0,208.462158203125
femto,3,frozen_encoder_ensemble,5,62,188.0,209.1343231201172
femto,3,frozen_encoder_ensemble,5,63,187.0,208.9311065673828
femto,3,frozen_encoder_ensemble,5,64,186.0,208.19155883789062
femto,3,frozen_encoder_ensemble,5,65,185.0,207.8916015625
femto,3,frozen_encoder_ensemble,5,66,184.0,208.0056915283203
femto,3,frozen_encoder_ensemble,5,67,183.0,205.24404907226562
femto,3,frozen_encoder_ensemble,5,68,182.0,205.4791259765625
femto,3,frozen_encoder_ensemble,5,69,181.0,206.73788452148438
femto,3,frozen_encoder_ensemble,5,70,180.0,204.9864959716797
femto,3,frozen_encoder_ensemble,5,71,179.0,206.73245239257812
femto,3,frozen_encoder_ensemble,5,72,178.0,205.58493041992188
femto,3,frozen_encoder_ensemble,5,73,177.0,205.72463989257812
femto,3,frozen_encoder_ensemble,5,74,176.0,206.59927368164062
femto,3,frozen_encoder_ensemble,5,75,175.0,203.4170684814453
femto,3,frozen_encoder_ensemble,5,76,174.0,204.74485778808594
femto,3,frozen_encoder_ensemble,5,77,173.0,205.0278778076172
femto,3,frozen_encoder_ensemble,5,78,172.0,203.9476776123047
femto,3,frozen_encoder_ensemble,5,79,171.0,204.15956115722656
femto,3,frozen_encoder_ensemble,5,80,170.0,202.99063110351562
femto,3,frozen_encoder_ensemble,5,81,169.0,202.96246337890625
femto,3,frozen_encoder_ensemble,5,82,168.0,203.88592529296875
femto,3,frozen_encoder_ensemble,5,83,167.0,202.00494384765625
femto,3,frozen_encoder_ensemble,5,84,166.0,202.24229431152344
femto,3,frozen_encoder_ensemble,5,85,165.0,200.75796508789062
femto,3,frozen_encoder_ensemble,5,86,164.0,198.76821899414062
femto,3,frozen_encoder_ensemble,5,87,163.0,197.2508087158203
femto,3,frozen_encoder_ensemble,5,88,162.0,199.0579376220703
femto,3,frozen_encoder_ensemble,5,89,161.0,198.8831024169922
femto,3,frozen_encoder_ensemble,5,90,160.0,199.5570526123047
femto,3,frozen_encoder_ensemble,5,91,159.0,200.65042114257812
femto,3,frozen_encoder_ensemble,5,92,158.0,198.5976104736328
femto,3,frozen_encoder_ensemble,5,93,157.0,197.54859924316406
femto,3,frozen_encoder_ensemble,5,94,156.0,199.1030731201172
femto,3,frozen_encoder_ensemble,5,95,155.0,197.22828674316406
femto,3,frozen_encoder_ensemble,5,96,154.0,195.0037384033203
femto,3,frozen_encoder_ensemble,5,97,153.0,194.39236450195312
femto,3,frozen_encoder_ensemble,5,98,152.0,194.2529754638672
femto,3,frozen_encoder_ensemble,5,99,151.0,194.4987030029297
femto,3,frozen_encoder_ensemble,5,100,150.0,194.46395874023438
femto,3,frozen_encoder_ensemble,5,101,149.0,194.47320556640625
femto,3,frozen_encoder_ensemble,5,102,148.0,190.5116424560547
femto,3,frozen_encoder_ensemble,5,103,147.0,189.6224365234375
femto,3,frozen_encoder_ensemble,5,104,146.0,187.78738403320312
femto,3,frozen_encoder_ensemble,5,105,145.0,185.83853149414062
femto,3,frozen_encoder_ensemble,5,106,144.0,187.67355346679688
femto,3,frozen_encoder_ensemble,5,107,143.0,184.4446258544922
femto,3,frozen_encoder_ensemble,5,108,142.0,181.8561248779297
femto,3,frozen_encoder_ensemble,5,109,141.0,180.19302368164062
femto,3,frozen_encoder_ensemble,5,110,140.0,183.68203735351562
femto,3,frozen_encoder_ensemble,5,111,139.0,186.12901306152344
femto,3,frozen_encoder_ensemble,5,112,138.0,186.91880798339844
femto,3,frozen_encoder_ensemble,5,113,137.0,185.27462768554688
femto,3,frozen_encoder_ensemble,5,114,136.0,175.5426025390625
femto,3,frozen_encoder_ensemble,5,115,135.0,177.13723754882812
femto,3,frozen_encoder_ensemble,5,116,134.0,176.13417053222656
femto,3,frozen_encoder_ensemble,5,117,133.0,172.45001220703125
femto,3,frozen_encoder_ensemble,5,118,132.0,173.6866912841797
femto,3,frozen_encoder_ensemble,5,119,131.0,172.23500061035156
femto,3,frozen_encoder_ensemble,5,120,130.0,167.39373779296875
femto,3,frozen_encoder_ensemble,5,121,129.0,169.6488800048828
femto,3,frozen_encoder_ensemble,5,122,128.0,170.76632690429688
femto,3,frozen_encoder_ensemble,5,123,127.00000762939453,173.41195678710938
femto,3,frozen_encoder_ensemble,5,124,126.0,164.2422332763672
femto,3,frozen_encoder_ensemble,5,125,125.0,164.67787170410156
femto,3,frozen_encoder_ensemble,5,126,124.00000762939453,166.24916076660156
femto,3,frozen_encoder_ensemble,5,127,123.0,162.17544555664062
femto,3,frozen_encoder_ensemble,5,128,122.0,156.7010498046875
femto,3,frozen_encoder_ensemble,5,129,121.00000762939453,157.51351928710938
femto,3,frozen_encoder_ensemble,5,130,120.0,157.39907836914062
femto,3,frozen_encoder_ensemble,5,131,119.0,156.05410766601562
femto,3,frozen_encoder_ensemble,5,132,118.00000762939453,145.55386352539062
femto,3,frozen_encoder_ensemble,5,133,117.0,145.0400848388672
femto,3,frozen_encoder_ensemble,5,134,116.0,146.39944458007812
femto,3,frozen_encoder_ensemble,5,135,115.0,147.0313262939453
femto,3,frozen_encoder_ensemble,5,136,114.0,145.18740844726562
femto,3,frozen_encoder_ensemble,5,137,113.0,140.2509307861328
femto,3,frozen_encoder_ensemble,5,138,112.0,132.30422973632812
femto,3,frozen_encoder_ensemble,5,139,111.0,139.3199920654297
femto,3,frozen_encoder_ensemble,5,140,110.0,133.00387573242188
femto,3,frozen_encoder_ensemble,5,141,109.0,140.30618286132812
femto,3,frozen_encoder_ensemble,5,142,108.0,141.6806182861328
femto,3,frozen_encoder_ensemble,5,143,107.0,125.64384460449219
femto,3,frozen_encoder_ensemble,5,144,106.0,129.02780151367188
femto,3,frozen_encoder_ensemble,5,145,105.0,130.49082946777344
femto,3,frozen_encoder_ensemble,5,146,104.0,128.45399475097656
femto,3,frozen_encoder_ensemble,5,147,103.0,132.8486785888672
femto,3,frozen_encoder_ensemble,5,148,102.0,132.6412811279297
femto,3,frozen_encoder_ensemble,5,149,101.0,132.6772918701172
femto,3,frozen_encoder_ensemble,5,150,100.0,128.14328002929688
femto,3,frozen_encoder_ensemble,5,151,99.0,124.200439453125
femto,3,frozen_encoder_ensemble,5,152,98.0,121.6589584350586
femto,3,frozen_encoder_ensemble,5,153,97.0,119.7155532836914
femto,3,frozen_encoder_ensemble,5,154,96.0,114.34248352050781
femto,3,frozen_encoder_ensemble,5,155,95.0,115.77439880371094
femto,3,frozen_encoder_ensemble,5,156,94.0,113.0370101928711
femto,3,frozen_encoder_ensemble,5,157,93.0,110.51690673828125
femto,3,frozen_encoder_ensemble,5,158,92.0,108.2083740234375
femto,3,frozen_encoder_ensemble,5,159,91.0,107.09739685058594
femto,3,frozen_encoder_ensemble,5,160,90.0,107.78849792480469
femto,3,frozen_encoder_ensemble,5,161,89.0,104.53221130371094
femto,3,frozen_encoder_ensemble,5,162,88.0,104.7304916381836
femto,3,frozen_encoder_ensemble,5,163,87.0,103.80891418457031
femto,3,frozen_encoder_ensemble,5,164,86.0,104.80134582519531
femto,3,frozen_encoder_ensemble,5,165,85.0,101.02058410644531
femto,3,frozen_encoder_ensemble,5,166,84.0,105.95230865478516
femto,3,frozen_encoder_ensemble,5,167,83.0,99.98985290527344
femto,3,frozen_encoder_ensemble,5,168,82.0,96.56764221191406
femto,3,frozen_encoder_ensemble,5,169,81.0,92.11054992675781
femto,3,frozen_encoder_ensemble,5,170,80.0,89.22886657714844
femto,3,frozen_encoder_ensemble,5,171,79.0,90.52314758300781
femto,3,frozen_encoder_ensemble,5,172,78.0,89.02070617675781
femto,3,frozen_encoder_ensemble,5,173,77.0,81.71961975097656
femto,3,frozen_encoder_ensemble,5,174,76.0,84.4699478149414
femto,3,frozen_encoder_ensemble,5,175,75.0,84.93131256103516
femto,3,frozen_encoder_ensemble,5,176,74.0,86.40422058105469
femto,3,frozen_encoder_ensemble,5,177,73.0,84.16590881347656
femto,3,frozen_encoder_ensemble,5,178,72.0,81.7015609741211
femto,3,frozen_encoder_ensemble,5,179,71.0,81.75225067138672
femto,3,frozen_encoder_ensemble,5,180,70.0,83.19651794433594
femto,3,frozen_encoder_ensemble,5,181,69.0,80.57032012939453
femto,3,frozen_encoder_ensemble,5,182,68.0,76.5899887084961
femto,3,frozen_encoder_ensemble,5,183,67.0,76.5238037109375
femto,3,frozen_encoder_ensemble,5,184,66.0,74.77507019042969
femto,3,frozen_encoder_ensemble,5,185,65.0,75.44935607910156
femto,3,frozen_encoder_ensemble,5,186,64.0,71.34708404541016
femto,3,frozen_encoder_ensemble,5,187,63.0,70.14305114746094
femto,3,frozen_encoder_ensemble,5,188,62.000003814697266,66.9296875
femto,3,frozen_encoder_ensemble,5,189,61.0,66.7164077758789
femto,3,frozen_encoder_ensemble,5,190,60.0,64.00399017333984
femto,3,frozen_encoder_ensemble,5,191,59.000003814697266,63.5851936340332
femto,3,frozen_encoder_ensemble,5,192,58.0,62.78009033203125
femto,3,frozen_encoder_ensemble,5,193,57.0,59.412322998046875
femto,3,frozen_encoder_ensemble,5,194,56.0,61.44451904296875
femto,3,frozen_encoder_ensemble,5,195,55.0,59.86951446533203
femto,3,frozen_encoder_ensemble,5,196,54.0,59.0350341796875
femto,3,frozen_encoder_ensemble,5,197,53.0,58.6987419128418
femto,3,frozen_encoder_ensemble,5,198,52.0,56.1414680480957
femto,3,frozen_encoder_ensemble,5,199,51.0,53.57337188720703
femto,3,frozen_encoder_ensemble,5,200,50.0,50.707611083984375
femto,3,frozen_encoder_ensemble,5,201,49.0,49.4498176574707
femto,3,frozen_encoder_ensemble,5,202,48.0,48.11243438720703
femto,3,frozen_encoder_ensemble,5,203,47.0,46.56183624267578
femto,3,frozen_encoder_ensemble,5,204,46.0,45.114715576171875
femto,3,frozen_encoder_ensemble,5,205,45.0,43.07699203491211
femto,3,frozen_encoder_ensemble,5,206,44.0,43.277854919433594
femto,3,frozen_encoder_ensemble,5,207,43.0,41.57898712158203
femto,3,frozen_encoder_ensemble,5,208,42.0,39.26152801513672
femto,3,frozen_encoder_ensemble,5,209,41.0,37.74433517456055
femto,3,frozen_encoder_ensemble,5,210,40.0,36.571258544921875
femto,3,frozen_encoder_ensemble,5,211,39.0,35.36150360107422
femto,3,frozen_encoder_ensemble,5,212,38.0,33.7436637878418
femto,3,frozen_encoder_ensemble,5,213,37.0,32.591087341308594
femto,3,frozen_encoder_ensemble,5,214,36.0,31.555591583251953
femto,3,frozen_encoder_ensemble,5,215,35.0,30.29366683959961
femto,3,frozen_encoder_ensemble,5,216,34.0,29.026514053344727
femto,3,frozen_encoder_ensemble,5,217,33.0,28.453577041625977
femto,3,frozen_encoder_ensemble,5,218,32.0,28.250518798828125
femto,3,frozen_encoder_ensemble,5,219,31.000001907348633,25.899799346923828
femto,3,frozen_encoder_ensemble,5,220,30.0,24.09933853149414
femto,3,frozen_encoder_ensemble,5,221,29.0,24.131511688232422
femto,3,frozen_encoder_ensemble,5,222,28.0,22.63765525817871
femto,3,frozen_encoder_ensemble,5,223,27.0,21.918577194213867
femto,3,frozen_encoder_ensemble,5,224,26.0,20.552736282348633
femto,3,frozen_encoder_ensemble,5,225,25.0,18.907115936279297
femto,3,frozen_encoder_ensemble,5,226,24.0,18.04103660583496
femto,3,frozen_encoder_ensemble,5,227,23.0,16.934505462646484
femto,3,frozen_encoder_ensemble,5,228,22.0,15.979925155639648
femto,3,frozen_encoder_ensemble,5,229,21.0,15.65751838684082
femto,3,frozen_encoder_ensemble,5,230,20.0,14.590726852416992
femto,3,frozen_encoder_ensemble,5,231,19.0,13.617085456848145
femto,3,frozen_encoder_ensemble,5,232,18.0,12.71081256866455
femto,3,frozen_encoder_ensemble,5,233,17.0,12.273554801940918
femto,3,frozen_encoder_ensemble,5,234,16.0,11.735368728637695
femto,3,frozen_encoder_ensemble,5,235,15.0,10.802291870117188
femto,3,frozen_encoder_ensemble,5,236,14.0,10.011350631713867
femto,3,frozen_encoder_ensemble,5,237,13.0,9.463075637817383
femto,3,frozen_encoder_ensemble,5,238,12.0,10.07876205444336
femto,3,frozen_encoder_ensemble,5,239,11.0,8.848139762878418
femto,3,frozen_encoder_ensemble,5,240,10.0,8.406410217285156
femto,3,frozen_encoder_ensemble,5,241,9.0,7.667144775390625
femto,3,frozen_encoder_ensemble,5,242,8.0,7.163754463195801
femto,3,frozen_encoder_ensemble,5,243,7.0,6.290643215179443
femto,3,frozen_encoder_ensemble,5,244,6.0,5.799354553222656
femto,3,frozen_encoder_ensemble,5,245,5.0,5.247591495513916
femto,3,frozen_encoder_ensemble,5,246,4.0,5.144339561462402
femto,3,frozen_encoder_ensemble,5,247,3.0,4.6285929679870605
femto,3,frozen_encoder_ensemble,5,248,2.0,4.350744247436523
femto,3,frozen_encoder_ensemble,5,249,1.0,3.690600872039795
femto,3,frozen_encoder_ensemble,5,250,0.0,3.078331232070923
femto,3,frozen_encoder_ensemble,5,251,0.0,2.8961634635925293
femto,3,frozen_encoder_ensemble,5,252,0.0,2.3670027256011963
femto,3,frozen_encoder_ensemble,5,253,0.0,1.7420002222061157
femto,3,frozen_encoder_ensemble,5,254,0.0,1.2914302349090576
femto,3,frozen_encoder_ensemble,5,255,0.0,0.8325321078300476
femto,3,frozen_encoder_ensemble,5,256,0.0,0.7686113119125366
femto,3,frozen_encoder_ensemble,5,257,0.0,0.36345720291137695
femto,3,frozen_encoder_ensemble,5,258,0.0,0.25360018014907837
femto,3,frozen_encoder_ensemble,5,259,0.0,0.16069278120994568
femto,3,frozen_encoder_ensemble,5,260,0.0,-0.13778209686279297
femto,3,frozen_encoder_ensemble,5,261,0.0,-0.33502769470214844
femto,3,frozen_encoder_ensemble,5,262,0.0,-0.20570926368236542
femto,3,frozen_encoder_ensemble,5,263,0.0,-0.6083879470825195
femto,3,frozen_encoder_ensemble,5,264,0.0,-0.5738641023635864
femto,3,frozen_encoder_ensemble,5,265,0.0,-0.7121838927268982
femto,3,frozen_encoder_ensemble,5,266,0.0,-0.9330934286117554
femto,3,frozen_encoder_ensemble,5,267,0.0,-1.024672031402588
femto,3,frozen_encoder_ensemble,5,268,0.0,-1.0404642820358276
femto,3,frozen_encoder_ensemble,5,269,0.0,-0.9937759637832642
femto,3,frozen_encoder_ensemble,5,270,0.0,-0.9619191288948059
femto,3,frozen_encoder_ensemble,5,271,0.0,-0.6663051843643188
femto,3,frozen_encoder_ensemble,5,272,0.0,-0.7295443415641785
femto,3,frozen_encoder_ensemble,5,273,0.0,-0.7124756574630737
femto,3,frozen_encoder_ensemble,5,274,0.0,-0.5652939677238464
femto,3,frozen_encoder_ensemble,5,275,0.0,-0.35000476241111755
femto,3,frozen_encoder_ensemble,5,276,0.0,-0.17627601325511932
femto,3,frozen_encoder_ensemble,5,277,0.0,-0.13072356581687927
femto,3,frozen_encoder_ensemble,5,278,0.0,0.20241375267505646
femto,3,frozen_encoder_ensemble,5,279,0.0,0.4654262661933899
femto,3,frozen_encoder_ensemble,5,280,0.0,0.7912126779556274
femto,3,frozen_encoder_ensemble,5,281,0.0,1.0879284143447876
femto,3,frozen_encoder_ensemble,5,282,0.0,1.3970917463302612
femto,3,frozen_encoder_ensemble,5,283,0.0,1.5892390012741089
femto,3,frozen_encoder_ensemble,5,284,0.0,1.81795334815979
femto,3,frozen_encoder_ensemble,5,285,0.0,2.098769426345825
femto,3,frozen_encoder_ensemble,5,286,0.0,2.5884690284729004
femto,3,frozen_encoder_ensemble,5,287,0.0,3.2321605682373047
femto,3,frozen_encoder_ensemble,5,288,0.0,3.675771713256836
femto,3,frozen_encoder_ensemble,5,289,0.0,4.093409061431885
femto,3,frozen_encoder_ensemble,5,290,0.0,4.841309547424316
femto,3,frozen_encoder_ensemble,5,291,0.0,5.461421489715576
femto,3,frozen_encoder_ensemble,5,292,0.0,6.340086460113525
femto,3,frozen_encoder_ensemble,5,293,0.0,6.930061340332031
femto,3,frozen_encoder_ensemble,5,294,0.0,7.559654235839844
femto,3,frozen_encoder_ensemble,5,295,0.0,8.328699111938477
femto,3,frozen_encoder_ensemble,5,296,0.0,9.037283897399902
femto,3,frozen_encoder_ensemble,5,297,0.0,9.783489227294922
femto,3,frozen_encoder_ensemble,5,298,0.0,10.485201835632324
femto,3,frozen_encoder_ensemble,5,299,0.0,11.346963882446289
femto,3,scratch_ensemble,5,19,231.0,223.5754852294922
femto,3,scratch_ensemble,5,20,230.0,222.4072723388672
femto,3,scratch_ensemble,5,21,229.0,222.19082641601562
femto,3,scratch_ensemble,5,22,228.0,222.60177612304688
femto,3,scratch_ensemble,5,23,227.0,223.2576446533203
femto,3,scratch_ensemble,5,24,226.0,223.52047729492188
femto,3,scratch_ensemble,5,25,225.0,222.9442596435547
femto,3,scratch_ensemble,5,26,224.0,222.5353240966797
femto,3,scratch_ensemble,5,27,223.0,222.3829803466797
femto,3,scratch_ensemble,5,28,222.0,222.2630615234375
femto,3,scratch_ensemble,5,29,221.0,222.39208984375
femto,3,scratch_ensemble,5,30,220.0,222.228271484375
femto,3,scratch_ensemble,5,31,219.0,222.2780303955078
femto,3,scratch_ensemble,5,32,218.0,222.2809600830078
femto,3,scratch_ensemble,5,33,217.0,220.63986206054688
femto,3,scratch_ensemble,5,34,216.0,220.18701171875
femto,3,scratch_ensemble,5,35,215.0,218.1594696044922
femto,3,scratch_ensemble,5,36,214.0,218.3681182861328
femto,3,scratch_ensemble,5,37,213.0,219.40200805664062
femto,3,scratch_ensemble,5,38,212.0,219.5926055908203
femto,3,scratch_ensemble,5,39,211.0,219.09780883789062
femto,3,scratch_ensemble,5,40,210.0,219.10281372070312
femto,3,scratch_ensemble,5,41,209.0,219.72836303710938
femto,3,scratch_ensemble,5,42,208.0,219.50588989257812
femto,3,scratch_ensemble,5,43,207.0,218.6055145263672
femto,3,scratch_ensemble,5,44,206.0,218.00930786132812
femto,3,scratch_ensemble,5,45,205.0,218.04067993164062
femto,3,scratch_ensemble,5,46,204.0,216.61532592773438
femto,3,scratch_ensemble,5,47,203.0,217.72915649414062
femto,3,scratch_ensemble,5,48,202.0,216.794677734375
femto,3,scratch_ensemble,5,49,201.0,215.3517608642578
femto,3,scratch_ensemble,5,50,200.0,215.9276580810547
femto,3,scratch_ensemble,5,51,199.0,216.88327026367188
femto,3,scratch_ensemble,5,52,198.0,213.48379516601562
femto,3,scratch_ensemble,5,53,197.0,213.89999389648438
femto,3,scratch_ensemble,5,54,196.0,214.4811553955078
femto,3,scratch_ensemble,5,55,195.0,215.44668579101562
femto,3,scratch_ensemble,5,56,194.0,214.6620330810547
femto,3,scratch_ensemble,5,57,193.0,214.3301239013672
femto,3,scratch_ensemble,5,58,192.0,213.03012084960938
femto,3,scratch_ensemble,5,59,191.0,211.4685516357422
femto,3,scratch_ensemble,5,60,190.0,212.365234375
femto,3,scratch_ensemble,5,61,189.0,213.82540893554688
femto,3,scratch_ensemble,5,62,188.0,213.5239715576172
femto,3,scratch_ensemble,5,63,187.0,213.8744659423828
femto,3,scratch_ensemble,5,64,186.0,212.8564453125
femto,3,scratch_ensemble,5,65,185.0,212.3248748779297
femto,3,scratch_ensemble,5,66,184.0,212.8094024658203
femto,3,scratch_ensemble,5,67,183.0,210.54470825195312
femto,3,scratch_ensemble,5,68,182.0,210.8921356201172
femto,3,scratch_ensemble,5,69,181.0,210.9048309326172
femto,3,scratch_ensemble,5,70,180.0,208.2378387451172
femto,3,scratch_ensemble,5,71,179.0,209.98934936523438
femto,3,scratch_ensemble,5,72,178.0,207.9188232421875
femto,3,scratch_ensemble,5,73,177.0,207.29653930664062
femto,3,scratch_ensemble,5,74,176.0,208.52197265625
femto,3,scratch_ensemble,5,75,175.0,205.74404907226562
femto,3,scratch_ensemble,5,76,174.0,207.3173370361328
femto,3,scratch_ensemble,5,77,173.0,206.6512908935547
femto,3,scratch_ensemble,5,78,172.0,206.86349487304688
femto,3,scratch_ensemble,5,79,171.0,206.6829376220703
femto,3,scratch_ensemble,5,80,170.0,205.22610473632812
femto,3,scratch_ensemble,5,81,169.0,204.59957885742188
femto,3,scratch_ensemble,5,82,168.0,205.2676239013672
femto,3,scratch_ensemble,5,83,167.0,202.5068817138672
femto,3,scratch_ensemble,5,84,166.0,203.01455688476562
femto,3,scratch_ensemble,5,85,165.0,201.93557739257812
femto,3,scratch_ensemble,5,86,164.0,199.79681396484375
femto,3,scratch_ensemble,5,87,163.0,197.95147705078125
femto,3,scratch_ensemble,5,88,162.0,199.3712158203125
femto,3,scratch_ensemble,5,89,161.0,199.81646728515625
femto,3,scratch_ensemble,5,90,160.0,199.7939910888672
femto,3,scratch_ensemble,5,91,159.0,200.69015502929688
femto,3,scratch_ensemble,5,92,158.0,197.17356872558594
femto,3,scratch_ensemble,5,93,157.0,196.37008666992188
femto,3,scratch_ensemble,5,94,156.0,197.68722534179688
femto,3,scratch_ensemble,5,95,155.0,195.93191528320312
femto,3,scratch_ensemble,5,96,154.0,192.81251525878906
femto,3,scratch_ensemble,5,97,153.0,192.52420043945312
femto,3,scratch_ensemble,5,98,152.0,192.0198974609375
femto,3,scratch_ensemble,5,99,151.0,193.27694702148438
femto,3,scratch_ensemble,5,100,150.0,193.3648223876953
femto,3,scratch_ensemble,5,101,149.0,192.01824951171875
femto,3,scratch_ensemble,5,102,148.0,189.23776245117188
femto,3,scratch_ensemble,5,103,147.0,188.26039123535156
femto,3,scratch_ensemble,5,104,146.0,185.491455078125
femto,3,scratch_ensemble,5,105,145.0,181.6625213623047
femto,3,scratch_ensemble,5,106,144.0,183.4552459716797
femto,3,scratch_ensemble,5,107,143.0,179.59661865234375
femto,3,scratch_ensemble,5,108,142.0,175.60353088378906
femto,3,scratch_ensemble,5,109,141.0,173.82159423828125
femto,3,scratch_ensemble,5,110,140.0,175.843505859375
femto,3,scratch_ensemble,5,111,139.0,179.25921630859375
femto,3,scratch_ensemble,5,112,138.0,180.7797088623047
femto,3,scratch_ensemble,5,113,137.0,178.32264709472656
femto,3,scratch_ensemble,5,114,136.0,168.06344604492188
femto,3,scratch_ensemble,5,115,135.0,170.0206756591797
femto,3,scratch_ensemble,5,116,134.0,170.76837158203125
femto,3,scratch_ensemble,5,117,133.0,166.03506469726562
femto,3,scratch_ensemble,5,118,132.0,167.14492797851562
femto,3,scratch_ensemble,5,119,131.0,163.78585815429688
femto,3,scratch_ensemble,5,120,130.0,159.40042114257812
femto,3,scratch_ensemble,5,121,129.0,160.90658569335938
femto,3,scratch_ensemble,5,122,128.0,160.9310760498047
femto,3,scratch_ensemble,5,123,127.00000762939453,162.35557556152344
femto,3,scratch_ensemble,5,124,126.0,155.3303680419922
femto,3,scratch_ensemble,5,125,125.0,153.82394409179688
femto,3,scratch_ensemble,5,126,124.00000762939453,154.98025512695312
femto,3,scratch_ensemble,5,127,123.0,152.95220947265625
femto,3,scratch_ensemble,5,128,122.0,146.14100646972656
femto,3,scratch_ensemble,5,129,121.00000762939453,146.7524871826172
femto,3,scratch_ensemble,5,130,120.0,148.60118103027344
femto,3,scratch_ensemble,5,131,119.0,145.06805419921875
femto,3,scratch_ensemble,5,132,118.00000762939453,135.07421875
femto,3,scratch_ensemble,5,133,117.0,133.9989013671875
femto,3,scratch_ensemble,5,134,116.0,135.20913696289062
femto,3,scratch_ensemble,5,135,115.0,134.12014770507812
femto,3,scratch_ensemble,5,136,114.0,132.30935668945312
femto,3,scratch_ensemble,5,137,113.0,127.91302490234375
femto,3,scratch_ensemble,5,138,112.0,120.36116790771484
femto,3,scratch_ensemble,5,139,111.0,125.38923645019531
femto,3,scratch_ensemble,5,140,110.0,120.85380554199219
femto,3,scratch_ensemble,5,141,109.0,126.2643051147461
femto,3,scratch_ensemble,5,142,108.0,127.47526550292969
femto,3,scratch_ensemble,5,143,107.0,115.1428451538086
femto,3,scratch_ensemble,5,144,106.0,116.7190170288086
femto,3,scratch_ensemble,5,145,105.0,117.0878677368164
femto,3,scratch_ensemble,5,146,104.0,114.4155502319336
femto,3,scratch_ensemble,5,147,103.0,118.9364242553711
femto,3,scratch_ensemble,5,148,102.0,118.77262115478516
femto,3,scratch_ensemble,5,149,101.0,119.11209869384766
femto,3,scratch_ensemble,5,150,100.0,115.0196762084961
femto,3,scratch_ensemble,5,151,99.0,110.96055603027344
femto,3,scratch_ensemble,5,152,98.0,109.71659088134766
femto,3,scratch_ensemble,5,153,97.0,107.08769226074219
femto,3,scratch_ensemble,5,154,96.0,104.74373626708984
femto,3,scratch_ensemble,5,155,95.0,105.59773254394531
femto,3,scratch_ensemble,5,156,94.0,102.79496765136719
femto,3,scratch_ensemble,5,157,93.0,100.34893035888672
femto,3,scratch_ensemble,5,158,92.0,97.73361206054688
femto,3,scratch_ensemble,5,159,91.0,96.16059875488281
femto,3,scratch_ensemble,5,160,90.0,95.83049011230469
femto,3,scratch_ensemble,5,161,89.0,93.76617431640625
femto,3,scratch_ensemble,5,162,88.0,92.74285125732422
femto,3,scratch_ensemble,5,163,87.0,93.2250747680664
femto,3,scratch_ensemble,5,164,86.0,94.45301818847656
femto,3,scratch_ensemble,5,165,85.0,89.64596557617188
femto,3,scratch_ensemble,5,166,84.0,92.2323989868164
femto,3,scratch_ensemble,5,167,83.0,91.60612487792969
femto,3,scratch_ensemble,5,168,82.0,92.57196044921875
femto,3,scratch_ensemble,5,169,81.0,87.41771697998047
femto,3,scratch_ensemble,5,170,80.0,86.10321807861328
femto,3,scratch_ensemble,5,171,79.0,86.01747131347656
femto,3,scratch_ensemble,5,172,78.0,83.29942321777344
femto,3,scratch_ensemble,5,173,77.0,76.68174743652344
femto,3,scratch_ensemble,5,174,76.0,77.14246368408203
femto,3,scratch_ensemble,5,175,75.0,78.04170227050781
femto,3,scratch_ensemble,5,176,74.0,78.79118347167969
femto,3,scratch_ensemble,5,177,73.0,77.2466049194336
femto,3,scratch_ensemble,5,178,72.0,76.92864990234375
femto,3,scratch_ensemble,5,179,71.0,75.56282806396484
femto,3,scratch_ensemble,5,180,70.0,75.55708312988281
femto,3,scratch_ensemble,5,181,69.0,74.34486389160156
femto,3,scratch_ensemble,5,182,68.0,72.99186706542969
femto,3,scratch_ensemble,5,183,67.0,72.38383483886719
femto,3,scratch_ensemble,5,184,66.0,69.9779052734375
femto,3,scratch_ensemble,5,185,65.0,69.55635833740234
femto,3,scratch_ensemble,5,186,64.0,68.91458129882812
femto,3,scratch_ensemble,5,187,63.0,67.63925170898438
femto,3,scratch_ensemble,5,188,62.000003814697266,65.5013656616211
femto,3,scratch_ensemble,5,189,61.0,65.77228546142578
femto,3,scratch_ensemble,5,190,60.0,62.98015213012695
femto,3,scratch_ensemble,5,191,59.000003814697266,63.339439392089844
femto,3,scratch_ensemble,5,192,58.0,62.414649963378906
femto,3,scratch_ensemble,5,193,57.0,60.321998596191406
femto,3,scratch_ensemble,5,194,56.0,61.22034454345703
femto,3,scratch_ensemble,5,195,55.0,60.27415084838867
femto,3,scratch_ensemble,5,196,54.0,60.6151237487793
femto,3,scratch_ensemble,5,197,53.0,58.826324462890625
femto,3,scratch_ensemble,5,198,52.0,57.6600227355957
femto,3,scratch_ensemble,5,199,51.0,56.65433883666992
femto,3,scratch_ensemble,5,200,50.0,55.5275764465332
femto,3,scratch_ensemble,5,201,49.0,53.541046142578125
femto,3,scratch_ensemble,5,202,48.0,53.08378982543945
femto,3,scratch_ensemble,5,203,47.0,51.68906784057617
femto,3,scratch_ensemble,5,204,46.0,49.82151412963867
femto,3,scratch_ensemble,5,205,45.0,49.20771026611328
femto,3,scratch_ensemble,5,206,44.0,48.374366760253906
femto,3,scratch_ensemble,5,207,43.0,47.47976303100586
femto,3,scratch_ensemble,5,208,42.0,46.63539505004883
femto,3,scratch_ensemble,5,209,41.0,44.96943283081055
femto,3,scratch_ensemble,5,210,40.0,43.86746597290039
femto,3,scratch_ensemble,5,211,39.0,42.03318405151367
femto,3,scratch_ensemble,5,212,38.0,41.30904769897461
femto,3,scratch_ensemble,5,213,37.0,40.2484130859375
femto,3,scratch_ensemble,5,214,36.0,39.28091812133789
femto,3,scratch_ensemble,5,215,35.0,37.979698181152344
femto,3,scratch_ensemble,5,216,34.0,36.509864807128906
femto,3,scratch_ensemble,5,217,33.0,35.787628173828125
femto,3,scratch_ensemble,5,218,32.0,34.88203048706055
femto,3,scratch_ensemble,5,219,31.000001907348633,34.092628479003906
femto,3,scratch_ensemble,5,220,30.0,32.415218353271484
femto,3,scratch_ensemble,5,221,29.0,31.405010223388672
femto,3,scratch_ensemble,5,222,28.0,30.234737396240234
femto,3,scratch_ensemble,5,223,27.0,29.036937713623047
femto,3,scratch_ensemble,5,224,26.0,27.536026000976562
femto,3,scratch_ensemble,5,225,25.0,26.49869728088379
femto,3,scratch_ensemble,5,226,24.0,25.192825317382812
femto,3,scratch_ensemble,5,227,23.0,24.435556411743164
femto,3,scratch_ensemble,5,228,22.0,23.42838478088379
femto,3,scratch_ensemble,5,229,21.0,21.93886947631836
femto,3,scratch_ensemble,5,230,20.0,20.9132080078125
femto,3,scratch_ensemble,5,231,19.0,20.082937240600586
femto,3,scratch_ensemble,5,232,18.0,19.055755615234375
femto,3,scratch_ensemble,5,233,17.0,18.231441497802734
femto,3,scratch_ensemble,5,234,16.0,17.25121307373047
femto,3,scratch_ensemble,5,235,15.0,16.563331604003906
femto,3,scratch_ensemble,5,236,14.0,15.773282051086426
femto,3,scratch_ensemble,5,237,13.0,14.964548110961914
femto,3,scratch_ensemble,5,238,12.0,14.561483383178711
femto,3,scratch_ensemble,5,239,11.0,13.801692008972168
femto,3,scratch_ensemble,5,240,10.0,12.907995223999023
femto,3,scratch_ensemble,5,241,9.0,12.244413375854492
femto,3,scratch_ensemble,5,242,8.0,11.450559616088867
femto,3,scratch_ensemble,5,243,7.0,10.869672775268555
femto,3,scratch_ensemble,5,244,6.0,10.017436027526855
femto,3,scratch_ensemble,5,245,5.0,9.135354995727539
femto,3,scratch_ensemble,5,246,4.0,8.278607368469238
femto,3,scratch_ensemble,5,247,3.0,7.601181983947754
femto,3,scratch_ensemble,5,248,2.0,7.0455474853515625
femto,3,scratch_ensemble,5,249,1.0,6.39901065826416
femto,3,scratch_ensemble,5,250,0.0,5.733242034912109
femto,3,scratch_ensemble,5,251,0.0,5.085116863250732
femto,3,scratch_ensemble,5,252,0.0,4.4480390548706055
femto,3,scratch_ensemble,5,253,0.0,3.9466590881347656
femto,3,scratch_ensemble,5,254,0.0,3.4777839183807373
femto,3,scratch_ensemble,5,255,0.0,3.268373966217041
femto,3,scratch_ensemble,5,256,0.0,2.7035930156707764
femto,3,scratch_ensemble,5,257,0.0,2.674288272857666
femto,3,scratch_ensemble,5,258,0.0,2.2338204383850098
femto,3,scratch_ensemble,5,259,0.0,2.1301627159118652
femto,3,scratch_ensemble,5,260,0.0,1.7980159521102905
femto,3,scratch_ensemble,5,261,0.0,1.5608646869659424
femto,3,scratch_ensemble,5,262,0.0,1.4032089710235596
femto,3,scratch_ensemble,5,263,0.0,1.0573465824127197
femto,3,scratch_ensemble,5,264,0.0,0.7137414813041687
femto,3,scratch_ensemble,5,265,0.0,0.652376651763916
femto,3,scratch_ensemble,5,266,0.0,0.5784887075424194
femto,3,scratch_ensemble,5,267,0.0,0.0580875389277935
femto,3,scratch_ensemble,5,268,0.0,0.2388293296098709
femto,3,scratch_ensemble,5,269,0.0,0.1510930061340332
femto,3,scratch_ensemble,5,270,0.0,0.20643958449363708
femto,3,scratch_ensemble,5,271,0.0,0.15496158599853516
femto,3,scratch_ensemble,5,272,0.0,0.13121452927589417
femto,3,scratch_ensemble,5,273,0.0,-0.04297046735882759
femto,3,scratch_ensemble,5,274,0.0,-0.09412536770105362
femto,3,scratch_ensemble,5,275,0.0,0.09798622131347656
femto,3,scratch_ensemble,5,276,0.0,0.19220523536205292
femto,3,scratch_ensemble,5,277,0.0,0.26415395736694336
femto,3,scratch_ensemble,5,278,0.0,0.3259969651699066
femto,3,scratch_ensemble,5,279,0.0,0.45805245637893677
femto,3,scratch_ensemble,5,280,0.0,0.6380167007446289
femto,3,scratch_ensemble,5,281,0.0,0.7056198120117188
femto,3,scratch_ensemble,5,282,0.0,0.840758204460144
femto,3,scratch_ensemble,5,283,0.0,1.0929253101348877
femto,3,scratch_ensemble,5,284,0.0,1.4057319164276123
femto,3,scratch_ensemble,5,285,0.0,1.462631344795227
femto,3,scratch_ensemble,5,286,0.0,1.7656681537628174
femto,3,scratch_ensemble,5,287,0.0,2.078153133392334
femto,3,scratch_ensemble,5,288,0.0,2.469292163848877
femto,3,scratch_ensemble,5,289,0.0,3.0377442836761475
femto,3,scratch_ensemble,5,290,0.0,3.5660946369171143
femto,3,scratch_ensemble,5,291,0.0,4.039915561676025
femto,3,scratch_ensemble,5,292,0.0,4.607593536376953
femto,3,scratch_ensemble,5,293,0.0,5.200290203094482
femto,3,scratch_ensemble,5,294,0.0,5.680302143096924
femto,3,scratch_ensemble,5,295,0.0,6.3228044509887695
femto,3,scratch_ensemble,5,296,0.0,6.929039001464844
femto,3,scratch_ensemble,5,297,0.0,7.5362348556518555
femto,3,scratch_ensemble,5,298,0.0,8.145281791687012
femto,3,scratch_ensemble,5,299,0.0,8.62976360321045
femto,3,ridge_ensemble,5,19,231.0,243.67005920410156
femto,3,ridge_ensemble,5,20,230.0,242.17694091796875
femto,3,ridge_ensemble,5,21,229.0,241.17401123046875
femto,3,ridge_ensemble,5,22,228.0,240.43008422851562
femto,3,ridge_ensemble,5,23,227.0,239.51219177246094
femto,3,ridge_ensemble,5,24,226.0,238.41310119628906
femto,3,ridge_ensemble,5,25,225.0,236.99871826171875
femto,3,ridge_ensemble,5,26,224.0,236.0930633544922
femto,3,ridge_ensemble,5,27,223.0,235.56228637695312
femto,3,ridge_ensemble,5,28,222.0,234.25125122070312
femto,3,ridge_ensemble,5,29,221.0,233.33848571777344
femto,3,ridge_ensemble,5,30,220.0,232.16957092285156
femto,3,ridge_ensemble,5,31,219.0,231.23912048339844
femto,3,ridge_ensemble,5,32,218.0,230.26898193359375
femto,3,ridge_ensemble,5,33,217.0,228.96206665039062
femto,3,ridge_ensemble,5,34,216.0,228.03611755371094
femto,3,ridge_ensemble,5,35,215.0,226.42462158203125
femto,3,ridge_ensemble,5,36,214.0,225.76353454589844
femto,3,ridge_ensemble,5,37,213.0,225.23416137695312
femto,3,ridge_ensemble,5,38,212.0,223.99093627929688
femto,3,ridge_ensemble,5,39,211.0,222.5006103515625
femto,3,ridge_ensemble,5,40,210.0,221.83859252929688
femto,3,ridge_ensemble,5,41,209.0,221.11712646484375
femto,3,ridge_ensemble,5,42,208.0,219.6021270751953
femto,3,ridge_ensemble,5,43,207.0,218.68032836914062
femto,3,ridge_ensemble,5,44,206.0,217.52301025390625
femto,3,ridge_ensemble,5,45,205.0,216.73388671875
femto,3,ridge_ensemble,5,46,204.0,214.9975128173828
femto,3,ridge_ensemble,5,47,203.0,214.6884002685547
femto,3,ridge_ensemble,5,48,202.0,213.53663635253906
femto,3,ridge_ensemble,5,49,201.0,212.08987426757812
femto,3,ridge_ensemble,5,50,200.0,211.29635620117188
femto,3,ridge_ensemble,5,51,199.0,210.62936401367188
femto,3,ridge_ensemble,5,52,198.0,208.70285034179688
femto,3,ridge_ensemble,5,53,197.0,208.2339324951172
femto,3,ridge_ensemble,5,54,196.0,207.40354919433594
femto,3,ridge_ensemble,5,55,195.0,206.50405883789062
femto,3,ridge_ensemble,5,56,194.0,205.118896484375
femto,3,ridge_ensemble,5,57,193.0,204.0362091064453
femto,3,ridge_ensemble,5,58,192.0,202.87814331054688
femto,3,ridge_ensemble,5,59,191.0,201.50111389160156
femto,3,ridge_ensemble,5,60,190.0,201.1328125
femto,3,ridge_ensemble,5,61,189.0,200.2069091796875
femto,3,ridge_ensemble,5,62,188.0,199.1063690185547
femto,3,ridge_ensemble,5,63,187.0,197.95726013183594
femto,3,ridge_ensemble,5,64,186.0,196.61216735839844
femto,3,ridge_ensemble,5,65,185.0,195.6935272216797
femto,3,ridge_ensemble,5,66,184.0,194.87689208984375
femto,3,ridge_ensemble,5,67,183.0,193.333984375
femto,3,ridge_ensemble,5,68,182.0,192.55458068847656
femto,3,ridge_ensemble,5,69,181.0,191.62074279785156
femto,3,ridge_ensemble,5,70,180.0,190.00404357910156
femto,3,ridge_ensemble,5,71,179.0,190.0014190673828
femto,3,ridge_ensemble,5,72,178.0,188.00637817382812
femto,3,ridge_ensemble,5,73,177.0,187.36155700683594
femto,3,ridge_ensemble,5,74,176.0,186.5028076171875
femto,3,ridge_ensemble,5,75,175.0,184.51470947265625
femto,3,ridge_ensemble,5,76,174.0,184.30303955078125
femto,3,ridge_ensemble,5,77,173.0,183.20584106445312
femto,3,ridge_ensemble,5,78,172.0,182.1200408935547
femto,3,ridge_ensemble,5,79,171.0,181.143798828125
femto,3,ridge_ensemble,5,80,170.0,179.43707275390625
femto,3,ridge_ensemble,5,81,169.0,178.84886169433594
femto,3,ridge_ensemble,5,82,168.0,178.077880859375
femto,3,ridge_ensemble,5,83,167.0,176.27659606933594
femto,3,ridge_ensemble,5,84,166.0,175.60377502441406
femto,3,ridge_ensemble,5,85,165.0,174.23838806152344
femto,3,ridge_ensemble,5,86,164.0,173.1461944580078
femto,3,ridge_ensemble,5,87,163.0,172.05294799804688
femto,3,ridge_ensemble,5,88,162.0,171.3588409423828
femto,3,ridge_ensemble,5,89,161.0,170.35015869140625
femto,3,ridge_ensemble,5,90,160.0,169.3516082763672
femto,3,ridge_ensemble,5,91,159.0,168.5628662109375
femto,3,ridge_ensemble,5,92,158.0,166.85906982421875
femto,3,ridge_ensemble,5,93,157.0,166.0734405517578
femto,3,ridge_ensemble,5,94,156.0,165.27789306640625
femto,3,ridge_ensemble,5,95,155.0,163.9099578857422
femto,3,ridge_ensemble,5,96,154.0,162.67288208007812
femto,3,ridge_ensemble,5,97,153.0,161.60653686523438
femto,3,ridge_ensemble,5,98,152.0,160.4955291748047
femto,3,ridge_ensemble,5,99,151.0,159.69541931152344
femto,3,ridge_ensemble,5,100,150.0,158.80404663085938
femto,3,ridge_ensemble,5,101,149.0,157.78695678710938
femto,3,ridge_ensemble,5,102,148.0,156.29544067382812
femto,3,ridge_ensemble,5,103,147.0,155.24583435058594
femto,3,ridge_ensemble,5,104,146.0,154.0502166748047
femto,3,ridge_ensemble,5,105,145.0,152.88624572753906
femto,3,ridge_ensemble,5,106,144.0,152.33189392089844
femto,3,ridge_ensemble,5,107,143.0,150.5357666015625
femto,3,ridge_ensemble,5,108,142.0,149.3798828125
femto,3,ridge_ensemble,5,109,141.0,148.59356689453125
femto,3,ridge_ensemble,5,110,140.0,147.84921264648438
femto,3,ridge_ensemble,5,111,139.0,146.8372039794922
femto,3,ridge_ensemble,5,112,138.0,145.76931762695312
femto,3,ridge_ensemble,5,113,137.0,144.77413940429688
femto,3,ridge_ensemble,5,114,136.0,142.8357696533203
femto,3,ridge_ensemble,5,115,135.0,142.3217010498047
femto,3,ridge_ensemble,5,116,134.0,141.241943359375
femto,3,ridge_ensemble,5,117,133.0,139.718505859375
femto,3,ridge_ensemble,5,118,132.0,139.04917907714844
femto,3,ridge_ensemble,5,119,131.0,137.96658325195312
femto,3,ridge_ensemble,5,120,130.0,136.55426025390625
femto,3,ridge_ensemble,5,121,129.0,135.9625701904297
femto,3,ridge_ensemble,5,122,128.0,134.8819122314453
femto,3,ridge_ensemble,5,123,127.00000762939453,133.9215545654297
femto,3,ridge_ensemble,5,124,126.0,132.2205810546875
femto,3,ridge_ensemble,5,125,125.0,131.5479736328125
femto,3,ridge_ensemble,5,126,124.00000762939453,130.47598266601562
femto,3,ridge_ensemble,5,127,123.0,129.30596923828125
femto,3,ridge_ensemble,5,128,122.0,127.93760681152344
femto,3,ridge_ensemble,5,129,121.00000762939453,127.28634643554688
femto,3,ridge_ensemble,5,130,120.0,126.20821380615234
femto,3,ridge_ensemble,5,131,119.0,124.9209213256836
femto,3,ridge_ensemble,5,132,118.00000762939453,122.99153900146484
femto,3,ridge_ensemble,5,133,117.0,122.43467712402344
femto,3,ridge_ensemble,5,134,116.0,121.5814208984375
femto,3,ridge_ensemble,5,135,115.0,120.40245056152344
femto,3,ridge_ensemble,5,136,114.0,119.17860412597656
femto,3,ridge_ensemble,5,137,113.0,117.93387603759766
femto,3,ridge_ensemble,5,138,112.0,116.42279815673828
femto,3,ridge_ensemble,5,139,111.0,116.30036926269531
femto,3,ridge_ensemble,5,140,110.0,114.54545593261719
femto,3,ridge_ensemble,5,141,109.0,114.44097137451172
femto,3,ridge_ensemble,5,142,108.0,113.1006851196289
femto,3,ridge_ensemble,5,143,107.0,110.66361236572266
femto,3,ridge_ensemble,5,144,106.0,110.8627700805664
femto,3,ridge_ensemble,5,145,105.0,109.9360580444336
femto,3,ridge_ensemble,5,146,104.0,108.4357681274414
femto,3,ridge_ensemble,5,147,103.0,108.03472137451172
femto,3,ridge_ensemble,5,148,102.0,106.93000030517578
femto,3,ridge_ensemble,5,149,101.0,105.76866149902344
femto,3,ridge_ensemble,5,150,100.0,104.68419647216797
femto,3,ridge_ensemble,5,151,99.0,103.4520492553711
femto,3,ridge_ensemble,5,152,98.0,102.36231231689453
femto,3,ridge_ensemble,5,153,97.0,101.26432800292969
femto,3,ridge_ensemble,5,154,96.0,100.27206420898438
femto,3,ridge_ensemble,5,155,95.0,99.61576080322266
femto,3,ridge_ensemble,5,156,94.0,98.26953125
femto,3,ridge_ensemble,5,157,93.0,96.9975814819336
femto,3,ridge_ensemble,5,158,92.0,96.12673950195312
femto,3,ridge_ensemble,5,159,91.0,95.18740844726562
femto,3,ridge_ensemble,5,160,90.0,94.29986572265625
femto,3,ridge_ensemble,5,161,89.0,93.19937896728516
femto,3,ridge_ensemble,5,162,88.0,92.3826675415039
femto,3,ridge_ensemble,5,163,87.0,91.64129638671875
femto,3,ridge_ensemble,5,164,86.0,90.92613220214844
femto,3,ridge_ensemble,5,165,85.0,88.95011138916016
femto,3,ridge_ensemble,5,166,84.0,89.16559600830078
femto,3,ridge_ensemble,5,167,83.0,87.78614044189453
femto,3,ridge_ensemble,5,168,82.0,86.77727508544922
femto,3,ridge_ensemble,5,169,81.0,85.2195816040039
femto,3,ridge_ensemble,5,170,80.0,84.32490539550781
femto,3,ridge_ensemble,5,171,79.0,83.56254577636719
femto,3,ridge_ensemble,5,172,78.0,82.50995635986328
femto,3,ridge_ensemble,5,173,77.0,79.70757293701172
femto,3,ridge_ensemble,5,174,76.0,79.99156188964844
femto,3,ridge_ensemble,5,175,75.0,78.83716583251953
femto,3,ridge_ensemble,5,176,74.0,77.57476806640625
femto,3,ridge_ensemble,5,177,73.0,76.14733123779297
femto,3,ridge_ensemble,5,178,72.0,75.54696655273438
femto,3,ridge_ensemble,5,179,71.0,74.61851501464844
femto,3,ridge_ensemble,5,180,70.0,73.57170867919922
femto,3,ridge_ensemble,5,181,69.0,73.15129852294922
femto,3,ridge_ensemble,5,182,68.0,71.60956573486328
femto,3,ridge_ensemble,5,183,67.0,70.79316711425781
femto,3,ridge_ensemble,5,184,66.0,69.25926971435547
femto,3,ridge_ensemble,5,185,65.0,68.38229370117188
femto,3,ridge_ensemble,5,186,64.0,66.91936492919922
femto,3,ridge_ensemble,5,187,63.0,66.17158508300781
femto,3,ridge_ensemble,5,188,62.000003814697266,64.80108642578125
femto,3,ridge_ensemble,5,189,61.0,64.16564178466797
femto,3,ridge_ensemble,5,190,60.0,62.9106559753418
femto,3,ridge_ensemble,5,191,59.000003814697266,62.13505554199219
femto,3,ridge_ensemble,5,192,58.0,60.90981674194336
femto,3,ridge_ensemble,5,193,57.0,59.28798294067383
femto,3,ridge_ensemble,5,194,56.0,58.495628356933594
femto,3,ridge_ensemble,5,195,55.0,57.84329605102539
femto,3,ridge_ensemble,5,196,54.0,57.019229888916016
femto,3,ridge_ensemble,5,197,53.0,55.4128532409668
femto,3,ridge_ensemble,5,198,52.0,54.42495346069336
femto,3,ridge_ensemble,5,199,51.0,53.08930206298828
femto,3,ridge_ensemble,5,200,50.0,51.9440803527832
femto,3,ridge_ensemble,5,201,49.0,51.097923278808594
femto,3,ridge_ensemble,5,202,48.0,50.087890625
femto,3,ridge_ensemble,5,203,47.0,48.9395637512207
femto,3,ridge_ensemble,5,204,46.0,48.03262710571289
femto,3,ridge_ensemble,5,205,45.0,47.37422180175781
femto,3,ridge_ensemble,5,206,44.0,46.19514465332031
femto,3,ridge_ensemble,5,207,43.0,44.72843551635742
femto,3,ridge_ensemble,5,208,42.0,44.22523880004883
femto,3,ridge_ensemble,5,209,41.0,42.907108306884766
femto,3,ridge_ensemble,5,210,40.0,41.647125244140625
femto,3,ridge_ensemble,5,211,39.0,40.865325927734375
femto,3,ridge_ensemble,5,212,38.0,40.07242202758789
femto,3,ridge_ensemble,5,213,37.0,38.912628173828125
femto,3,ridge_ensemble,5,214,36.0,37.42775344848633
femto,3,ridge_ensemble,5,215,35.0,36.58457565307617
femto,3,ridge_ensemble,5,216,34.0,35.56122970581055
femto,3,ridge_ensemble,5,217,33.0,34.7254753112793
femto,3,ridge_ensemble,5,218,32.0,33.65654754638672
femto,3,ridge_ensemble,5,219,31.000001907348633,32.749244689941406
femto,3,ridge_ensemble,5,220,30.0,30.87336540222168
femto,3,ridge_ensemble,5,221,29.0,31.11117935180664
femto,3,ridge_ensemble,5,222,28.0,29.450870513916016
femto,3,ridge_ensemble,5,223,27.0,28.573753356933594
femto,3,ridge_ensemble,5,224,26.0,26.791719436645508
femto,3,ridge_ensemble,5,225,25.0,25.779645919799805
femto,3,ridge_ensemble,5,226,24.0,24.863445281982422
femto,3,ridge_ensemble,5,227,23.0,24.240943908691406
femto,3,ridge_ensemble,5,228,22.0,22.917797088623047
femto,3,ridge_ensemble,5,229,21.0,22.152936935424805
femto,3,ridge_ensemble,5,230,20.0,20.579795837402344
femto,3,ridge_ensemble,5,231,19.0,19.862457275390625
femto,3,ridge_ensemble,5,232,18.0,18.32583999633789
femto,3,ridge_ensemble,5,233,17.0,17.391189575195312
femto,3,ridge_ensemble,5,234,16.0,16.313344955444336
femto,3,ridge_ensemble,5,235,15.0,15.234102249145508
femto,3,ridge_ensemble,5,236,14.0,14.420011520385742
femto,3,ridge_ensemble,5,237,13.0,13.599581718444824
femto,3,ridge_ensemble,5,238,12.0,12.596415519714355
femto,3,ridge_ensemble,5,239,11.0,11.074387550354004
femto,3,ridge_ensemble,5,240,10.0,9.799887657165527
femto,3,ridge_ensemble,5,241,9.0,8.94927978515625
femto,3,ridge_ensemble,5,242,8.0,7.764870643615723
femto,3,ridge_ensemble,5,243,7.0,6.7108354568481445
femto,3,ridge_ensemble,5,244,6.0,5.528933048248291
femto,3,ridge_ensemble,5,245,5.0,4.477879524230957
femto,3,ridge_ensemble,5,246,4.0,3.570220947265625
femto,3,ridge_ensemble,5,247,3.0,2.5036983489990234
femto,3,ridge_ensemble,5,248,2.0,1.3689868450164795
femto,3,ridge_ensemble,5,249,1.0,0.4609972834587097
femto,3,ridge_ensemble,5,250,0.0,0.0
femto,3,ridge_ensemble,5,251,0.0,0.0
femto,3,ridge_ensemble,5,252,0.0,0.0
femto,3,ridge_ensemble,5,253,0.0,0.0
femto,3,ridge_ensemble,5,254,0.0,0.0
femto,3,ridge_ensemble,5,255,0.0,0.0
femto,3,ridge_ensemble,5,256,0.0,0.0
femto,3,ridge_ensemble,5,257,0.0,0.0
femto,3,ridge_ensemble,5,258,0.0,0.0
femto,3,ridge_ensemble,5,259,0.0,0.0
femto,3,ridge_ensemble,5,260,0.0,0.0
femto,3,ridge_ensemble,5,261,0.0,0.0
femto,3,ridge_ensemble,5,262,0.0,0.0
femto,3,ridge_ensemble,5,263,0.0,0.0
femto,3,ridge_ensemble,5,264,0.0,0.0
femto,3,ridge_ensemble,5,265,0.0,0.0
femto,3,ridge_ensemble,5,266,0.0,0.04004768282175064
femto,3,ridge_ensemble,5,267,0.0,0.0
femto,3,ridge_ensemble,5,268,0.0,0.56456458568573
femto,3,ridge_ensemble,5,269,0.0,0.05460866168141365
femto,3,ridge_ensemble,5,270,0.0,0.31136441230773926
femto,3,ridge_ensemble,5,271,0.0,0.49115216732025146
femto,3,ridge_ensemble,5,272,0.0,0.38216447830200195
femto,3,ridge_ensemble,5,273,0.0,0.0
femto,3,ridge_ensemble,5,274,0.0,0.2271975576877594
femto,3,ridge_ensemble,5,275,0.0,0.1683134138584137
femto,3,ridge_ensemble,5,276,0.0,0.5149542689323425
femto,3,ridge_ensemble,5,277,0.0,0.19893261790275574
femto,3,ridge_ensemble,5,278,0.0,0.5642586946487427
femto,3,ridge_ensemble,5,279,0.0,0.4785146415233612
femto,3,ridge_ensemble,5,280,0.0,0.7742533683776855
femto,3,ridge_ensemble,5,281,0.0,0.489757239818573
femto,3,ridge_ensemble,5,282,0.0,0.6440146565437317
femto,3,ridge_ensemble,5,283,0.0,0.6074976921081543
femto,3,ridge_ensemble,5,284,0.0,0.8184084892272949
femto,3,ridge_ensemble,5,285,0.0,0.5250948667526245
femto,3,ridge_ensemble,5,286,0.0,1.0692392587661743
femto,3,ridge_ensemble,5,287,0.0,1.487178087234497
femto,3,ridge_ensemble,5,288,0.0,2.0405378341674805
femto,3,ridge_ensemble,5,289,0.0,2.38783597946167
femto,3,ridge_ensemble,5,290,0.0,3.1488852500915527
femto,3,ridge_ensemble,5,291,0.0,3.0214195251464844
femto,3,ridge_ensemble,5,292,0.0,4.168024063110352
femto,3,ridge_ensemble,5,293,0.0,4.479363441467285
femto,3,ridge_ensemble,5,294,0.0,4.582389831542969
femto,3,ridge_ensemble,5,295,0.0,5.475849628448486
femto,3,ridge_ensemble,5,296,0.0,5.9234843254089355
femto,3,ridge_ensemble,5,297,0.0,6.49319314956665
femto,3,ridge_ensemble,5,298,0.0,7.156923770904541
femto,3,ridge_ensemble,5,299,0.0,7.713791370391846
ims,1,transfer_ensemble,5,19,231.0,200.88815307617188
ims,1,transfer_ensemble,5,20,230.0,201.56822204589844
ims,1,transfer_ensemble,5,21,229.0,201.63421630859375
ims,1,transfer_ensemble,5,22,228.0,201.3208465576172
ims,1,transfer_ensemble,5,23,227.0,200.80116271972656
ims,1,transfer_ensemble,5,24,226.0,200.56581115722656
ims,1,transfer_ensemble,5,25,225.0,201.06533813476562
ims,1,transfer_ensemble,5,26,224.0,201.24314880371094
ims,1,transfer_ensemble,5,27,223.0,201.0841064453125
ims,1,transfer_ensemble,5,28,222.0,200.7872772216797
ims,1,transfer_ensemble,5,29,221.0,200.584716796875
ims,1,transfer_ensemble,5,30,220.0,200.63751220703125
ims,1,transfer_ensemble,5,31,219.0,200.45285034179688
ims,1,transfer_ensemble,5,32,218.0,200.2967529296875
ims,1,transfer_ensemble,5,33,217.0,200.85073852539062
ims,1,transfer_ensemble,5,34,216.0,200.66217041015625
ims,1,transfer_ensemble,5,35,215.0,201.01528930664062
ims,1,transfer_ensemble,5,36,214.0,200.92398071289062
ims,1,transfer_ensemble,5,37,213.0,200.40602111816406
ims,1,transfer_ensemble,5,38,212.0,200.35415649414062
ims,1,transfer_ensemble,5,39,211.0,200.55966186523438
ims,1,transfer_ensemble,5,40,210.0,200.44580078125
ims,1,transfer_ensemble,5,41,209.0,199.81704711914062
ims,1,transfer_ensemble,5,42,208.0,199.841552734375
ims,1,transfer_ensemble,5,43,207.0,200.1130828857422
ims,1,transfer_ensemble,5,44,206.0,200.0557098388672
ims,1,transfer_ensemble,5,45,205.0,199.91763305664062
ims,1,transfer_ensemble,5,46,204.0,200.1569366455078
ims,1,transfer_ensemble,5,47,203.0,199.0707244873047
ims,1,transfer_ensemble,5,48,202.0,199.314453125
ims,1,transfer_ensemble,5,49,201.0,199.5858154296875
ims,1,transfer_ensemble,5,50,200.0,199.36453247070312
ims,1,transfer_ensemble,5,51,199.0,198.73770141601562
ims,1,transfer_ensemble,5,52,198.0,199.1846466064453
ims,1,transfer_ensemble,5,53,197.0,199.00514221191406
ims,1,transfer_ensemble,5,54,196.0,198.32965087890625
ims,1,transfer_ensemble,5,55,195.0,197.9809112548828
ims,1,transfer_ensemble,5,56,194.0,198.20794677734375
ims,1,transfer_ensemble,5,57,193.0,198.3261260986328
ims,1,transfer_ensemble,5,58,192.0,198.42628479003906
ims,1,transfer_ensemble,5,59,191.0,198.49411010742188
ims,1,transfer_ensemble,5,60,190.0,198.04380798339844
ims,1,transfer_ensemble,5,61,189.0,197.3774871826172
ims,1,transfer_ensemble,5,62,188.0,197.15127563476562
ims,1,transfer_ensemble,5,63,187.0,197.0225067138672
ims,1,transfer_ensemble,5,64,186.0,197.37014770507812
ims,1,transfer_ensemble,5,65,185.0,197.3994140625
ims,1,transfer_ensemble,5,66,184.0,197.03463745117188
ims,1,transfer_ensemble,5,67,183.0,197.13710021972656
ims,1,transfer_ensemble,5,68,182.0,196.82098388671875
ims,1,transfer_ensemble,5,69,181.0,196.38706970214844
ims,1,transfer_ensemble,5,70,180.0,196.48214721679688
ims,1,transfer_ensemble,5,71,179.0,195.16238403320312
ims,1,transfer_ensemble,5,72,178.0,195.57284545898438
ims,1,transfer_ensemble,5,73,177.0,195.48272705078125
ims,1,transfer_ensemble,5,74,176.0,194.86886596679688
ims,1,transfer_ensemble,5,75,175.0,195.04141235351562
ims,1,transfer_ensemble,5,76,174.0,194.74752807617188
ims,1,transfer_ensemble,5,77,173.0,194.65737915039062
ims,1,transfer_ensemble,5,78,172.0,194.66500854492188
ims,1,transfer_ensemble,5,79,171.0,194.73667907714844
ims,1,transfer_ensemble,5,80,170.0,194.6610870361328
ims,1,transfer_ensemble,5,81,169.0,194.4711456298828
ims,1,transfer_ensemble,5,82,168.0,193.9171142578125
ims,1,transfer_ensemble,5,83,167.0,193.65628051757812
ims,1,transfer_ensemble,5,84,166.0,193.36337280273438
ims,1,transfer_ensemble,5,85,165.0,193.18580627441406
ims,1,transfer_ensemble,5,86,164.0,192.7882080078125
ims,1,transfer_ensemble,5,87,163.0,192.1558380126953
ims,1,transfer_ensemble,5,88,162.0,191.9072265625
ims,1,transfer_ensemble,5,89,161.0,191.70816040039062
ims,1,transfer_ensemble,5,90,160.0,191.6110076904297
ims,1,transfer_ensemble,5,91,159.0,191.22105407714844
ims,1,transfer_ensemble,5,92,158.0,190.59951782226562
ims,1,transfer_ensemble,5,93,157.0,190.1780242919922
ims,1,transfer_ensemble,5,94,156.0,189.78900146484375
ims,1,transfer_ensemble,5,95,155.0,189.65591430664062
ims,1,transfer_ensemble,5,96,154.0,188.85818481445312
ims,1,transfer_ensemble,5,97,153.0,188.38314819335938
ims,1,transfer_ensemble,5,98,152.0,188.0604705810547
ims,1,transfer_ensemble,5,99,151.0,187.73388671875
ims,1,transfer_ensemble,5,100,150.0,187.6621551513672
ims,1,transfer_ensemble,5,101,149.0,187.20370483398438
ims,1,transfer_ensemble,5,102,148.0,185.86764526367188
ims,1,transfer_ensemble,5,103,147.0,185.32177734375
ims,1,transfer_ensemble,5,104,146.0,184.24154663085938
ims,1,transfer_ensemble,5,105,145.0,182.62545776367188
ims,1,transfer_ensemble,5,106,144.0,182.51815795898438
ims,1,transfer_ensemble,5,107,143.0,180.98175048828125
ims,1,transfer_ensemble,5,108,142.0,179.03868103027344
ims,1,transfer_ensemble,5,109,141.0,177.69557189941406
ims,1,transfer_ensemble,5,110,140.0,178.02532958984375
ims,1,transfer_ensemble,5,111,139.0,178.78280639648438
ims,1,transfer_ensemble,5,112,138.0,179.2511444091797
ims,1,transfer_ensemble,5,113,137.0,178.54928588867188
ims,1,transfer_ensemble,5,114,136.0,173.50848388671875
ims,1,transfer_ensemble,5,115,135.0,173.42250061035156
ims,1,transfer_ensemble,5,116,134.0,172.86636352539062
ims,1,transfer_ensemble,5,117,133.0,170.6114959716797
ims,1,transfer_ensemble,5,118,132.0,170.4771270751953
ims,1,transfer_ensemble,5,119,131.0,168.94296264648438
ims,1,transfer_ensemble,5,120,130.0,165.87118530273438
ims,1,transfer_ensemble,5,121,129.0,166.06954956054688
ims,1,transfer_ensemble,5,122,128.0,165.97531127929688
ims,1,transfer_ensemble,5,123,127.00000762939453,166.40682983398438
ims,1,transfer_ensemble,5,124,126.0,161.94244384765625
ims,1,transfer_ensemble,5,125,125.0,160.93374633789062
ims,1,transfer_ensemble,5,126,124.00000762939453,161.0201416015625
ims,1,transfer_ensemble,5,127,123.0,158.87730407714844
ims,1,transfer_ensemble,5,128,122.0,155.0514678955078
ims,1,transfer_ensemble,5,129,121.00000762939453,154.4036407470703
ims,1,transfer_ensemble,5,130,120.0,153.86318969726562
ims,1,transfer_ensemble,5,131,119.0,152.2388916015625
ims,1,transfer_ensemble,5,132,118.00000762939453,145.78244018554688
ims,1,transfer_ensemble,5,133,117.0,143.9569549560547
ims,1,transfer_ensemble,5,134,116.0,143.70399475097656
ims,1,transfer_ensemble,5,135,115.0,142.9818878173828
ims,1,transfer_ensemble,5,136,114.0,141.23611450195312
ims,1,transfer_ensemble,5,137,113.0,138.0144500732422
ims,1,transfer_ensemble,5,138,112.0,132.97119140625
ims,1,transfer_ensemble,5,139,111.0,134.9484405517578
ims,1,transfer_ensemble,5,140,110.0,131.4202880859375
ims,1,transfer_ensemble,5,141,109.0,134.0299530029297
ims,1,transfer_ensemble,5,142,108.0,134.4840850830078
ims,1,transfer_ensemble,5,143,107.0,126.850830078125
ims,1,transfer_ensemble,5,144,106.0,126.70643615722656
ims,1,transfer_ensemble,5,145,105.0,126.35307312011719
ims,1,transfer_ensemble,5,146,104.0,124.38719177246094
ims,1,transfer_ensemble,5,147,103.0,125.63627624511719
ims,1,transfer_ensemble,5,148,102.0,125.18034362792969
ims,1,transfer_ensemble,5,149,101.0,124.59474182128906
ims,1,transfer_ensemble,5,150,100.0,122.09266662597656
ims,1,transfer_ensemble,5,151,99.0,119.2014389038086
ims,1,transfer_ensemble,5,152,98.0,117.05879974365234
ims,1,transfer_ensemble,5,153,97.0,115.0821304321289
ims,1,transfer_ensemble,5,154,96.0,111.74407958984375
ims,1,transfer_ensemble,5,155,95.0,111.1572494506836
ims,1,transfer_ensemble,5,156,94.0,109.1711196899414
ims,1,transfer_ensemble,5,157,93.0,107.27799987792969
ims,1,transfer_ensemble,5,158,92.0,105.22312927246094
ims,1,transfer_ensemble,5,159,91.0,103.74559020996094
ims,1,transfer_ensemble,5,160,90.0,103.115966796875
ims,1,transfer_ensemble,5,161,89.0,100.98081970214844
ims,1,transfer_ensemble,5,162,88.0,100.0964126586914
ims,1,transfer_ensemble,5,163,87.0,98.83550262451172
ims,1,transfer_ensemble,5,164,86.0,98.5157241821289
ims,1,transfer_ensemble,5,165,85.0,96.50614166259766
ims,1,transfer_ensemble,5,166,84.0,96.94779968261719
ims,1,transfer_ensemble,5,167,83.0,94.54203796386719
ims,1,transfer_ensemble,5,168,82.0,92.9449691772461
ims,1,transfer_ensemble,5,169,81.0,90.64738464355469
ims,1,transfer_ensemble,5,170,80.0,88.55485534667969
ims,1,transfer_ensemble,5,171,79.0,87.8174819946289
ims,1,transfer_ensemble,5,172,78.0,86.23674011230469
ims,1,transfer_ensemble,5,173,77.0,84.01499938964844
ims,1,transfer_ensemble,5,174,76.0,83.279052734375
ims,1,transfer_ensemble,5,175,75.0,82.2137222290039
ims,1,transfer_ensemble,5,176,74.0,81.57307434082031
ims,1,transfer_ensemble,5,177,73.0,80.20436096191406
ims,1,transfer_ensemble,5,178,72.0,78.75088500976562
ims,1,transfer_ensemble,5,179,71.0,77.71495056152344
ims,1,transfer_ensemble,5,180,70.0,76.95489501953125
ims,1,transfer_ensemble,5,181,69.0,75.50202941894531
ims,1,transfer_ensemble,5,182,68.0,73.70201110839844
ims,1,transfer_ensemble,5,183,67.0,72.6748275756836
ims,1,transfer_ensemble,5,184,66.0,71.33438110351562
ims,1,transfer_ensemble,5,185,65.0,70.33885192871094
ims,1,transfer_ensemble,5,186,64.0,68.50733947753906
ims,1,transfer_ensemble,5,187,63.0,67.29196166992188
ims,1,transfer_ensemble,5,188,62.000003814697266,65.80374908447266
ims,1,transfer_ensemble,5,189,61.0,64.6173095703125
ims,1,transfer_ensemble,5,190,60.0,63.5776481628418
ims,1,transfer_ensemble,5,191,59.000003814697266,62.39409255981445
ims,1,transfer_ensemble,5,192,58.0,61.16266632080078
ims,1,transfer_ensemble,5,193,57.0,59.91790771484375
ims,1,transfer_ensemble,5,194,56.0,59.105262756347656
ims,1,transfer_ensemble,5,195,55.0,57.94964599609375
ims,1,transfer_ensemble,5,196,54.0,56.8148078918457
ims,1,transfer_ensemble,5,197,53.0,55.65266036987305
ims,1,transfer_ensemble,5,198,52.0,54.32184982299805
ims,1,transfer_ensemble,5,199,51.0,53.09209442138672
ims,1,transfer_ensemble,5,200,50.0,51.838890075683594
ims,1,transfer_ensemble,5,201,49.0,50.78832244873047
ims,1,transfer_ensemble,5,202,48.0,49.607295989990234
ims,1,transfer_ensemble,5,203,47.0,48.6779899597168
ims,1,transfer_ensemble,5,204,46.0,47.70935821533203
ims,1,transfer_ensemble,5,205,45.0,46.64492416381836
ims,1,transfer_ensemble,5,206,44.0,45.459320068359375
ims,1,transfer_ensemble,5,207,43.0,44.47457504272461
ims,1,transfer_ensemble,5,208,42.0,43.36014938354492
ims,1,transfer_ensemble,5,209,41.0,42.156349182128906
ims,1,transfer_ensemble,5,210,40.0,41.158172607421875
ims,1,transfer_ensemble,5,211,39.0,40.41672134399414
ims,1,transfer_ensemble,5,212,38.0,39.239219665527344
ims,1,transfer_ensemble,5,213,37.0,38.153892517089844
ims,1,transfer_ensemble,5,214,36.0,37.062461853027344
ims,1,transfer_ensemble,5,215,35.0,36.174644470214844
ims,1,transfer_ensemble,5,216,34.0,35.30929946899414
ims,1,transfer_ensemble,5,217,33.0,34.262203216552734
ims,1,transfer_ensemble,5,218,32.0,33.284400939941406
ims,1,transfer_ensemble,5,219,31.000001907348633,32.49537658691406
ims,1,transfer_ensemble,5,220,30.0,31.591064453125
ims,1,transfer_ensemble,5,221,29.0,30.489856719970703
ims,1,transfer_ensemble,5,222,28.0,29.50265884399414
ims,1,transfer_ensemble,5,223,27.0,28.520105361938477
ims,1,transfer_ensemble,5,224,26.0,28.133691787719727
ims,1,transfer_ensemble,5,225,25.0,27.527816772460938
ims,1,transfer_ensemble,5,226,24.0,26.602590560913086
ims,1,transfer_ensemble,5,227,23.0,25.713476181030273
ims,1,transfer_ensemble,5,228,22.0,24.80347442626953
ims,1,transfer_ensemble,5,229,21.0,24.235414505004883
ims,1,transfer_ensemble,5,230,20.0,23.49399757385254
ims,1,transfer_ensemble,5,231,19.0,22.713924407958984
ims,1,transfer_ensemble,5,232,18.0,21.938518524169922
ims,1,transfer_ensemble,5,233,17.0,21.111448287963867
ims,1,transfer_ensemble,5,234,16.0,20.383106231689453
ims,1,transfer_ensemble,5,235,15.0,19.61544418334961
ims,1,transfer_ensemble,5,236,14.0,18.902708053588867
ims,1,transfer_ensemble,5,237,13.0,18.150728225708008
ims,1,transfer_ensemble,5,238,12.0,17.327234268188477
ims,1,transfer_ensemble,5,239,11.0,16.851776123046875
ims,1,transfer_ensemble,5,240,10.0,16.11289405822754
ims,1,transfer_ensemble,5,241,9.0,15.519004821777344
ims,1,transfer_ensemble,5,242,8.0,14.915105819702148
ims,1,transfer_ensemble,5,243,7.0,14.424562454223633
ims,1,transfer_ensemble,5,244,6.0,13.846153259277344
ims,1,transfer_ensemble,5,245,5.0,13.352834701538086
ims,1,transfer_ensemble,5,246,4.0,12.611413955688477
ims,1,transfer_ensemble,5,247,3.0,11.971328735351562
ims,1,transfer_ensemble,5,248,2.0,11.189939498901367
ims,1,transfer_ensemble,5,249,1.0,10.645713806152344
ims,1,transfer_ensemble,5,250,0.0,10.149091720581055
ims,1,transfer_ensemble,5,251,0.0,9.373884201049805
ims,1,transfer_ensemble,5,252,0.0,8.835241317749023
ims,1,transfer_ensemble,5,253,0.0,8.298099517822266
ims,1,transfer_ensemble,5,254,0.0,7.684394836425781
ims,1,transfer_ensemble,5,255,0.0,7.015957832336426
ims,1,transfer_ensemble,5,256,0.0,6.30078125
ims,1,transfer_ensemble,5,257,0.0,5.717593193054199
ims,1,transfer_ensemble,5,258,0.0,5.0165557861328125
ims,1,transfer_ensemble,5,259,0.0,4.357875823974609
ims,1,transfer_ensemble,5,260,0.0,3.8538169860839844
ims,1,transfer_ensemble,5,261,0.0,3.315016508102417
ims,1,transfer_ensemble,5,262,0.0,2.6959822177886963
ims,1,transfer_ensemble,5,263,0.0,2.4578802585601807
ims,1,transfer_ensemble,5,264,0.0,1.946873664855957
ims,1,transfer_ensemble,5,265,0.0,1.572485327720642
ims,1,transfer_ensemble,5,266,0.0,1.3229238986968994
ims,1,transfer_ensemble,5,267,0.0,1.062921166419983
ims,1,transfer_ensemble,5,268,0.0,0.7787322998046875
ims,1,transfer_ensemble,5,269,0.0,0.36384278535842896
ims,1,transfer_ensemble,5,270,0.0,0.0715843215584755
ims,1,transfer_ensemble,5,271,0.0,-0.3605249524116516
ims,1,transfer_ensemble,5,272,0.0,-0.5330253839492798
ims,1,transfer_ensemble,5,273,0.0,-0.7656806707382202
ims,1,transfer_ensemble,5,274,0.0,-0.9834039807319641
ims,1,transfer_ensemble,5,275,0.0,-1.1845470666885376
ims,1,transfer_ensemble,5,276,0.0,-1.3409818410873413
ims,1,transfer_ensemble,5,277,0.0,-1.421066403388977
ims,1,transfer_ensemble,5,278,0.0,-1.6121234893798828
ims,1,transfer_ensemble,5,279,0.0,-1.7174367904663086
ims,1,transfer_ensemble,5,280,0.0,-1.8089994192123413
ims,1,transfer_ensemble,5,281,0.0,-1.8924973011016846
ims,1,transfer_ensemble,5,282,0.0,-1.9087404012680054
ims,1,transfer_ensemble,5,283,0.0,-1.814467430114746
ims,1,transfer_ensemble,5,284,0.0,-1.7004687786102295
ims,1,transfer_ensemble,5,285,0.0,-1.610926866531372
ims,1,transfer_ensemble,5,286,0.0,-1.5199397802352905
ims,1,transfer_ensemble,5,287,0.0,-1.4852982759475708
ims,1,transfer_ensemble,5,288,0.0,-1.3225648403167725
ims,1,transfer_ensemble,5,289,0.0,-1.0761480331420898
ims,1,transfer_ensemble,5,290,0.0,-0.9250653982162476
ims,1,transfer_ensemble,5,291,0.0,-0.702832818031311
ims,1,transfer_ensemble,5,292,0.0,-0.5108886957168579
ims,1,transfer_ensemble,5,293,0.0,-0.23264417052268982
ims,1,transfer_ensemble,5,294,0.0,0.07300939410924911
ims,1,transfer_ensemble,5,295,0.0,0.4095134735107422
ims,1,transfer_ensemble,5,296,0.0,0.7250840067863464
ims,1,transfer_ensemble,5,297,0.0,1.0130550861358643
ims,1,transfer_ensemble,5,298,0.0,1.3282896280288696
ims,1,transfer_ensemble,5,299,0.0,1.5448564291000366
ims,1,frozen_encoder_ensemble,5,19,231.0,182.00318908691406
ims,1,frozen_encoder_ensemble,5,20,230.0,182.9495849609375
ims,1,frozen_encoder_ensemble,5,21,229.0,183.1711883544922
ims,1,frozen_encoder_ensemble,5,22,228.0,182.69107055664062
ims,1,frozen_encoder_ensemble,5,23,227.0,182.00607299804688
ims,1,frozen_encoder_ensemble,5,24,226.0,181.3072052001953
ims,1,frozen_encoder_ensemble,5,25,225.0,181.7553253173828
ims,1,frozen_encoder_ensemble,5,26,224.0,181.89041137695312
ims,1,frozen_encoder_ensemble,5,27,223.0,182.0716552734375
ims,1,frozen_encoder_ensemble,5,28,222.0,181.98568725585938
ims,1,frozen_encoder_ensemble,5,29,221.0,181.59423828125
ims,1,frozen_encoder_ensemble,5,30,220.0,181.30157470703125
ims,1,frozen_encoder_ensemble,5,31,219.0,181.23147583007812
ims,1,frozen_encoder_ensemble,5,32,218.0,180.94992065429688
ims,1,frozen_encoder_ensemble,5,33,217.0,181.70606994628906
ims,1,frozen_encoder_ensemble,5,34,216.0,181.8781280517578
ims,1,frozen_encoder_ensemble,5,35,215.0,182.14805603027344
ims,1,frozen_encoder_ensemble,5,36,214.0,182.26095581054688
ims,1,frozen_encoder_ensemble,5,37,213.0,181.60882568359375
ims,1,frozen_encoder_ensemble,5,38,212.0,181.55258178710938
ims,1,frozen_encoder_ensemble,5,39,211.0,181.46975708007812
ims,1,frozen_encoder_ensemble,5,40,210.0,181.4614715576172
ims,1,frozen_encoder_ensemble,5,41,209.0,180.78421020507812
ims,1,frozen_encoder_ensemble,5,42,208.0,180.7189178466797
ims,1,frozen_encoder_ensemble,5,43,207.0,180.93995666503906
ims,1,frozen_encoder_ensemble,5,44,206.0,181.02578735351562
ims,1,frozen_encoder_ensemble,5,45,205.0,180.8712615966797
ims,1,frozen_encoder_ensemble,5,46,204.0,181.0778350830078
ims,1,frozen_encoder_ensemble,5,47,203.0,180.10769653320312
ims,1,frozen_encoder_ensemble,5,48,202.0,180.4031219482422
ims,1,frozen_encoder_ensemble,5,49,201.0,180.4879608154297
ims,1,frozen_encoder_ensemble,5,50,200.0,180.30462646484375
ims,1,frozen_encoder_ensemble,5,51,199.0,179.6810760498047
ims,1,frozen_encoder_ensemble,5,52,198.0,180.0207977294922
ims,1,frozen_encoder_ensemble,5,53,197.0,180.12158203125
ims,1,frozen_encoder_ensemble,5,54,196.0,179.8152618408203
ims,1,frozen_encoder_ensemble,5,55,195.0,179.27389526367188
ims,1,frozen_encoder_ensemble,5,56,194.0,179.36355590820312
ims,1,frozen_encoder_ensemble,5,57,193.0,179.3028106689453
ims,1,frozen_encoder_ensemble,5,58,192.0,179.46426391601562
ims,1,frozen_encoder_ensemble,5,59,191.0,179.22747802734375
ims,1,frozen_encoder_ensemble,5,60,190.0,179.06430053710938
ims,1,frozen_encoder_ensemble,5,61,189.0,178.1560516357422
ims,1,frozen_encoder_ensemble,5,62,188.0,178.03305053710938
ims,1,frozen_encoder_ensemble,5,63,187.0,177.5410919189453
ims,1,frozen_encoder_ensemble,5,64,186.0,177.67953491210938
ims,1,frozen_encoder_ensemble,5,65,185.0,177.6792755126953
ims,1,frozen_encoder_ensemble,5,66,184.0,177.23965454101562
ims,1,frozen_encoder_ensemble,5,67,183.0,176.7010498046875
ims,1,frozen_encoder_ensemble,5,68,182.0,176.41159057617188
ims,1,frozen_encoder_ensemble,5,69,181.0,176.6204833984375
ims,1,frozen_encoder_ensemble,5,70,180.0,176.6488800048828
ims,1,frozen_encoder_ensemble,5,71,179.0,175.80972290039062
ims,1,frozen_encoder_ensemble,5,72,178.0,176.11361694335938
ims,1,frozen_encoder_ensemble,5,73,177.0,176.2760772705078
ims,1,frozen_encoder_ensemble,5,74,176.0,175.76260375976562
ims,1,frozen_encoder_ensemble,5,75,175.0,175.20663452148438
ims,1,frozen_encoder_ensemble,5,76,174.0,175.14675903320312
ims,1,frozen_encoder_ensemble,5,77,173.0,175.2511444091797
ims,1,frozen_encoder_ensemble,5,78,172.0,174.72164916992188
ims,1,frozen_encoder_ensemble,5,79,171.0,174.7458953857422
ims,1,frozen_encoder_ensemble,5,80,170.0,174.45144653320312
ims,1,frozen_encoder_ensemble,5,81,169.0,174.44766235351562
ims,1,frozen_encoder_ensemble,5,82,168.0,174.1185302734375
ims,1,frozen_encoder_ensemble,5,83,167.0,173.75177001953125
ims,1,frozen_encoder_ensemble,5,84,166.0,173.595458984375
ims,1,frozen_encoder_ensemble,5,85,165.0,173.06753540039062
ims,1,frozen_encoder_ensemble,5,86,164.0,172.41281127929688
ims,1,frozen_encoder_ensemble,5,87,163.0,171.79318237304688
ims,1,frozen_encoder_ensemble,5,88,162.0,172.1338653564453
ims,1,frozen_encoder_ensemble,5,89,161.0,171.72879028320312
ims,1,frozen_encoder_ensemble,5,90,160.0,171.6999969482422
ims,1,frozen_encoder_ensemble,5,91,159.0,171.3936309814453
ims,1,frozen_encoder_ensemble,5,92,158.0,170.59056091308594
ims,1,frozen_encoder_ensemble,5,93,157.0,170.0613555908203
ims,1,frozen_encoder_ensemble,5,94,156.0,170.078857421875
ims,1,frozen_encoder_ensemble,5,95,155.0,169.4969940185547
ims,1,frozen_encoder_ensemble,5,96,154.0,168.58956909179688
ims,1,frozen_encoder_ensemble,5,97,153.0,168.23672485351562
ims,1,frozen_encoder_ensemble,5,98,152.0,168.0937042236328
ims,1,frozen_encoder_ensemble,5,99,151.0,167.653564453125
ims,1,frozen_encoder_ensemble,5,100,150.0,167.26756286621094
ims,1,frozen_encoder_ensemble,5,101,149.0,167.00283813476562
ims,1,frozen_encoder_ensemble,5,102,148.0,164.8211212158203
ims,1,frozen_encoder_ensemble,5,103,147.0,164.32945251464844
ims,1,frozen_encoder_ensemble,5,104,146.0,163.281005859375
ims,1,frozen_encoder_ensemble,5,105,145.0,162.21893310546875
ims,1,frozen_encoder_ensemble,5,106,144.0,162.8697967529297
ims,1,frozen_encoder_ensemble,5,107,143.0,161.12725830078125
ims,1,frozen_encoder_ensemble,5,108,142.0,159.63381958007812
ims,1,frozen_encoder_ensemble,5,109,141.0,158.5980682373047
ims,1,frozen_encoder_ensemble,5,110,140.0,160.0920867919922
ims,1,frozen_encoder_ensemble,5,111,139.0,160.94046020507812
ims,1,frozen_encoder_ensemble,5,112,138.0,160.73699951171875
ims,1,frozen_encoder_ensemble,5,113,137.0,159.37887573242188
ims,1,frozen_encoder_ensemble,5,114,136.0,153.4571533203125
ims,1,frozen_encoder_ensemble,5,115,135.0,154.2400665283203
ims,1,frozen_encoder_ensemble,5,116,134.0,153.3505096435547
ims,1,frozen_encoder_ensemble,5,117,133.0,150.77645874023438
ims,1,frozen_encoder_ensemble,5,118,132.0,151.17796325683594
ims,1,frozen_encoder_ensemble,5,119,131.0,150.0247802734375
ims,1,frozen_encoder_ensemble,5,120,130.0,146.72398376464844
ims,1,frozen_encoder_ensemble,5,121,129.0,147.6911163330078
ims,1,frozen_encoder_ensemble,5,122,128.0,147.93006896972656
ims,1,frozen_encoder_ensemble,5,123,127.00000762939453,149.03292846679688
ims,1,frozen_encoder_ensemble,5,124,126.0,143.10256958007812
ims,1,frozen_encoder_ensemble,5,125,125.0,143.0077667236328
ims,1,frozen_encoder_ensemble,5,126,124.00000762939453,143.5458984375
ims,1,frozen_encoder_ensemble,5,127,123.0,140.57293701171875
ims,1,frozen_encoder_ensemble,5,128,122.0,136.9108123779297
ims,1,frozen_encoder_ensemble,5,129,121.00000762939453,136.87742614746094
ims,1,frozen_encoder_ensemble,5,130,120.0,136.1150665283203
ims,1,frozen_encoder_ensemble,5,131,119.0,134.80914306640625
ims,1,frozen_encoder_ensemble,5,132,118.00000762939453,128.5779266357422
ims,1,frozen_encoder_ensemble,5,133,117.0,127.6482162475586
ims,1,frozen_encoder_ensemble,5,134,116.0,127.833251953125
ims,1,frozen_encoder_ensemble,5,135,115.0,127.62040710449219
ims,1,frozen_encoder_ensemble,5,136,114.0,125.99382019042969
ims,1,frozen_encoder_ensemble,5,137,113.0,122.93217468261719
ims,1,frozen_encoder_ensemble,5,138,112.0,118.73558044433594
ims,1,frozen_encoder_ensemble,5,139,111.0,121.63688659667969
ims,1,frozen_encoder_ensemble,5,140,110.0,117.82081604003906
ims,1,frozen_encoder_ensemble,5,141,109.0,120.8540267944336
ims,1,frozen_encoder_ensemble,5,142,108.0,120.80107116699219
ims,1,frozen_encoder_ensemble,5,143,107.0,113.1369400024414
ims,1,frozen_encoder_ensemble,5,144,106.0,113.4976806640625
ims,1,frozen_encoder_ensemble,5,145,105.0,113.36753845214844
ims,1,frozen_encoder_ensemble,5,146,104.0,111.84859466552734
ims,1,frozen_encoder_ensemble,5,147,103.0,112.9063491821289
ims,1,frozen_encoder_ensemble,5,148,102.0,111.8766860961914
ims,1,frozen_encoder_ensemble,5,149,101.0,110.8440170288086
ims,1,frozen_encoder_ensemble,5,150,100.0,108.26759338378906
ims,1,frozen_encoder_ensemble,5,151,99.0,105.92633056640625
ims,1,frozen_encoder_ensemble,5,152,98.0,104.00758361816406
ims,1,frozen_encoder_ensemble,5,153,97.0,102.60128021240234
ims,1,frozen_encoder_ensemble,5,154,96.0,99.3746109008789
ims,1,frozen_encoder_ensemble,5,155,95.0,98.86918640136719
ims,1,frozen_encoder_ensemble,5,156,94.0,97.21526336669922
ims,1,frozen_encoder_ensemble,5,157,93.0,95.85877227783203
ims,1,frozen_encoder_ensemble,5,158,92.0,94.44927215576172
ims,1,frozen_encoder_ensemble,5,159,91.0,93.52364349365234
ims,1,frozen_encoder_ensemble,5,160,90.0,93.2690200805664
ims,1,frozen_encoder_ensemble,5,161,89.0,91.43424987792969
ims,1,frozen_encoder_ensemble,5,162,88.0,90.96488952636719
ims,1,frozen_encoder_ensemble,5,163,87.0,89.51252746582031
ims,1,frozen_encoder_ensemble,5,164,86.0,88.78375244140625
ims,1,frozen_encoder_ensemble,5,165,85.0,87.73353576660156
ims,1,frozen_encoder_ensemble,5,166,84.0,88.064453125
ims,1,frozen_encoder_ensemble,5,167,83.0,85.25286102294922
ims,1,frozen_encoder_ensemble,5,168,82.0,83.04969787597656
ims,1,frozen_encoder_ensemble,5,169,81.0,81.22071838378906
ims,1,frozen_encoder_ensemble,5,170,80.0,79.46410369873047
ims,1,frozen_encoder_ensemble,5,171,79.0,78.88347625732422
ims,1,frozen_encoder_ensemble,5,172,78.0,77.9193344116211
ims,1,frozen_encoder_ensemble,5,173,77.0,77.63174438476562
ims,1,frozen_encoder_ensemble,5,174,76.0,77.28252410888672
ims,1,frozen_encoder_ensemble,5,175,75.0,76.25416564941406
ims,1,frozen_encoder_ensemble,5,176,74.0,75.53058624267578
ims,1,frozen_encoder_ensemble,5,177,73.0,74.43283081054688
ims,1,frozen_encoder_ensemble,5,178,72.0,73.0407485961914
ims,1,frozen_encoder_ensemble,5,179,71.0,72.27178192138672
ims,1,frozen_encoder_ensemble,5,180,70.0,71.76016998291016
ims,1,frozen_encoder_ensemble,5,181,69.0,70.55680847167969
ims,1,frozen_encoder_ensemble,5,182,68.0,69.09093475341797
ims,1,frozen_encoder_ensemble,5,183,67.0,68.22171020507812
ims,1,frozen_encoder_ensemble,5,184,66.0,67.48128509521484
ims,1,frozen_encoder_ensemble,5,185,65.0,66.8877182006836
ims,1,frozen_encoder_ensemble,5,186,64.0,65.36183166503906
ims,1,frozen_encoder_ensemble,5,187,63.0,64.45433807373047
ims,1,frozen_encoder_ensemble,5,188,62.000003814697266,63.5172119140625
ims,1,frozen_encoder_ensemble,5,189,61.0,62.579856872558594
ims,1,frozen_encoder_ensemble,5,190,60.0,62.13581085205078
ims,1,frozen_encoder_ensemble,5,191,59.000003814697266,61.16572952270508
ims,1,frozen_encoder_ensemble,5,192,58.0,60.169403076171875
ims,1,frozen_encoder_ensemble,5,193,57.0,59.43523025512695
ims,1,frozen_encoder_ensemble,5,194,56.0,58.6959342956543
ims,1,frozen_encoder_ensemble,5,195,55.0,57.7679328918457
ims,1,frozen_encoder_ensemble,5,196,54.0,56.64556884765625
ims,1,frozen_encoder_ensemble,5,197,53.0,55.766143798828125
ims,1,frozen_encoder_ensemble,5,198,52.0,54.82294464111328
ims,1,frozen_encoder_ensemble,5,199,51.0,53.85944747924805
ims,1,frozen_encoder_ensemble,5,200,50.0,52.79268264770508
ims,1,frozen_encoder_ensemble,5,201,49.0,52.10181427001953
ims,1,frozen_encoder_ensemble,5,202,48.0,51.12310028076172
ims,1,frozen_encoder_ensemble,5,203,47.0,50.499000549316406
ims,1,frozen_encoder_ensemble,5,204,46.0,49.89775848388672
ims,1,frozen_encoder_ensemble,5,205,45.0,48.94457244873047
ims,1,frozen_encoder_ensemble,5,206,44.0,47.822410583496094
ims,1,frozen_encoder_ensemble,5,207,43.0,47.09938430786133
ims,1,frozen_encoder_ensemble,5,208,42.0,45.939247131347656
ims,1,frozen_encoder_ensemble,5,209,41.0,44.92903518676758
ims,1,frozen_encoder_ensemble,5,210,40.0,44.073246002197266
ims,1,frozen_encoder_ensemble,5,211,39.0,43.74081039428711
ims,1,frozen_encoder_ensemble,5,212,38.0,42.514259338378906
ims,1,frozen_encoder_ensemble,5,213,37.0,41.461360931396484
ims,1,frozen_encoder_ensemble,5,214,36.0,40.42932891845703
ims,1,frozen_encoder_ensemble,5,215,35.0,39.68465042114258
ims,1,frozen_encoder_ensemble,5,216,34.0,39.04242706298828
ims,1,frozen_encoder_ensemble,5,217,33.0,37.95779037475586
ims,1,frozen_encoder_ensemble,5,218,32.0,37.176177978515625
ims,1,frozen_encoder_ensemble,5,219,31.000001907348633,36.23752212524414
ims,1,frozen_encoder_ensemble,5,220,30.0,35.3460578918457
ims,1,frozen_encoder_ensemble,5,221,29.0,34.246437072753906
ims,1,frozen_encoder_ensemble,5,222,28.0,33.3603515625
ims,1,frozen_encoder_ensemble,5,223,27.0,32.526268005371094
ims,1,frozen_encoder_ensemble,5,224,26.0,32.5369873046875
ims,1,frozen_encoder_ensemble,5,225,25.0,31.945735931396484
ims,1,frozen_encoder_ensemble,5,226,24.0,31.10748863220215
ims,1,frozen_encoder_ensemble,5,227,23.0,30.143665313720703
ims,1,frozen_encoder_ensemble,5,228,22.0,29.227481842041016
ims,1,frozen_encoder_ensemble,5,229,21.0,29.058374404907227
ims,1,frozen_encoder_ensemble,5,230,20.0,28.451894760131836
ims,1,frozen_encoder_ensemble,5,231,19.0,27.5943603515625
ims,1,frozen_encoder_ensemble,5,232,18.0,26.8685245513916
ims,1,frozen_encoder_ensemble,5,233,17.0,26.09378433227539
ims,1,frozen_encoder_ensemble,5,234,16.0,25.567058563232422
ims,1,frozen_encoder_ensemble,5,235,15.0,24.770875930786133
ims,1,frozen_encoder_ensemble,5,236,14.0,24.06906509399414
ims,1,frozen_encoder_ensemble,5,237,13.0,23.329330444335938
ims,1,frozen_encoder_ensemble,5,238,12.0,22.675207138061523
ims,1,frozen_encoder_ensemble,5,239,11.0,22.255369186401367
ims,1,frozen_encoder_ensemble,5,240,10.0,21.603361129760742
ims,1,frozen_encoder_ensemble,5,241,9.0,21.044628143310547
ims,1,frozen_encoder_ensemble,5,242,8.0,20.59156036376953
ims,1,frozen_encoder_ensemble,5,243,7.0,20.05949592590332
ims,1,frozen_encoder_ensemble,5,244,6.0,19.53925323486328
ims,1,frozen_encoder_ensemble,5,245,5.0,19.195348739624023
ims,1,frozen_encoder_ensemble,5,246,4.0,18.65780258178711
ims,1,frozen_encoder_ensemble,5,247,3.0,18.16231918334961
ims,1,frozen_encoder_ensemble,5,248,2.0,17.466142654418945
ims,1,frozen_encoder_ensemble,5,249,1.0,17.0007381439209
ims,1,frozen_encoder_ensemble,5,250,0.0,16.551883697509766
ims,1,frozen_encoder_ensemble,5,251,0.0,15.880681037902832
ims,1,frozen_encoder_ensemble,5,252,0.0,15.488807678222656
ims,1,frozen_encoder_ensemble,5,253,0.0,14.934781074523926
ims,1,frozen_encoder_ensemble,5,254,0.0,14.310762405395508
ims,1,frozen_encoder_ensemble,5,255,0.0,13.521570205688477
ims,1,frozen_encoder_ensemble,5,256,0.0,12.93970775604248
ims,1,frozen_encoder_ensemble,5,257,0.0,12.210086822509766
ims,1,frozen_encoder_ensemble,5,258,0.0,11.608333587646484
ims,1,frozen_encoder_ensemble,5,259,0.0,10.923514366149902
ims,1,frozen_encoder_ensemble,5,260,0.0,10.468456268310547
ims,1,frozen_encoder_ensemble,5,261,0.0,9.94662857055664
ims,1,frozen_encoder_ensemble,5,262,0.0,9.400076866149902
ims,1,frozen_encoder_ensemble,5,263,0.0,9.258868217468262
ims,1,frozen_encoder_ensemble,5,264,0.0,8.824958801269531
ims,1,frozen_encoder_ensemble,5,265,0.0,8.407095909118652
ims,1,frozen_encoder_ensemble,5,266,0.0,8.093378067016602
ims,1,frozen_encoder_ensemble,5,267,0.0,8.079008102416992
ims,1,frozen_encoder_ensemble,5,268,0.0,7.630271911621094
ims,1,frozen_encoder_ensemble,5,269,0.0,7.222643852233887
ims,1,frozen_encoder_ensemble,5,270,0.0,6.863837242126465
ims,1,frozen_encoder_ensemble,5,271,0.0,6.466691493988037
ims,1,frozen_encoder_ensemble,5,272,0.0,6.289306640625
ims,1,frozen_encoder_ensemble,5,273,0.0,6.161215305328369
ims,1,frozen_encoder_ensemble,5,274,0.0,5.979986667633057
ims,1,frozen_encoder_ensemble,5,275,0.0,5.741438865661621
ims,1,frozen_encoder_ensemble,5,276,0.0,5.556179523468018
ims,1,frozen_encoder_ensemble,5,277,0.0,5.476193428039551
ims,1,frozen_encoder_ensemble,5,278,0.0,5.320481777191162
ims,1,frozen_encoder_ensemble,5,279,0.0,5.22337532043457
ims,1,frozen_encoder_ensemble,5,280,0.0,5.123038291931152
ims,1,frozen_encoder_ensemble,5,281,0.0,5.130356788635254
ims,1,frozen_encoder_ensemble,5,282,0.0,5.163549900054932
ims,1,frozen_encoder_ensemble,5,283,0.0,5.222265720367432
ims,1,frozen_encoder_ensemble,5,284,0.0,5.274086952209473
ims,1,frozen_encoder_ensemble,5,285,0.0,5.489012718200684
ims,1,frozen_encoder_ensemble,5,286,0.0,5.561070442199707
ims,1,frozen_encoder_ensemble,5,287,0.0,5.634388446807861
ims,1,frozen_encoder_ensemble,5,288,0.0,5.788529396057129
ims,1,frozen_encoder_ensemble,5,289,0.0,5.946402549743652
ims,1,frozen_encoder_ensemble,5,290,0.0,6.0473551750183105
ims,1,frozen_encoder_ensemble,5,291,0.0,6.330105781555176
ims,1,frozen_encoder_ensemble,5,292,0.0,6.503704071044922
ims,1,frozen_encoder_ensemble,5,293,0.0,6.770349979400635
ims,1,frozen_encoder_ensemble,5,294,0.0,7.180882930755615
ims,1,frozen_encoder_ensemble,5,295,0.0,7.460579872131348
ims,1,frozen_encoder_ensemble,5,296,0.0,7.746336460113525
ims,1,frozen_encoder_ensemble,5,297,0.0,7.999063968658447
ims,1,frozen_encoder_ensemble,5,298,0.0,8.282767295837402
ims,1,frozen_encoder_ensemble,5,299,0.0,8.562643051147461
ims,1,scratch_ensemble,5,19,231.0,219.57962036132812
ims,1,scratch_ensemble,5,20,230.0,220.1797332763672
ims,1,scratch_ensemble,5,21,229.0,220.2969512939453
ims,1,scratch_ensemble,5,22,228.0,220.05136108398438
ims,1,scratch_ensemble,5,23,227.0,219.39340209960938
ims,1,scratch_ensemble,5,24,226.0,219.356689453125
ims,1,scratch_ensemble,5,25,225.0,219.97802734375
ims,1,scratch_ensemble,5,26,224.0,220.2207489013672
ims,1,scratch_ensemble,5,27,223.0,219.7813720703125
ims,1,scratch_ensemble,5,28,222.0,219.39974975585938
ims,1,scratch_ensemble,5,29,221.0,219.31607055664062
ims,1,scratch_ensemble,5,30,220.0,219.55465698242188
ims,1,scratch_ensemble,5,31,219.0,219.1812286376953
ims,1,scratch_ensemble,5,32,218.0,219.0542449951172
ims,1,scratch_ensemble,5,33,217.0,219.60543823242188
ims,1,scratch_ensemble,5,34,216.0,219.2538604736328
ims,1,scratch_ensemble,5,35,215.0,219.8343505859375
ims,1,scratch_ensemble,5,36,214.0,219.81942749023438
ims,1,scratch_ensemble,5,37,213.0,219.31600952148438
ims,1,scratch_ensemble,5,38,212.0,219.2332763671875
ims,1,scratch_ensemble,5,39,211.0,219.6953887939453
ims,1,scratch_ensemble,5,40,210.0,219.4293212890625
ims,1,scratch_ensemble,5,41,209.0,218.67367553710938
ims,1,scratch_ensemble,5,42,208.0,218.7425079345703
ims,1,scratch_ensemble,5,43,207.0,219.1042022705078
ims,1,scratch_ensemble,5,44,206.0,218.953125
ims,1,scratch_ensemble,5,45,205.0,218.92941284179688
ims,1,scratch_ensemble,5,46,204.0,219.2239990234375
ims,1,scratch_ensemble,5,47,203.0,217.7807159423828
ims,1,scratch_ensemble,5,48,202.0,218.0545654296875
ims,1,scratch_ensemble,5,49,201.0,218.55606079101562
ims,1,scratch_ensemble,5,50,200.0,218.40512084960938
ims,1,scratch_ensemble,5,51,199.0,217.60531616210938
ims,1,scratch_ensemble,5,52,198.0,217.9894256591797
ims,1,scratch_ensemble,5,53,197.0,217.85012817382812
ims,1,scratch_ensemble,5,54,196.0,216.86404418945312
ims,1,scratch_ensemble,5,55,195.0,216.7334747314453
ims,1,scratch_ensemble,5,56,194.0,216.9542694091797
ims,1,scratch_ensemble,5,57,193.0,217.2520751953125
ims,1,scratch_ensemble,5,58,192.0,217.2522735595703
ims,1,scratch_ensemble,5,59,191.0,217.5148162841797
ims,1,scratch_ensemble,5,60,190.0,216.88662719726562
ims,1,scratch_ensemble,5,61,189.0,216.3242645263672
ims,1,scratch_ensemble,5,62,188.0,215.76318359375
ims,1,scratch_ensemble,5,63,187.0,215.9154052734375
ims,1,scratch_ensemble,5,64,186.0,216.3662872314453
ims,1,scratch_ensemble,5,65,185.0,216.41641235351562
ims,1,scratch_ensemble,5,66,184.0,216.1136474609375
ims,1,scratch_ensemble,5,67,183.0,216.303955078125
ims,1,scratch_ensemble,5,68,182.0,215.9803466796875
ims,1,scratch_ensemble,5,69,181.0,215.1517333984375
ims,1,scratch_ensemble,5,70,180.0,215.29293823242188
ims,1,scratch_ensemble,5,71,179.0,213.62924194335938
ims,1,scratch_ensemble,5,72,178.0,214.18594360351562
ims,1,scratch_ensemble,5,73,177.0,214.0452117919922
ims,1,scratch_ensemble,5,74,176.0,213.446533203125
ims,1,scratch_ensemble,5,75,175.0,213.75570678710938
ims,1,scratch_ensemble,5,76,174.0,213.493896484375
ims,1,scratch_ensemble,5,77,173.0,213.21286010742188
ims,1,scratch_ensemble,5,78,172.0,213.73095703125
ims,1,scratch_ensemble,5,79,171.0,213.74093627929688
ims,1,scratch_ensemble,5,80,170.0,213.6604766845703
ims,1,scratch_ensemble,5,81,169.0,213.3687744140625
ims,1,scratch_ensemble,5,82,168.0,212.7207489013672
ims,1,scratch_ensemble,5,83,167.0,212.2635040283203
ims,1,scratch_ensemble,5,84,166.0,212.20614624023438
ims,1,scratch_ensemble,5,85,165.0,212.091796875
ims,1,scratch_ensemble,5,86,164.0,211.4299774169922
ims,1,scratch_ensemble,5,87,163.0,210.55776977539062
ims,1,scratch_ensemble,5,88,162.0,210.4983367919922
ims,1,scratch_ensemble,5,89,161.0,210.552734375
ims,1,scratch_ensemble,5,90,160.0,210.362548828125
ims,1,scratch_ensemble,5,91,159.0,209.9151611328125
ims,1,scratch_ensemble,5,92,158.0,208.8152313232422
ims,1,scratch_ensemble,5,93,157.0,208.54299926757812
ims,1,scratch_ensemble,5,94,156.0,208.1652374267578
ims,1,scratch_ensemble,5,95,155.0,208.07943725585938
ims,1,scratch_ensemble,5,96,154.0,206.7960968017578
ims,1,scratch_ensemble,5,97,153.0,206.48428344726562
ims,1,scratch_ensemble,5,98,152.0,206.1167449951172
ims,1,scratch_ensemble,5,99,151.0,206.05679321289062
ims,1,scratch_ensemble,5,100,150.0,205.9720458984375
ims,1,scratch_ensemble,5,101,149.0,205.14675903320312
ims,1,scratch_ensemble,5,102,148.0,203.60159301757812
ims,1,scratch_ensemble,5,103,147.0,202.9882049560547
ims,1,scratch_ensemble,5,104,146.0,201.34579467773438
ims,1,scratch_ensemble,5,105,145.0,198.93087768554688
ims,1,scratch_ensemble,5,106,144.0,199.42282104492188
ims,1,scratch_ensemble,5,107,143.0,197.1654815673828
ims,1,scratch_ensemble,5,108,142.0,194.3715057373047
ims,1,scratch_ensemble,5,109,141.0,192.79037475585938
ims,1,scratch_ensemble,5,110,140.0,193.58969116210938
ims,1,scratch_ensemble,5,111,139.0,195.31741333007812
ims,1,scratch_ensemble,5,112,138.0,196.07904052734375
ims,1,scratch_ensemble,5,113,137.0,194.79916381835938
ims,1,scratch_ensemble,5,114,136.0,187.2805633544922
ims,1,scratch_ensemble,5,115,135.0,187.97921752929688
ims,1,scratch_ensemble,5,116,134.0,187.65626525878906
ims,1,scratch_ensemble,5,117,133.0,184.15164184570312
ims,1,scratch_ensemble,5,118,132.0,184.619140625
ims,1,scratch_ensemble,5,119,131.0,182.33151245117188
ims,1,scratch_ensemble,5,120,130.0,178.3113555908203
ims,1,scratch_ensemble,5,121,129.0,179.08396911621094
ims,1,scratch_ensemble,5,122,128.0,179.11416625976562
ims,1,scratch_ensemble,5,123,127.00000762939453,180.0904541015625
ims,1,scratch_ensemble,5,124,126.0,173.913818359375
ims,1,scratch_ensemble,5,125,125.0,172.652587890625
ims,1,scratch_ensemble,5,126,124.00000762939453,173.29403686523438
ims,1,scratch_ensemble,5,127,123.0,170.67697143554688
ims,1,scratch_ensemble,5,128,122.0,164.8863067626953
ims,1,scratch_ensemble,5,129,121.00000762939453,164.70059204101562
ims,1,scratch_ensemble,5,130,120.0,164.66506958007812
ims,1,scratch_ensemble,5,131,119.0,162.12356567382812
ims,1,scratch_ensemble,5,132,118.00000762939453,153.31692504882812
ims,1,scratch_ensemble,5,133,117.0,151.44888305664062
ims,1,scratch_ensemble,5,134,116.0,151.59429931640625
ims,1,scratch_ensemble,5,135,115.0,150.69912719726562
ims,1,scratch_ensemble,5,136,114.0,148.84979248046875
ims,1,scratch_ensemble,5,137,113.0,144.60006713867188
ims,1,scratch_ensemble,5,138,112.0,137.6667022705078
ims,1,scratch_ensemble,5,139,111.0,141.22789001464844
ims,1,scratch_ensemble,5,140,110.0,136.6627197265625
ims,1,scratch_ensemble,5,141,109.0,140.93576049804688
ims,1,scratch_ensemble,5,142,108.0,141.93948364257812
ims,1,scratch_ensemble,5,143,107.0,131.40879821777344
ims,1,scratch_ensemble,5,144,106.0,131.69537353515625
ims,1,scratch_ensemble,5,145,105.0,131.63998413085938
ims,1,scratch_ensemble,5,146,104.0,129.15478515625
ims,1,scratch_ensemble,5,147,103.0,131.82406616210938
ims,1,scratch_ensemble,5,148,102.0,131.5181884765625
ims,1,scratch_ensemble,5,149,101.0,131.33407592773438
ims,1,scratch_ensemble,5,150,100.0,128.04327392578125
ims,1,scratch_ensemble,5,151,99.0,124.4820556640625
ims,1,scratch_ensemble,5,152,98.0,122.36347961425781
ims,1,scratch_ensemble,5,153,97.0,119.9581298828125
ims,1,scratch_ensemble,5,154,96.0,116.6996841430664
ims,1,scratch_ensemble,5,155,95.0,116.51654052734375
ims,1,scratch_ensemble,5,156,94.0,114.21280670166016
ims,1,scratch_ensemble,5,157,93.0,112.0049057006836
ims,1,scratch_ensemble,5,158,92.0,109.71098327636719
ims,1,scratch_ensemble,5,159,91.0,108.1297607421875
ims,1,scratch_ensemble,5,160,90.0,107.58723449707031
ims,1,scratch_ensemble,5,161,89.0,105.45124816894531
ims,1,scratch_ensemble,5,162,88.0,104.4493637084961
ims,1,scratch_ensemble,5,163,87.0,103.7919921875
ims,1,scratch_ensemble,5,164,86.0,103.9864730834961
ims,1,scratch_ensemble,5,165,85.0,100.8992691040039
ims,1,scratch_ensemble,5,166,84.0,102.11190795898438
ims,1,scratch_ensemble,5,167,83.0,100.18572998046875
ims,1,scratch_ensemble,5,168,82.0,98.94002532958984
ims,1,scratch_ensemble,5,169,81.0,96.03944396972656
ims,1,scratch_ensemble,5,170,80.0,94.28248596191406
ims,1,scratch_ensemble,5,171,79.0,94.02283477783203
ims,1,scratch_ensemble,5,172,78.0,92.41502380371094
ims,1,scratch_ensemble,5,173,77.0,88.24452209472656
ims,1,scratch_ensemble,5,174,76.0,88.17066192626953
ims,1,scratch_ensemble,5,175,75.0,87.86788940429688
ims,1,scratch_ensemble,5,176,74.0,87.7171859741211
ims,1,scratch_ensemble,5,177,73.0,86.41062927246094
ims,1,scratch_ensemble,5,178,72.0,85.22959899902344
ims,1,scratch_ensemble,5,179,71.0,84.31120300292969
ims,1,scratch_ensemble,5,180,70.0,83.82456970214844
ims,1,scratch_ensemble,5,181,69.0,82.62027740478516
ims,1,scratch_ensemble,5,182,68.0,80.91332244873047
ims,1,scratch_ensemble,5,183,67.0,80.0642318725586
ims,1,scratch_ensemble,5,184,66.0,78.57952880859375
ims,1,scratch_ensemble,5,185,65.0,77.73982238769531
ims,1,scratch_ensemble,5,186,64.0,76.14646911621094
ims,1,scratch_ensemble,5,187,63.0,74.99080657958984
ims,1,scratch_ensemble,5,188,62.000003814697266,73.41560363769531
ims,1,scratch_ensemble,5,189,61.0,72.5183334350586
ims,1,scratch_ensemble,5,190,60.0,71.07948303222656
ims,1,scratch_ensemble,5,191,59.000003814697266,70.20002746582031
ims,1,scratch_ensemble,5,192,58.0,69.23753356933594
ims,1,scratch_ensemble,5,193,57.0,67.79772186279297
ims,1,scratch_ensemble,5,194,56.0,67.21332550048828
ims,1,scratch_ensemble,5,195,55.0,66.29744720458984
ims,1,scratch_ensemble,5,196,54.0,65.35408020019531
ims,1,scratch_ensemble,5,197,53.0,64.18614196777344
ims,1,scratch_ensemble,5,198,52.0,63.01136016845703
ims,1,scratch_ensemble,5,199,51.0,61.837432861328125
ims,1,scratch_ensemble,5,200,50.0,60.61518096923828
ims,1,scratch_ensemble,5,201,49.0,59.51812744140625
ims,1,scratch_ensemble,5,202,48.0,58.491493225097656
ims,1,scratch_ensemble,5,203,47.0,57.4691047668457
ims,1,scratch_ensemble,5,204,46.0,56.45184326171875
ims,1,scratch_ensemble,5,205,45.0,55.43986892700195
ims,1,scratch_ensemble,5,206,44.0,54.29265213012695
ims,1,scratch_ensemble,5,207,43.0,53.38978958129883
ims,1,scratch_ensemble,5,208,42.0,52.28778076171875
ims,1,scratch_ensemble,5,209,41.0,51.11098098754883
ims,1,scratch_ensemble,5,210,40.0,50.18384552001953
ims,1,scratch_ensemble,5,211,39.0,49.331111907958984
ims,1,scratch_ensemble,5,212,38.0,48.100364685058594
ims,1,scratch_ensemble,5,213,37.0,47.063941955566406
ims,1,scratch_ensemble,5,214,36.0,45.993751525878906
ims,1,scratch_ensemble,5,215,35.0,45.152305603027344
ims,1,scratch_ensemble,5,216,34.0,44.24016189575195
ims,1,scratch_ensemble,5,217,33.0,43.0214729309082
ims,1,scratch_ensemble,5,218,32.0,42.04242706298828
ims,1,scratch_ensemble,5,219,31.000001907348633,41.05268096923828
ims,1,scratch_ensemble,5,220,30.0,40.238067626953125
ims,1,scratch_ensemble,5,221,29.0,38.86139678955078
ims,1,scratch_ensemble,5,222,28.0,37.911476135253906
ims,1,scratch_ensemble,5,223,27.0,36.91463851928711
ims,1,scratch_ensemble,5,224,26.0,36.642940521240234
ims,1,scratch_ensemble,5,225,25.0,35.90133285522461
ims,1,scratch_ensemble,5,226,24.0,34.915565490722656
ims,1,scratch_ensemble,5,227,23.0,33.757652282714844
ims,1,scratch_ensemble,5,228,22.0,32.833824157714844
ims,1,scratch_ensemble,5,229,21.0,32.272708892822266
ims,1,scratch_ensemble,5,230,20.0,31.420364379882812
ims,1,scratch_ensemble,5,231,19.0,30.498416900634766
ims,1,scratch_ensemble,5,232,18.0,29.62534523010254
ims,1,scratch_ensemble,5,233,17.0,28.655099868774414
ims,1,scratch_ensemble,5,234,16.0,27.86428451538086
ims,1,scratch_ensemble,5,235,15.0,26.92364501953125
ims,1,scratch_ensemble,5,236,14.0,26.079479217529297
ims,1,scratch_ensemble,5,237,13.0,25.21628189086914
ims,1,scratch_ensemble,5,238,12.0,23.983179092407227
ims,1,scratch_ensemble,5,239,11.0,23.5986270904541
ims,1,scratch_ensemble,5,240,10.0,22.65694808959961
ims,1,scratch_ensemble,5,241,9.0,22.025087356567383
ims,1,scratch_ensemble,5,242,8.0,21.31284523010254
ims,1,scratch_ensemble,5,243,7.0,20.704240798950195
ims,1,scratch_ensemble,5,244,6.0,19.98689842224121
ims,1,scratch_ensemble,5,245,5.0,19.44038200378418
ims,1,scratch_ensemble,5,246,4.0,18.390186309814453
ims,1,scratch_ensemble,5,247,3.0,17.58330535888672
ims,1,scratch_ensemble,5,248,2.0,16.48172378540039
ims,1,scratch_ensemble,5,249,1.0,15.897615432739258
ims,1,scratch_ensemble,5,250,0.0,15.322881698608398
ims,1,scratch_ensemble,5,251,0.0,14.225828170776367
ims,1,scratch_ensemble,5,252,0.0,13.575157165527344
ims,1,scratch_ensemble,5,253,0.0,12.877462387084961
ims,1,scratch_ensemble,5,254,0.0,12.063589096069336
ims,1,scratch_ensemble,5,255,0.0,11.123391151428223
ims,1,scratch_ensemble,5,256,0.0,10.197553634643555
ims,1,scratch_ensemble,5,257,0.0,9.361438751220703
ims,1,scratch_ensemble,5,258,0.0,8.489038467407227
ims,1,scratch_ensemble,5,259,0.0,7.579211235046387
ims,1,scratch_ensemble,5,260,0.0,6.987372398376465
ims,1,scratch_ensemble,5,261,0.0,6.2554826736450195
ims,1,scratch_ensemble,5,262,0.0,5.370480537414551
ims,1,scratch_ensemble,5,263,0.0,5.138136863708496
ims,1,scratch_ensemble,5,264,0.0,4.374018669128418
ims,1,scratch_ensemble,5,265,0.0,3.7909584045410156
ims,1,scratch_ensemble,5,266,0.0,3.426708221435547
ims,1,scratch_ensemble,5,267,0.0,3.077613592147827
ims,1,scratch_ensemble,5,268,0.0,2.5264382362365723
ims,1,scratch_ensemble,5,269,0.0,1.8852384090423584
ims,1,scratch_ensemble,5,270,0.0,1.4128566980361938
ims,1,scratch_ensemble,5,271,0.0,0.7519091367721558
ims,1,scratch_ensemble,5,272,0.0,0.48576658964157104
ims,1,scratch_ensemble,5,273,0.0,0.11927471309900284
ims,1,scratch_ensemble,5,274,0.0,-0.29621991515159607
ims,1,scratch_ensemble,5,275,0.0,-0.7096884846687317
ims,1,scratch_ensemble,5,276,0.0,-1.0149497985839844
ims,1,scratch_ensemble,5,277,0.0,-1.1962001323699951
ims,1,scratch_ensemble,5,278,0.0,-1.5839325189590454
ims,1,scratch_ensemble,5,279,0.0,-1.8509105443954468
ims,1,scratch_ensemble,5,280,0.0,-2.1167402267456055
ims,1,scratch_ensemble,5,281,0.0,-2.3298237323760986
ims,1,scratch_ensemble,5,282,0.0,-2.4934000968933105
ims,1,scratch_ensemble,5,283,0.0,-2.5254549980163574
ims,1,scratch_ensemble,5,284,0.0,-2.5444462299346924
ims,1,scratch_ensemble,5,285,0.0,-2.5550036430358887
ims,1,scratch_ensemble,5,286,0.0,-2.6634202003479004
ims,1,scratch_ensemble,5,287,0.0,-2.800611972808838
ims,1,scratch_ensemble,5,288,0.0,-2.737386703491211
ims,1,scratch_ensemble,5,289,0.0,-2.593031406402588
ims,1,scratch_ensemble,5,290,0.0,-2.591261625289917
ims,1,scratch_ensemble,5,291,0.0,-2.443453550338745
ims,1,scratch_ensemble,5,292,0.0,-2.3980331420898438
ims,1,scratch_ensemble,5,293,0.0,-2.180290460586548
ims,1,scratch_ensemble,5,294,0.0,-1.9302791357040405
ims,1,scratch_ensemble,5,295,0.0,-1.7399928569793701
ims,1,scratch_ensemble,5,296,0.0,-1.5248464345932007
ims,1,scratch_ensemble,5,297,0.0,-1.3375227451324463
ims,1,scratch_ensemble,5,298,0.0,-1.100305199623108
ims,1,scratch_ensemble,5,299,0.0,-0.9646419286727905
ims,1,ridge_ensemble,5,19,231.0,248.56973266601562
ims,1,ridge_ensemble,5,20,230.0,247.4935302734375
ims,1,ridge_ensemble,5,21,229.0,246.41799926757812
ims,1,ridge_ensemble,5,22,228.0,245.3425750732422
ims,1,ridge_ensemble,5,23,227.0,244.2667999267578
ims,1,ridge_ensemble,5,24,226.0,243.19110107421875
ims,1,ridge_ensemble,5,25,225.0,242.11558532714844
ims,1,ridge_ensemble,5,26,224.0,241.03981018066406
ims,1,ridge_ensemble,5,27,223.0,239.96389770507812
ims,1,ridge_ensemble,5,28,222.0,238.88819885253906
ims,1,ridge_ensemble,5,29,221.0,237.81292724609375
ims,1,ridge_ensemble,5,30,220.0,236.73731994628906
ims,1,ridge_ensemble,5,31,219.0,235.66136169433594
ims,1,ridge_ensemble,5,32,218.0,234.58575439453125
ims,1,ridge_ensemble,5,33,217.0,233.50978088378906
ims,1,ridge_ensemble,5,34,216.0,232.4341278076172
ims,1,ridge_ensemble,5,35,215.0,231.35890197753906
ims,1,ridge_ensemble,5,36,214.0,230.28314208984375
ims,1,ridge_ensemble,5,37,213.0,229.20758056640625
ims,1,ridge_ensemble,5,38,212.0,228.1315460205078
ims,1,ridge_ensemble,5,39,211.0,227.05633544921875
ims,1,ridge_ensemble,5,40,210.0,225.98046875
ims,1,ridge_ensemble,5,41,209.0,224.9049530029297
ims,1,ridge_ensemble,5,42,208.0,223.8292694091797
ims,1,ridge_ensemble,5,43,207.0,222.7535400390625
ims,1,ridge_ensemble,5,44,206.0,221.67808532714844
ims,1,ridge_ensemble,5,45,205.0,220.60189819335938
ims,1,ridge_ensemble,5,46,204.0,219.5266571044922
ims,1,ridge_ensemble,5,47,203.0,218.45126342773438
ims,1,ridge_ensemble,5,48,202.0,217.3748016357422
ims,1,ridge_ensemble,5,49,201.0,216.29946899414062
ims,1,ridge_ensemble,5,50,200.0,215.22412109375
ims,1,ridge_ensemble,5,51,199.0,214.1481170654297
ims,1,ridge_ensemble,5,52,198.0,213.07247924804688
ims,1,ridge_ensemble,5,53,197.0,211.99693298339844
ims,1,ridge_ensemble,5,54,196.0,210.92137145996094
ims,1,ridge_ensemble,5,55,195.0,209.84535217285156
ims,1,ridge_ensemble,5,56,194.0,208.76991271972656
ims,1,ridge_ensemble,5,57,193.0,207.69435119628906
ims,1,ridge_ensemble,5,58,192.0,206.61846923828125
ims,1,ridge_ensemble,5,59,191.0,205.5431671142578
ims,1,ridge_ensemble,5,60,190.0,204.46719360351562
ims,1,ridge_ensemble,5,61,189.0,203.39149475097656
ims,1,ridge_ensemble,5,62,188.0,202.31578063964844
ims,1,ridge_ensemble,5,63,187.0,201.24046325683594
ims,1,ridge_ensemble,5,64,186.0,200.1647491455078
ims,1,ridge_ensemble,5,65,185.0,199.08917236328125
ims,1,ridge_ensemble,5,66,184.0,198.01333618164062
ims,1,ridge_ensemble,5,67,183.0,196.93783569335938
ims,1,ridge_ensemble,5,68,182.0,195.8623046875
ims,1,ridge_ensemble,5,69,181.0,194.7864532470703
ims,1,ridge_ensemble,5,70,180.0,193.71087646484375
ims,1,ridge_ensemble,5,71,179.0,192.63525390625
ims,1,ridge_ensemble,5,72,178.0,191.55958557128906
ims,1,ridge_ensemble,5,73,177.0,190.4837188720703
ims,1,ridge_ensemble,5,74,176.0,189.40817260742188
ims,1,ridge_ensemble,5,75,175.0,188.33287048339844
ims,1,ridge_ensemble,5,76,174.0,187.25694274902344
ims,1,ridge_ensemble,5,77,173.0,186.1810302734375
ims,1,ridge_ensemble,5,78,172.0,185.10560607910156
ims,1,ridge_ensemble,5,79,171.0,184.0298309326172
ims,1,ridge_ensemble,5,80,170.0,182.954345703125
ims,1,ridge_ensemble,5,81,169.0,181.87852478027344
ims,1,ridge_ensemble,5,82,168.0,180.802978515625
ims,1,ridge_ensemble,5,83,167.0,179.72703552246094
ims,1,ridge_ensemble,5,84,166.0,178.6517333984375
ims,1,ridge_ensemble,5,85,165.0,177.57603454589844
ims,1,ridge_ensemble,5,86,164.0,176.50054931640625
ims,1,ridge_ensemble,5,87,163.0,175.42483520507812
ims,1,ridge_ensemble,5,88,162.0,174.34921264648438
ims,1,ridge_ensemble,5,89,161.0,173.2733154296875
ims,1,ridge_ensemble,5,90,160.0,172.19776916503906
ims,1,ridge_ensemble,5,91,159.0,171.12176513671875
ims,1,ridge_ensemble,5,92,158.0,170.04647827148438
ims,1,ridge_ensemble,5,93,157.0,168.97071838378906
ims,1,ridge_ensemble,5,94,156.0,167.89532470703125
ims,1,ridge_ensemble,5,95,155.0,166.81932067871094
ims,1,ridge_ensemble,5,96,154.0,165.7438201904297
ims,1,ridge_ensemble,5,97,153.0,164.66822814941406
ims,1,ridge_ensemble,5,98,152.0,163.5923309326172
ims,1,ridge_ensemble,5,99,151.0,162.51687622070312
ims,1,ridge_ensemble,5,100,150.0,161.44134521484375
ims,1,ridge_ensemble,5,101,149.0,160.3651123046875
ims,1,ridge_ensemble,5,102,148.0,159.2898712158203
ims,1,ridge_ensemble,5,103,147.0,158.2139434814453
ims,1,ridge_ensemble,5,104,146.0,157.13861083984375
ims,1,ridge_ensemble,5,105,145.0,156.0626220703125
ims,1,ridge_ensemble,5,106,144.0,154.98721313476562
ims,1,ridge_ensemble,5,107,143.0,153.9114227294922
ims,1,ridge_ensemble,5,108,142.0,152.8356475830078
ims,1,ridge_ensemble,5,109,141.0,151.76043701171875
ims,1,ridge_ensemble,5,110,140.0,150.68458557128906
ims,1,ridge_ensemble,5,111,139.0,149.60882568359375
ims,1,ridge_ensemble,5,112,138.0,148.5336151123047
ims,1,ridge_ensemble,5,113,137.0,147.4573516845703
ims,1,ridge_ensemble,5,114,136.0,146.3819122314453
ims,1,ridge_ensemble,5,115,135.0,145.30670166015625
ims,1,ridge_ensemble,5,116,134.0,144.23074340820312
ims,1,ridge_ensemble,5,117,133.0,143.15509033203125
ims,1,ridge_ensemble,5,118,132.0,142.0794677734375
ims,1,ridge_ensemble,5,119,131.0,141.00369262695312
ims,1,ridge_ensemble,5,120,130.0,139.92813110351562
ims,1,ridge_ensemble,5,121,129.0,138.85244750976562
ims,1,ridge_ensemble,5,122,128.0,137.77671813964844
ims,1,ridge_ensemble,5,123,127.00000762939453,136.7009735107422
ims,1,ridge_ensemble,5,124,126.0,135.62570190429688
ims,1,ridge_ensemble,5,125,125.0,134.54931640625
ims,1,ridge_ensemble,5,126,124.00000762939453,133.47438049316406
ims,1,ridge_ensemble,5,127,123.0,132.39852905273438
ims,1,ridge_ensemble,5,128,122.0,131.3223876953125
ims,1,ridge_ensemble,5,129,121.00000762939453,130.2471160888672
ims,1,ridge_ensemble,5,130,120.0,129.1715545654297
ims,1,ridge_ensemble,5,131,119.0,128.09535217285156
ims,1,ridge_ensemble,5,132,118.00000762939453,127.02001953125
ims,1,ridge_ensemble,5,133,117.0,125.94481658935547
ims,1,ridge_ensemble,5,134,116.0,124.86894989013672
ims,1,ridge_ensemble,5,135,115.0,123.79338836669922
ims,1,ridge_ensemble,5,136,114.0,122.7177734375
ims,1,ridge_ensemble,5,137,113.0,121.64203643798828
ims,1,ridge_ensemble,5,138,112.0,120.56588745117188
ims,1,ridge_ensemble,5,139,111.0,119.4906005859375
ims,1,ridge_ensemble,5,140,110.0,118.41514587402344
ims,1,ridge_ensemble,5,141,109.0,117.3392105102539
ims,1,ridge_ensemble,5,142,108.0,116.26353454589844
ims,1,ridge_ensemble,5,143,107.0,115.18763732910156
ims,1,ridge_ensemble,5,144,106.0,114.1127700805664
ims,1,ridge_ensemble,5,145,105.0,113.03630828857422
ims,1,ridge_ensemble,5,146,104.0,111.96074676513672
ims,1,ridge_ensemble,5,147,103.0,110.88553619384766
ims,1,ridge_ensemble,5,148,102.0,109.80976867675781
ims,1,ridge_ensemble,5,149,101.0,108.73445129394531
ims,1,ridge_ensemble,5,150,100.0,107.65808868408203
ims,1,ridge_ensemble,5,151,99.0,106.58251190185547
ims,1,ridge_ensemble,5,152,98.0,105.50712585449219
ims,1,ridge_ensemble,5,153,97.0,104.43120574951172
ims,1,ridge_ensemble,5,154,96.0,103.3559341430664
ims,1,ridge_ensemble,5,155,95.0,102.2803955078125
ims,1,ridge_ensemble,5,156,94.0,101.20428466796875
ims,1,ridge_ensemble,5,157,93.0,100.12865447998047
ims,1,ridge_ensemble,5,158,92.0,99.0529556274414
ims,1,ridge_ensemble,5,159,91.0,97.97724914550781
ims,1,ridge_ensemble,5,160,90.0,96.90140533447266
ims,1,ridge_ensemble,5,161,89.0,95.82600402832031
ims,1,ridge_ensemble,5,162,88.0,94.75001525878906
ims,1,ridge_ensemble,5,163,87.0,93.6748046875
ims,1,ridge_ensemble,5,164,86.0,92.5988540649414
ims,1,ridge_ensemble,5,165,85.0,91.52262878417969
ims,1,ridge_ensemble,5,166,84.0,90.44751739501953
ims,1,ridge_ensemble,5,167,83.0,89.37177276611328
ims,1,ridge_ensemble,5,168,82.0,88.2965087890625
ims,1,ridge_ensemble,5,169,81.0,87.220458984375
ims,1,ridge_ensemble,5,170,80.0,86.14513397216797
ims,1,ridge_ensemble,5,171,79.0,85.06895446777344
ims,1,ridge_ensemble,5,172,78.0,83.99359893798828
ims,1,ridge_ensemble,5,173,77.0,82.91815185546875
ims,1,ridge_ensemble,5,174,76.0,81.8432388305664
ims,1,ridge_ensemble,5,175,75.0,80.76809692382812
ims,1,ridge_ensemble,5,176,74.0,79.69282531738281
ims,1,ridge_ensemble,5,177,73.0,78.61714935302734
ims,1,ridge_ensemble,5,178,72.0,77.5412368774414
ims,1,ridge_ensemble,5,179,71.0,76.46492004394531
ims,1,ridge_ensemble,5,180,70.0,75.3895492553711
ims,1,ridge_ensemble,5,181,69.0,74.31295776367188
ims,1,ridge_ensemble,5,182,68.0,73.2378158569336
ims,1,ridge_ensemble,5,183,67.0,72.16210174560547
ims,1,ridge_ensemble,5,184,66.0,71.08685302734375
ims,1,ridge_ensemble,5,185,65.0,70.01146697998047
ims,1,ridge_ensemble,5,186,64.0,68.93684387207031
ims,1,ridge_ensemble,5,187,63.0,67.86004638671875
ims,1,ridge_ensemble,5,188,62.000003814697266,66.78453063964844
ims,1,ridge_ensemble,5,189,61.0,65.70933532714844
ims,1,ridge_ensemble,5,190,60.0,64.6324462890625
ims,1,ridge_ensemble,5,191,59.000003814697266,63.557456970214844
ims,1,ridge_ensemble,5,192,58.0,62.481727600097656
ims,1,ridge_ensemble,5,193,57.0,61.406394958496094
ims,1,ridge_ensemble,5,194,56.0,60.33122253417969
ims,1,ridge_ensemble,5,195,55.0,59.254337310791016
ims,1,ridge_ensemble,5,196,54.0,58.1788444519043
ims,1,ridge_ensemble,5,197,53.0,57.10319900512695
ims,1,ridge_ensemble,5,198,52.0,56.02781295776367
ims,1,ridge_ensemble,5,199,51.0,54.95247268676758
ims,1,ridge_ensemble,5,200,50.0,53.87680435180664
ims,1,ridge_ensemble,5,201,49.0,52.80059051513672
ims,1,ridge_ensemble,5,202,48.0,51.72514343261719
ims,1,ridge_ensemble,5,203,47.0,50.64939498901367
ims,1,ridge_ensemble,5,204,46.0,49.572818756103516
ims,1,ridge_ensemble,5,205,45.0,48.49716567993164
ims,1,ridge_ensemble,5,206,44.0,47.42173385620117
ims,1,ridge_ensemble,5,207,43.0,46.34638977050781
ims,1,ridge_ensemble,5,208,42.0,45.269927978515625
ims,1,ridge_ensemble,5,209,41.0,44.19427490234375
ims,1,ridge_ensemble,5,210,40.0,43.118709564208984
ims,1,ridge_ensemble,5,211,39.0,42.042057037353516
ims,1,ridge_ensemble,5,212,38.0,40.96723937988281
ims,1,ridge_ensemble,5,213,37.0,39.8907356262207
ims,1,ridge_ensemble,5,214,36.0,38.81563186645508
ims,1,ridge_ensemble,5,215,35.0,37.73971176147461
ims,1,ridge_ensemble,5,216,34.0,36.66374588012695
ims,1,ridge_ensemble,5,217,33.0,35.588035583496094
ims,1,ridge_ensemble,5,218,32.0,34.51115798950195
ims,1,ridge_ensemble,5,219,31.000001907348633,33.43645477294922
ims,1,ridge_ensemble,5,220,30.0,32.36138916015625
ims,1,ridge_ensemble,5,221,29.0,31.284032821655273
ims,1,ridge_ensemble,5,222,28.0,30.20899200439453
ims,1,ridge_ensemble,5,223,27.0,29.132783889770508
ims,1,ridge_ensemble,5,224,26.0,28.056917190551758
ims,1,ridge_ensemble,5,225,25.0,26.98166847229004
ims,1,ridge_ensemble,5,226,24.0,25.905616760253906
ims,1,ridge_ensemble,5,227,23.0,24.82972526550293
ims,1,ridge_ensemble,5,228,22.0,23.753665924072266
ims,1,ridge_ensemble,5,229,21.0,22.6769962310791
ims,1,ridge_ensemble,5,230,20.0,21.602741241455078
ims,1,ridge_ensemble,5,231,19.0,20.52672576904297
ims,1,ridge_ensemble,5,232,18.0,19.451330184936523
ims,1,ridge_ensemble,5,233,17.0,18.375591278076172
ims,1,ridge_ensemble,5,234,16.0,17.299652099609375
ims,1,ridge_ensemble,5,235,15.0,16.22466468811035
ims,1,ridge_ensemble,5,236,14.0,15.147988319396973
ims,1,ridge_ensemble,5,237,13.0,14.072456359863281
ims,1,ridge_ensemble,5,238,12.0,12.996227264404297
ims,1,ridge_ensemble,5,239,11.0,11.921307563781738
ims,1,ridge_ensemble,5,240,10.0,10.845629692077637
ims,1,ridge_ensemble,5,241,9.0,9.769999504089355
ims,1,ridge_ensemble,5,242,8.0,8.694236755371094
ims,1,ridge_ensemble,5,243,7.0,7.618784427642822
ims,1,ridge_ensemble,5,244,6.0,6.5435991287231445
ims,1,ridge_ensemble,5,245,5.0,5.4690656661987305
ims,1,ridge_ensemble,5,246,4.0,4.394192695617676
ims,1,ridge_ensemble,5,247,3.0,3.3196053504943848
ims,1,ridge_ensemble,5,248,2.0,2.2457823753356934
ims,1,ridge_ensemble,5,249,1.0,1.1707353591918945
ims,1,ridge_ensemble,5,250,0.0,0.0968916192650795
ims,1,ridge_ensemble,5,251,0.0,0.09397177398204803
ims,1,ridge_ensemble,5,252,0.0,0.09153182059526443
ims,1,ridge_ensemble,5,253,0.0,0.08840373158454895
ims,1,ridge_ensemble,5,254,0.0,0.08495736122131348
ims,1,ridge_ensemble,5,255,0.0,0.08324206620454788
ims,1,ridge_ensemble,5,256,0.0,0.07977432012557983
ims,1,ridge_ensemble,5,257,0.0,0.07769978791475296
ims,1,ridge_ensemble,5,258,0.0,0.0752301812171936
ims,1,ridge_ensemble,5,259,0.0,0.07252924889326096
ims,1,ridge_ensemble,5,260,0.0,0.07026930898427963
ims,1,ridge_ensemble,5,261,0.0,0.06827852129936218
ims,1,ridge_ensemble,5,262,0.0,0.06630352139472961
ims,1,ridge_ensemble,5,263,0.0,0.0648370236158371
ims,1,ridge_ensemble,5,264,0.0,0.06310833245515823
ims,1,ridge_ensemble,5,265,0.0,0.06170327588915825
ims,1,ridge_ensemble,5,266,0.0,0.060285910964012146
ims,1,ridge_ensemble,5,267,0.0,0.05800240486860275
ims,1,ridge_ensemble,5,268,0.0,0.05775421857833862
ims,1,ridge_ensemble,5,269,0.0,0.056821998208761215
ims,1,ridge_ensemble,5,270,0.0,0.056681279093027115
ims,1,ridge_ensemble,5,271,0.0,0.05586998909711838
ims,1,ridge_ensemble,5,272,0.0,0.056002676486968994
ims,1,ridge_ensemble,5,273,0.0,0.05592609941959381
ims,1,ridge_ensemble,5,274,0.0,0.05663753300905228
ims,1,ridge_ensemble,5,275,0.0,0.057345837354660034
ims,1,ridge_ensemble,5,276,0.0,0.057950690388679504
ims,1,ridge_ensemble,5,277,0.0,0.059453334659338
ims,1,ridge_ensemble,5,278,0.0,0.06110246106982231
ims,1,ridge_ensemble,5,279,0.0,0.06290056556463242
ims,1,ridge_ensemble,5,280,0.0,0.06496722996234894
ims,1,ridge_ensemble,5,281,0.0,0.06795673817396164
ims,1,ridge_ensemble,5,282,0.0,0.07145287841558456
ims,1,ridge_ensemble,5,283,0.0,0.075215183198452
ims,1,ridge_ensemble,5,284,0.0,0.07987426221370697
ims,1,ridge_ensemble,5,285,0.0,0.08464668691158295
ims,1,ridge_ensemble,5,286,0.0,0.09051115065813065
ims,1,ridge_ensemble,5,287,0.0,0.09686489403247833
ims,1,ridge_ensemble,5,288,0.0,0.1045616865158081
ims,1,ridge_ensemble,5,289,0.0,0.11319684237241745
ims,1,ridge_ensemble,5,290,0.0,0.12251785397529602
ims,1,ridge_ensemble,5,291,0.0,0.13215740025043488
ims,1,ridge_ensemble,5,292,0.0,0.14112505316734314
ims,1,ridge_ensemble,5,293,0.0,0.15064020454883575
ims,1,ridge_ensemble,5,294,0.0,0.16000419855117798
ims,1,ridge_ensemble,5,295,0.0,0.16993047297000885
ims,1,ridge_ensemble,5,296,0.0,0.17934109270572662
ims,1,ridge_ensemble,5,297,0.0,0.18873091042041779
ims,1,ridge_ensemble,5,298,0.0,0.19815658032894135
ims,1,ridge_ensemble,5,299,0.0,0.2073626071214676
ims,2,transfer_ensemble,5,19,231.0,217.7451629638672
ims,2,transfer_ensemble,5,20,230.0,217.3834686279297
ims,2,transfer_ensemble,5,21,229.0,217.1993865966797
ims,2,transfer_ensemble,5,22,228.0,217.0224609375
ims,2,transfer_ensemble,5,23,227.0,217.45278930664062
ims,2,transfer_ensemble,5,24,226.0,217.1790313720703
ims,2,transfer_ensemble,5,25,225.0,216.7355499267578
ims,2,transfer_ensemble,5,26,224.0,216.1498260498047
ims,2,transfer_ensemble,5,27,223.0,216.5216522216797
ims,2,transfer_ensemble,5,28,222.0,216.96224975585938
ims,2,transfer_ensemble,5,29,221.0,216.8578643798828
ims,2,transfer_ensemble,5,30,220.0,216.1890106201172
ims,2,transfer_ensemble,5,31,219.0,216.4566650390625
ims,2,transfer_ensemble,5,32,218.0,216.34695434570312
ims,2,transfer_ensemble,5,33,217.0,215.3653564453125
ims,2,transfer_ensemble,5,34,216.0,215.2371826171875
ims,2,transfer_ensemble,5,35,215.0,213.1342010498047
ims,2,transfer_ensemble,5,36,214.0,212.8037109375
ims,2,transfer_ensemble,5,37,213.0,213.0912628173828
ims,2,transfer_ensemble,5,38,212.0,213.4095916748047
ims,2,transfer_ensemble,5,39,211.0,212.71762084960938
ims,2,transfer_ensemble,5,40,210.0,212.8325958251953
ims,2,transfer_ensemble,5,41,209.0,213.47390747070312
ims,2,transfer_ensemble,5,42,208.0,213.515625
ims,2,transfer_ensemble,5,43,207.0,212.8357391357422
ims,2,transfer_ensemble,5,44,206.0,212.47256469726562
ims,2,transfer_ensemble,5,45,205.0,212.3154754638672
ims,2,transfer_ensemble,5,46,204.0,211.1261444091797
ims,2,transfer_ensemble,5,47,203.0,212.03842163085938
ims,2,transfer_ensemble,5,48,202.0,211.69003295898438
ims,2,transfer_ensemble,5,49,201.0,209.9514617919922
ims,2,transfer_ensemble,5,50,200.0,209.8759002685547
ims,2,transfer_ensemble,5,51,199.0,210.6997528076172
ims,2,transfer_ensemble,5,52,198.0,208.42074584960938
ims,2,transfer_ensemble,5,53,197.0,208.2709197998047
ims,2,transfer_ensemble,5,54,196.0,209.329345703125
ims,2,transfer_ensemble,5,55,195.0,210.08956909179688
ims,2,transfer_ensemble,5,56,194.0,209.8617706298828
ims,2,transfer_ensemble,5,57,193.0,209.3268280029297
ims,2,transfer_ensemble,5,58,192.0,208.4454345703125
ims,2,transfer_ensemble,5,59,191.0,206.1810760498047
ims,2,transfer_ensemble,5,60,190.0,206.537353515625
ims,2,transfer_ensemble,5,61,189.0,207.21597290039062
ims,2,transfer_ensemble,5,62,188.0,207.8645782470703
ims,2,transfer_ensemble,5,63,187.0,207.8437042236328
ims,2,transfer_ensemble,5,64,186.0,206.9464874267578
ims,2,transfer_ensemble,5,65,185.0,206.40695190429688
ims,2,transfer_ensemble,5,66,184.0,206.5230255126953
ims,2,transfer_ensemble,5,67,183.0,203.63430786132812
ims,2,transfer_ensemble,5,68,182.0,202.96888732910156
ims,2,transfer_ensemble,5,69,181.0,204.48880004882812
ims,2,transfer_ensemble,5,70,180.0,202.67239379882812
ims,2,transfer_ensemble,5,71,179.0,204.48666381835938
ims,2,transfer_ensemble,5,72,178.0,203.35226440429688
ims,2,transfer_ensemble,5,73,177.0,202.8969268798828
ims,2,transfer_ensemble,5,74,176.0,203.67678833007812
ims,2,transfer_ensemble,5,75,175.0,200.52041625976562
ims,2,transfer_ensemble,5,76,174.0,201.23631286621094
ims,2,transfer_ensemble,5,77,173.0,201.69619750976562
ims,2,transfer_ensemble,5,78,172.0,200.7279052734375
ims,2,transfer_ensemble,5,79,171.0,200.67308044433594
ims,2,transfer_ensemble,5,80,170.0,199.21389770507812
ims,2,transfer_ensemble,5,81,169.0,198.78268432617188
ims,2,transfer_ensemble,5,82,168.0,199.46249389648438
ims,2,transfer_ensemble,5,83,167.0,198.0535125732422
ims,2,transfer_ensemble,5,84,166.0,197.8557891845703
ims,2,transfer_ensemble,5,85,165.0,196.1199951171875
ims,2,transfer_ensemble,5,86,164.0,193.946533203125
ims,2,transfer_ensemble,5,87,163.0,191.88723754882812
ims,2,transfer_ensemble,5,88,162.0,192.94784545898438
ims,2,transfer_ensemble,5,89,161.0,192.64739990234375
ims,2,transfer_ensemble,5,90,160.0,193.1680145263672
ims,2,transfer_ensemble,5,91,159.0,194.44749450683594
ims,2,transfer_ensemble,5,92,158.0,193.21298217773438
ims,2,transfer_ensemble,5,93,157.0,191.65829467773438
ims,2,transfer_ensemble,5,94,156.0,192.86746215820312
ims,2,transfer_ensemble,5,95,155.0,191.35147094726562
ims,2,transfer_ensemble,5,96,154.0,189.2103729248047
ims,2,transfer_ensemble,5,97,153.0,187.93177795410156
ims,2,transfer_ensemble,5,98,152.0,187.40896606445312
ims,2,transfer_ensemble,5,99,151.0,187.2078399658203
ims,2,transfer_ensemble,5,100,150.0,186.9882049560547
ims,2,transfer_ensemble,5,101,149.0,187.54446411132812
ims,2,transfer_ensemble,5,102,148.0,183.89280700683594
ims,2,transfer_ensemble,5,103,147.0,182.41673278808594
ims,2,transfer_ensemble,5,104,146.0,180.3118133544922
ims,2,transfer_ensemble,5,105,145.0,178.744140625
ims,2,transfer_ensemble,5,106,144.0,179.10458374023438
ims,2,transfer_ensemble,5,107,143.0,177.12124633789062
ims,2,transfer_ensemble,5,108,142.0,175.11428833007812
ims,2,transfer_ensemble,5,109,141.0,172.77642822265625
ims,2,transfer_ensemble,5,110,140.0,174.8083953857422
ims,2,transfer_ensemble,5,111,139.0,176.8950653076172
ims,2,transfer_ensemble,5,112,138.0,177.58006286621094
ims,2,transfer_ensemble,5,113,137.0,176.92544555664062
ims,2,transfer_ensemble,5,114,136.0,170.40830993652344
ims,2,transfer_ensemble,5,115,135.0,169.40191650390625
ims,2,transfer_ensemble,5,116,134.0,167.43856811523438
ims,2,transfer_ensemble,5,117,133.0,164.712890625
ims,2,transfer_ensemble,5,118,132.0,164.61050415039062
ims,2,transfer_ensemble,5,119,131.0,164.26824951171875
ims,2,transfer_ensemble,5,120,130.0,159.92514038085938
ims,2,transfer_ensemble,5,121,129.0,160.28823852539062
ims,2,transfer_ensemble,5,122,128.0,160.76223754882812
ims,2,transfer_ensemble,5,123,127.00000762939453,163.3983612060547
ims,2,transfer_ensemble,5,124,126.0,156.89682006835938
ims,2,transfer_ensemble,5,125,125.0,156.95724487304688
ims,2,transfer_ensemble,5,126,124.00000762939453,157.34873962402344
ims,2,transfer_ensemble,5,127,123.0,153.7041473388672
ims,2,transfer_ensemble,5,128,122.0,150.05691528320312
ims,2,transfer_ensemble,5,129,121.00000762939453,149.13092041015625
ims,2,transfer_ensemble,5,130,120.0,147.6004180908203
ims,2,transfer_ensemble,5,131,119.0,147.91465759277344
ims,2,transfer_ensemble,5,132,118.00000762939453,141.6140899658203
ims,2,transfer_ensemble,5,133,117.0,139.3235321044922
ims,2,transfer_ensemble,5,134,116.0,138.4036865234375
ims,2,transfer_ensemble,5,135,115.0,138.58505249023438
ims,2,transfer_ensemble,5,136,114.0,137.35104370117188
ims,2,transfer_ensemble,5,137,113.0,134.09921264648438
ims,2,transfer_ensemble,5,138,112.0,128.7198944091797
ims,2,transfer_ensemble,5,139,111.0,131.41603088378906
ims,2,transfer_ensemble,5,140,110.0,127.21687316894531
ims,2,transfer_ensemble,5,141,109.0,131.26332092285156
ims,2,transfer_ensemble,5,142,108.0,132.6861572265625
ims,2,transfer_ensemble,5,143,107.0,123.17386627197266
ims,2,transfer_ensemble,5,144,106.0,123.02809143066406
ims,2,transfer_ensemble,5,145,105.0,123.40321350097656
ims,2,transfer_ensemble,5,146,104.0,122.68077087402344
ims,2,transfer_ensemble,5,147,103.0,124.21028137207031
ims,2,transfer_ensemble,5,148,102.0,124.40962219238281
ims,2,transfer_ensemble,5,149,101.0,124.26800537109375
ims,2,transfer_ensemble,5,150,100.0,121.49894714355469
ims,2,transfer_ensemble,5,151,99.0,118.7263412475586
ims,2,transfer_ensemble,5,152,98.0,115.3397216796875
ims,2,transfer_ensemble,5,153,97.0,113.6675796508789
ims,2,transfer_ensemble,5,154,96.0,109.10074615478516
ims,2,transfer_ensemble,5,155,95.0,108.91722106933594
ims,2,transfer_ensemble,5,156,94.0,107.2929458618164
ims,2,transfer_ensemble,5,157,93.0,105.0948257446289
ims,2,transfer_ensemble,5,158,92.0,103.07807922363281
ims,2,transfer_ensemble,5,159,91.0,101.86701965332031
ims,2,transfer_ensemble,5,160,90.0,101.76643371582031
ims,2,transfer_ensemble,5,161,89.0,99.33253479003906
ims,2,transfer_ensemble,5,162,88.0,99.25308227539062
ims,2,transfer_ensemble,5,163,87.0,97.68961334228516
ims,2,transfer_ensemble,5,164,86.0,97.76998138427734
ims,2,transfer_ensemble,5,165,85.0,96.49552154541016
ims,2,transfer_ensemble,5,166,84.0,98.5997085571289
ims,2,transfer_ensemble,5,167,83.0,94.06436920166016
ims,2,transfer_ensemble,5,168,82.0,91.22480773925781
ims,2,transfer_ensemble,5,169,81.0,88.82624816894531
ims,2,transfer_ensemble,5,170,80.0,85.74591064453125
ims,2,transfer_ensemble,5,171,79.0,86.20914459228516
ims,2,transfer_ensemble,5,172,78.0,85.31024169921875
ims,2,transfer_ensemble,5,173,77.0,81.57767486572266
ims,2,transfer_ensemble,5,174,76.0,81.6089096069336
ims,2,transfer_ensemble,5,175,75.0,80.73828125
ims,2,transfer_ensemble,5,176,74.0,81.23795318603516
ims,2,transfer_ensemble,5,177,73.0,79.73262023925781
ims,2,transfer_ensemble,5,178,72.0,77.36293029785156
ims,2,transfer_ensemble,5,179,71.0,77.40180969238281
ims,2,transfer_ensemble,5,180,70.0,77.75819396972656
ims,2,transfer_ensemble,5,181,69.0,75.84230041503906
ims,2,transfer_ensemble,5,182,68.0,72.90165710449219
ims,2,transfer_ensemble,5,183,67.0,72.31075286865234
ims,2,transfer_ensemble,5,184,66.0,71.19495391845703
ims,2,transfer_ensemble,5,185,65.0,70.57783508300781
ims,2,transfer_ensemble,5,186,64.0,67.4059829711914
ims,2,transfer_ensemble,5,187,63.0,66.26788330078125
ims,2,transfer_ensemble,5,188,62.000003814697266,64.16803741455078
ims,2,transfer_ensemble,5,189,61.0,62.9083251953125
ims,2,transfer_ensemble,5,190,60.0,61.70361328125
ims,2,transfer_ensemble,5,191,59.000003814697266,60.14984130859375
ims,2,transfer_ensemble,5,192,58.0,59.3437614440918
ims,2,transfer_ensemble,5,193,57.0,57.41584396362305
ims,2,transfer_ensemble,5,194,56.0,57.505897521972656
ims,2,transfer_ensemble,5,195,55.0,56.308692932128906
ims,2,transfer_ensemble,5,196,54.0,55.31870651245117
ims,2,transfer_ensemble,5,197,53.0,55.146217346191406
ims,2,transfer_ensemble,5,198,52.0,53.15513229370117
ims,2,transfer_ensemble,5,199,51.0,51.23542022705078
ims,2,transfer_ensemble,5,200,50.0,49.275333404541016
ims,2,transfer_ensemble,5,201,49.0,48.43486785888672
ims,2,transfer_ensemble,5,202,48.0,47.11524200439453
ims,2,transfer_ensemble,5,203,47.0,45.76409149169922
ims,2,transfer_ensemble,5,204,46.0,44.87574005126953
ims,2,transfer_ensemble,5,205,45.0,43.046470642089844
ims,2,transfer_ensemble,5,206,44.0,42.74162292480469
ims,2,transfer_ensemble,5,207,43.0,41.459877014160156
ims,2,transfer_ensemble,5,208,42.0,40.02577590942383
ims,2,transfer_ensemble,5,209,41.0,39.158241271972656
ims,2,transfer_ensemble,5,210,40.0,38.214256286621094
ims,2,transfer_ensemble,5,211,39.0,37.389122009277344
ims,2,transfer_ensemble,5,212,38.0,35.96260070800781
ims,2,transfer_ensemble,5,213,37.0,35.08850860595703
ims,2,transfer_ensemble,5,214,36.0,34.35652542114258
ims,2,transfer_ensemble,5,215,35.0,33.344844818115234
ims,2,transfer_ensemble,5,216,34.0,32.233612060546875
ims,2,transfer_ensemble,5,217,33.0,31.5476131439209
ims,2,transfer_ensemble,5,218,32.0,31.276941299438477
ims,2,transfer_ensemble,5,219,31.000001907348633,29.782970428466797
ims,2,transfer_ensemble,5,220,30.0,28.54558753967285
ims,2,transfer_ensemble,5,221,29.0,28.05497169494629
ims,2,transfer_ensemble,5,222,28.0,27.006906509399414
ims,2,transfer_ensemble,5,223,27.0,26.304180145263672
ims,2,transfer_ensemble,5,224,26.0,25.1739501953125
ims,2,transfer_ensemble,5,225,25.0,23.679458618164062
ims,2,transfer_ensemble,5,226,24.0,22.92617416381836
ims,2,transfer_ensemble,5,227,23.0,21.88838768005371
ims,2,transfer_ensemble,5,228,22.0,21.139169692993164
ims,2,transfer_ensemble,5,229,21.0,20.66294288635254
ims,2,transfer_ensemble,5,230,20.0,19.442209243774414
ims,2,transfer_ensemble,5,231,19.0,18.36696434020996
ims,2,transfer_ensemble,5,232,18.0,17.47454833984375
ims,2,transfer_ensemble,5,233,17.0,16.908626556396484
ims,2,transfer_ensemble,5,234,16.0,16.277585983276367
ims,2,transfer_ensemble,5,235,15.0,15.30358600616455
ims,2,transfer_ensemble,5,236,14.0,14.496337890625
ims,2,transfer_ensemble,5,237,13.0,13.828496932983398
ims,2,transfer_ensemble,5,238,12.0,13.820348739624023
ims,2,transfer_ensemble,5,239,11.0,12.799829483032227
ims,2,transfer_ensemble,5,240,10.0,12.228475570678711
ims,2,transfer_ensemble,5,241,9.0,11.497003555297852
ims,2,transfer_ensemble,5,242,8.0,10.912500381469727
ims,2,transfer_ensemble,5,243,7.0,9.940984725952148
ims,2,transfer_ensemble,5,244,6.0,9.229307174682617
ims,2,transfer_ensemble,5,245,5.0,8.548820495605469
ims,2,transfer_ensemble,5,246,4.0,8.042754173278809
ims,2,transfer_ensemble,5,247,3.0,7.331140995025635
ims,2,transfer_ensemble,5,248,2.0,6.665188789367676
ims,2,transfer_ensemble,5,249,1.0,5.911931037902832
ims,2,transfer_ensemble,5,250,0.0,5.076288223266602
ims,2,transfer_ensemble,5,251,0.0,4.57705020904541
ims,2,transfer_ensemble,5,252,0.0,3.9476795196533203
ims,2,transfer_ensemble,5,253,0.0,3.0145137310028076
ims,2,transfer_ensemble,5,254,0.0,2.3801324367523193
ims,2,transfer_ensemble,5,255,0.0,1.6375997066497803
ims,2,transfer_ensemble,5,256,0.0,1.4303010702133179
ims,2,transfer_ensemble,5,257,0.0,0.6589565873146057
ims,2,transfer_ensemble,5,258,0.0,0.5071051120758057
ims,2,transfer_ensemble,5,259,0.0,0.14168450236320496
ims,2,transfer_ensemble,5,260,0.0,-0.2651491165161133
ims,2,transfer_ensemble,5,261,0.0,-0.6360507011413574
ims,2,transfer_ensemble,5,262,0.0,-0.7138161659240723
ims,2,transfer_ensemble,5,263,0.0,-1.1821138858795166
ims,2,transfer_ensemble,5,264,0.0,-1.3896085023880005
ims,2,transfer_ensemble,5,265,0.0,-1.840763807296753
ims,2,transfer_ensemble,5,266,0.0,-2.302852153778076
ims,2,transfer_ensemble,5,267,0.0,-2.253089189529419
ims,2,transfer_ensemble,5,268,0.0,-2.7743160724639893
ims,2,transfer_ensemble,5,269,0.0,-2.8160789012908936
ims,2,transfer_ensemble,5,270,0.0,-3.067775011062622
ims,2,transfer_ensemble,5,271,0.0,-2.9932055473327637
ims,2,transfer_ensemble,5,272,0.0,-3.231732130050659
ims,2,transfer_ensemble,5,273,0.0,-3.1876683235168457
ims,2,transfer_ensemble,5,274,0.0,-3.268369674682617
ims,2,transfer_ensemble,5,275,0.0,-3.2260806560516357
ims,2,transfer_ensemble,5,276,0.0,-3.2574291229248047
ims,2,transfer_ensemble,5,277,0.0,-3.2417373657226562
ims,2,transfer_ensemble,5,278,0.0,-3.0489697456359863
ims,2,transfer_ensemble,5,279,0.0,-2.9442298412323
ims,2,transfer_ensemble,5,280,0.0,-2.787355899810791
ims,2,transfer_ensemble,5,281,0.0,-2.4499213695526123
ims,2,transfer_ensemble,5,282,0.0,-2.2168877124786377
ims,2,transfer_ensemble,5,283,0.0,-2.149045944213867
ims,2,transfer_ensemble,5,284,0.0,-2.016941547393799
ims,2,transfer_ensemble,5,285,0.0,-1.6214587688446045
ims,2,transfer_ensemble,5,286,0.0,-1.3602240085601807
ims,2,transfer_ensemble,5,287,0.0,-0.7960838079452515
ims,2,transfer_ensemble,5,288,0.0,-0.444019615650177
ims,2,transfer_ensemble,5,289,0.0,-0.13795976340770721
ims,2,transfer_ensemble,5,290,0.0,0.3887920081615448
ims,2,transfer_ensemble,5,291,0.0,1.0882431268692017
ims,2,transfer_ensemble,5,292,0.0,1.7728900909423828
ims,2,transfer_ensemble,5,293,0.0,2.4142022132873535
ims,2,transfer_ensemble,5,294,0.0,3.2220733165740967
ims,2,transfer_ensemble,5,295,0.0,3.765900135040283
ims,2,transfer_ensemble,5,296,0.0,4.4298601150512695
ims,2,transfer_ensemble,5,297,0.0,5.153164863586426
ims,2,transfer_ensemble,5,298,0.0,5.825113773345947
ims,2,transfer_ensemble,5,299,0.0,6.78454065322876
ims,2,frozen_encoder_ensemble,5,19,231.0,206.6868133544922
ims,2,frozen_encoder_ensemble,5,20,230.0,206.9168701171875
ims,2,frozen_encoder_ensemble,5,21,229.0,206.9892578125
ims,2,frozen_encoder_ensemble,5,22,228.0,206.7459716796875
ims,2,frozen_encoder_ensemble,5,23,227.0,206.99990844726562
ims,2,frozen_encoder_ensemble,5,24,226.0,206.5770721435547
ims,2,frozen_encoder_ensemble,5,25,225.0,206.4746551513672
ims,2,frozen_encoder_ensemble,5,26,224.0,206.19625854492188
ims,2,frozen_encoder_ensemble,5,27,223.0,206.65261840820312
ims,2,frozen_encoder_ensemble,5,28,222.0,207.0274658203125
ims,2,frozen_encoder_ensemble,5,29,221.0,206.86434936523438
ims,2,frozen_encoder_ensemble,5,30,220.0,206.39151000976562
ims,2,frozen_encoder_ensemble,5,31,219.0,206.63693237304688
ims,2,frozen_encoder_ensemble,5,32,218.0,206.55862426757812
ims,2,frozen_encoder_ensemble,5,33,217.0,206.25912475585938
ims,2,frozen_encoder_ensemble,5,34,216.0,206.43408203125
ims,2,frozen_encoder_ensemble,5,35,215.0,205.099365234375
ims,2,frozen_encoder_ensemble,5,36,214.0,204.91928100585938
ims,2,frozen_encoder_ensemble,5,37,213.0,204.89266967773438
ims,2,frozen_encoder_ensemble,5,38,212.0,205.1728057861328
ims,2,frozen_encoder_ensemble,5,39,211.0,204.69503784179688
ims,2,frozen_encoder_ensemble,5,40,210.0,204.8990478515625
ims,2,frozen_encoder_ensemble,5,41,209.0,205.1767578125
ims,2,frozen_encoder_ensemble,5,42,208.0,205.33935546875
ims,2,frozen_encoder_ensemble,5,43,207.0,205.0214385986328
ims,2,frozen_encoder_ensemble,5,44,206.0,204.9940643310547
ims,2,frozen_encoder_ensemble,5,45,205.0,204.8006134033203
ims,2,frozen_encoder_ensemble,5,46,204.0,204.1486358642578
ims,2,frozen_encoder_ensemble,5,47,203.0,204.6298828125
ims,2,frozen_encoder_ensemble,5,48,202.0,204.6089324951172
ims,2,frozen_encoder_ensemble,5,49,201.0,203.51956176757812
ims,2,frozen_encoder_ensemble,5,50,200.0,203.43374633789062
ims,2,frozen_encoder_ensemble,5,51,199.0,203.8194122314453
ims,2,frozen_encoder_ensemble,5,52,198.0,202.38638305664062
ims,2,frozen_encoder_ensemble,5,53,197.0,202.50701904296875
ims,2,frozen_encoder_ensemble,5,54,196.0,203.22894287109375
ims,2,frozen_encoder_ensemble,5,55,195.0,203.4579315185547
ims,2,frozen_encoder_ensemble,5,56,194.0,203.51730346679688
ims,2,frozen_encoder_ensemble,5,57,193.0,203.2240447998047
ims,2,frozen_encoder_ensemble,5,58,192.0,202.80816650390625
ims,2,frozen_encoder_ensemble,5,59,191.0,201.23817443847656
ims,2,frozen_encoder_ensemble,5,60,190.0,201.58206176757812
ims,2,frozen_encoder_ensemble,5,61,189.0,201.67897033691406
ims,2,frozen_encoder_ensemble,5,62,188.0,202.22962951660156
ims,2,frozen_encoder_ensemble,5,63,187.0,202.14096069335938
ims,2,frozen_encoder_ensemble,5,64,186.0,201.6734161376953
ims,2,frozen_encoder_ensemble,5,65,185.0,201.43063354492188
ims,2,frozen_encoder_ensemble,5,66,184.0,201.37094116210938
ims,2,frozen_encoder_ensemble,5,67,183.0,199.35415649414062
ims,2,frozen_encoder_ensemble,5,68,182.0,198.92233276367188
ims,2,frozen_encoder_ensemble,5,69,181.0,199.9586181640625
ims,2,frozen_encoder_ensemble,5,70,180.0,198.91574096679688
ims,2,frozen_encoder_ensemble,5,71,179.0,199.9103240966797
ims,2,frozen_encoder_ensemble,5,72,178.0,199.38555908203125
ims,2,frozen_encoder_ensemble,5,73,177.0,199.3085174560547
ims,2,frozen_encoder_ensemble,5,74,176.0,199.72547912597656
ims,2,frozen_encoder_ensemble,5,75,175.0,197.54489135742188
ims,2,frozen_encoder_ensemble,5,76,174.0,198.04244995117188
ims,2,frozen_encoder_ensemble,5,77,173.0,198.42782592773438
ims,2,frozen_encoder_ensemble,5,78,172.0,197.51205444335938
ims,2,frozen_encoder_ensemble,5,79,171.0,197.54031372070312
ims,2,frozen_encoder_ensemble,5,80,170.0,196.64886474609375
ims,2,frozen_encoder_ensemble,5,81,169.0,196.46749877929688
ims,2,frozen_encoder_ensemble,5,82,168.0,196.92471313476562
ims,2,frozen_encoder_ensemble,5,83,167.0,196.04745483398438
ims,2,frozen_encoder_ensemble,5,84,166.0,195.8904266357422
ims,2,frozen_encoder_ensemble,5,85,165.0,194.62149047851562
ims,2,frozen_encoder_ensemble,5,86,164.0,193.16787719726562
ims,2,frozen_encoder_ensemble,5,87,163.0,191.83470153808594
ims,2,frozen_encoder_ensemble,5,88,162.0,192.6442108154297
ims,2,frozen_encoder_ensemble,5,89,161.0,192.19686889648438
ims,2,frozen_encoder_ensemble,5,90,160.0,192.58743286132812
ims,2,frozen_encoder_ensemble,5,91,159.0,193.4611053466797
ims,2,frozen_encoder_ensemble,5,92,158.0,192.63233947753906
ims,2,frozen_encoder_ensemble,5,93,157.0,191.6522216796875
ims,2,frozen_encoder_ensemble,5,94,156.0,192.4825897216797
ims,2,frozen_encoder_ensemble,5,95,155.0,191.2675018310547
ims,2,frozen_encoder_ensemble,5,96,154.0,189.81344604492188
ims,2,frozen_encoder_ensemble,5,97,153.0,188.9453125
ims,2,frozen_encoder_ensemble,5,98,152.0,188.6436309814453
ims,2,frozen_encoder_ensemble,5,99,151.0,188.32308959960938
ims,2,frozen_encoder_ensemble,5,100,150.0,188.1090087890625
ims,2,frozen_encoder_ensemble,5,101,149.0,188.46319580078125
ims,2,frozen_encoder_ensemble,5,102,148.0,185.61041259765625
ims,2,frozen_encoder_ensemble,5,103,147.0,184.58457946777344
ims,2,frozen_encoder_ensemble,5,104,146.0,183.171630859375
ims,2,frozen_encoder_ensemble,5,105,145.0,182.1093292236328
ims,2,frozen_encoder_ensemble,5,106,144.0,182.5330047607422
ims,2,frozen_encoder_ensemble,5,107,143.0,180.88253784179688
ims,2,frozen_encoder_ensemble,5,108,142.0,179.37252807617188
ims,2,frozen_encoder_ensemble,5,109,141.0,177.71017456054688
ims,2,frozen_encoder_ensemble,5,110,140.0,179.4888153076172
ims,2,frozen_encoder_ensemble,5,111,139.0,180.86358642578125
ims,2,frozen_encoder_ensemble,5,112,138.0,181.2714385986328
ims,2,frozen_encoder_ensemble,5,113,137.0,180.6649627685547
ims,2,frozen_encoder_ensemble,5,114,136.0,175.10459899902344
ims,2,frozen_encoder_ensemble,5,115,135.0,174.82398986816406
ims,2,frozen_encoder_ensemble,5,116,134.0,173.28379821777344
ims,2,frozen_encoder_ensemble,5,117,133.0,171.18350219726562
ims,2,frozen_encoder_ensemble,5,118,132.0,171.30361938476562
ims,2,frozen_encoder_ensemble,5,119,131.0,170.86349487304688
ims,2,frozen_encoder_ensemble,5,120,130.0,167.43641662597656
ims,2,frozen_encoder_ensemble,5,121,129.0,168.10313415527344
ims,2,frozen_encoder_ensemble,5,122,128.0,168.6303253173828
ims,2,frozen_encoder_ensemble,5,123,127.00000762939453,170.49325561523438
ims,2,frozen_encoder_ensemble,5,124,126.0,164.78005981445312
ims,2,frozen_encoder_ensemble,5,125,125.0,164.94903564453125
ims,2,frozen_encoder_ensemble,5,126,124.00000762939453,165.46176147460938
ims,2,frozen_encoder_ensemble,5,127,123.0,162.3455047607422
ims,2,frozen_encoder_ensemble,5,128,122.0,159.19656372070312
ims,2,frozen_encoder_ensemble,5,129,121.00000762939453,158.76889038085938
ims,2,frozen_encoder_ensemble,5,130,120.0,157.5662841796875
ims,2,frozen_encoder_ensemble,5,131,119.0,157.55789184570312
ims,2,frozen_encoder_ensemble,5,132,118.00000762939453,151.4183807373047
ims,2,frozen_encoder_ensemble,5,133,117.0,150.04925537109375
ims,2,frozen_encoder_ensemble,5,134,116.0,149.8647003173828
ims,2,frozen_encoder_ensemble,5,135,115.0,150.1802520751953
ims,2,frozen_encoder_ensemble,5,136,114.0,148.92526245117188
ims,2,frozen_encoder_ensemble,5,137,113.0,145.91769409179688
ims,2,frozen_encoder_ensemble,5,138,112.0,140.73135375976562
ims,2,frozen_encoder_ensemble,5,139,111.0,143.8538055419922
ims,2,frozen_encoder_ensemble,5,140,110.0,139.84011840820312
ims,2,frozen_encoder_ensemble,5,141,109.0,143.69241333007812
ims,2,frozen_encoder_ensemble,5,142,108.0,144.70669555664062
ims,2,frozen_encoder_ensemble,5,143,107.0,134.90269470214844
ims,2,frozen_encoder_ensemble,5,144,106.0,135.86460876464844
ims,2,frozen_encoder_ensemble,5,145,105.0,136.4302978515625
ims,2,frozen_encoder_ensemble,5,146,104.0,135.42514038085938
ims,2,frozen_encoder_ensemble,5,147,103.0,137.0122833251953
ims,2,frozen_encoder_ensemble,5,148,102.0,137.03591918945312
ims,2,frozen_encoder_ensemble,5,149,101.0,136.84283447265625
ims,2,frozen_encoder_ensemble,5,150,100.0,134.16055297851562
ims,2,frozen_encoder_ensemble,5,151,99.0,131.41038513183594
ims,2,frozen_encoder_ensemble,5,152,98.0,128.64561462402344
ims,2,frozen_encoder_ensemble,5,153,97.0,127.1606674194336
ims,2,frozen_encoder_ensemble,5,154,96.0,122.6128921508789
ims,2,frozen_encoder_ensemble,5,155,95.0,122.80329895019531
ims,2,frozen_encoder_ensemble,5,156,94.0,121.10909271240234
ims,2,frozen_encoder_ensemble,5,157,93.0,119.11280822753906
ims,2,frozen_encoder_ensemble,5,158,92.0,117.0831069946289
ims,2,frozen_encoder_ensemble,5,159,91.0,115.9088363647461
ims,2,frozen_encoder_ensemble,5,160,90.0,115.89102935791016
ims,2,frozen_encoder_ensemble,5,161,89.0,113.1581802368164
ims,2,frozen_encoder_ensemble,5,162,88.0,113.0285873413086
ims,2,frozen_encoder_ensemble,5,163,87.0,111.25753021240234
ims,2,frozen_encoder_ensemble,5,164,86.0,111.2503433227539
ims,2,frozen_encoder_ensemble,5,165,85.0,109.42970275878906
ims,2,frozen_encoder_ensemble,5,166,84.0,111.25150299072266
ims,2,frozen_encoder_ensemble,5,167,83.0,106.12178039550781
ims,2,frozen_encoder_ensemble,5,168,82.0,102.65279388427734
ims,2,frozen_encoder_ensemble,5,169,81.0,100.60237121582031
ims,2,frozen_encoder_ensemble,5,170,80.0,97.360107421875
ims,2,frozen_encoder_ensemble,5,171,79.0,97.8556137084961
ims,2,frozen_encoder_ensemble,5,172,78.0,96.8402328491211
ims,2,frozen_encoder_ensemble,5,173,77.0,92.62858581542969
ims,2,frozen_encoder_ensemble,5,174,76.0,92.8610610961914
ims,2,frozen_encoder_ensemble,5,175,75.0,91.5868911743164
ims,2,frozen_encoder_ensemble,5,176,74.0,91.75751495361328
ims,2,frozen_encoder_ensemble,5,177,73.0,89.99632263183594
ims,2,frozen_encoder_ensemble,5,178,72.0,87.0669174194336
ims,2,frozen_encoder_ensemble,5,179,71.0,86.96775817871094
ims,2,frozen_encoder_ensemble,5,180,70.0,86.94168853759766
ims,2,frozen_encoder_ensemble,5,181,69.0,84.41309356689453
ims,2,frozen_encoder_ensemble,5,182,68.0,80.71598052978516
ims,2,frozen_encoder_ensemble,5,183,67.0,79.9104232788086
ims,2,frozen_encoder_ensemble,5,184,66.0,78.73612976074219
ims,2,frozen_encoder_ensemble,5,185,65.0,77.82777404785156
ims,2,frozen_encoder_ensemble,5,186,64.0,73.35469818115234
ims,2,frozen_encoder_ensemble,5,187,63.0,72.10545349121094
ims,2,frozen_encoder_ensemble,5,188,62.000003814697266,69.66703796386719
ims,2,frozen_encoder_ensemble,5,189,61.0,67.45542907714844
ims,2,frozen_encoder_ensemble,5,190,60.0,66.66081237792969
ims,2,frozen_encoder_ensemble,5,191,59.000003814697266,64.09611511230469
ims,2,frozen_encoder_ensemble,5,192,58.0,62.879547119140625
ims,2,frozen_encoder_ensemble,5,193,57.0,60.69727325439453
ims,2,frozen_encoder_ensemble,5,194,56.0,59.847862243652344
ims,2,frozen_encoder_ensemble,5,195,55.0,58.3096923828125
ims,2,frozen_encoder_ensemble,5,196,54.0,55.8666877746582
ims,2,frozen_encoder_ensemble,5,197,53.0,56.15192794799805
ims,2,frozen_encoder_ensemble,5,198,52.0,53.31554412841797
ims,2,frozen_encoder_ensemble,5,199,51.0,50.55072021484375
ims,2,frozen_encoder_ensemble,5,200,50.0,47.75678253173828
ims,2,frozen_encoder_ensemble,5,201,49.0,47.508819580078125
ims,2,frozen_encoder_ensemble,5,202,48.0,45.06829833984375
ims,2,frozen_encoder_ensemble,5,203,47.0,43.9001350402832
ims,2,frozen_encoder_ensemble,5,204,46.0,43.35635757446289
ims,2,frozen_encoder_ensemble,5,205,45.0,40.35525894165039
ims,2,frozen_encoder_ensemble,5,206,44.0,40.08332824707031
ims,2,frozen_encoder_ensemble,5,207,43.0,38.041786193847656
ims,2,frozen_encoder_ensemble,5,208,42.0,35.3276481628418
ims,2,frozen_encoder_ensemble,5,209,41.0,34.65380096435547
ims,2,frozen_encoder_ensemble,5,210,40.0,33.434608459472656
ims,2,frozen_encoder_ensemble,5,211,39.0,33.439022064208984
ims,2,frozen_encoder_ensemble,5,212,38.0,30.712390899658203
ims,2,frozen_encoder_ensemble,5,213,37.0,29.55961036682129
ims,2,frozen_encoder_ensemble,5,214,36.0,28.439971923828125
ims,2,frozen_encoder_ensemble,5,215,35.0,27.48004150390625
ims,2,frozen_encoder_ensemble,5,216,34.0,26.583446502685547
ims,2,frozen_encoder_ensemble,5,217,33.0,25.613143920898438
ims,2,frozen_encoder_ensemble,5,218,32.0,25.741992950439453
ims,2,frozen_encoder_ensemble,5,219,31.000001907348633,22.410579681396484
ims,2,frozen_encoder_ensemble,5,220,30.0,21.46457290649414
ims,2,frozen_encoder_ensemble,5,221,29.0,21.758060455322266
ims,2,frozen_encoder_ensemble,5,222,28.0,20.141613006591797
ims,2,frozen_encoder_ensemble,5,223,27.0,19.8911075592041
ims,2,frozen_encoder_ensemble,5,224,26.0,19.27719497680664
ims,2,frozen_encoder_ensemble,5,225,25.0,17.305131912231445
ims,2,frozen_encoder_ensemble,5,226,24.0,17.333208084106445
ims,2,frozen_encoder_ensemble,5,227,23.0,15.678131103515625
ims,2,frozen_encoder_ensemble,5,228,22.0,14.933433532714844
ims,2,frozen_encoder_ensemble,5,229,21.0,15.9584321975708
ims,2,frozen_encoder_ensemble,5,230,20.0,14.538111686706543
ims,2,frozen_encoder_ensemble,5,231,19.0,13.214624404907227
ims,2,frozen_encoder_ensemble,5,232,18.0,12.460201263427734
ims,2,frozen_encoder_ensemble,5,233,17.0,12.38918399810791
ims,2,frozen_encoder_ensemble,5,234,16.0,12.245302200317383
ims,2,frozen_encoder_ensemble,5,235,15.0,10.8679838180542
ims,2,frozen_encoder_ensemble,5,236,14.0,10.010663986206055
ims,2,frozen_encoder_ensemble,5,237,13.0,9.678543090820312
ims,2,frozen_encoder_ensemble,5,238,12.0,10.64791202545166
ims,2,frozen_encoder_ensemble,5,239,11.0,8.949456214904785
ims,2,frozen_encoder_ensemble,5,240,10.0,8.965213775634766
ims,2,frozen_encoder_ensemble,5,241,9.0,8.203573226928711
ims,2,frozen_encoder_ensemble,5,242,8.0,8.016157150268555
ims,2,frozen_encoder_ensemble,5,243,7.0,6.685530185699463
ims,2,frozen_encoder_ensemble,5,244,6.0,6.4192047119140625
ims,2,frozen_encoder_ensemble,5,245,5.0,6.2854228019714355
ims,2,frozen_encoder_ensemble,5,246,4.0,6.611063480377197
ims,2,frozen_encoder_ensemble,5,247,3.0,6.0635480880737305
ims,2,frozen_encoder_ensemble,5,248,2.0,5.539490699768066
ims,2,frozen_encoder_ensemble,5,249,1.0,4.791275501251221
ims,2,frozen_encoder_ensemble,5,250,0.0,4.085769176483154
ims,2,frozen_encoder_ensemble,5,251,0.0,4.173520088195801
ims,2,frozen_encoder_ensemble,5,252,0.0,3.7372868061065674
ims,2,frozen_encoder_ensemble,5,253,0.0,2.638920307159424
ims,2,frozen_encoder_ensemble,5,254,0.0,2.210477828979492
ims,2,frozen_encoder_ensemble,5,255,0.0,1.1973130702972412
ims,2,frozen_encoder_ensemble,5,256,0.0,1.7341808080673218
ims,2,frozen_encoder_ensemble,5,257,0.0,0.3372296690940857
ims,2,frozen_encoder_ensemble,5,258,0.0,0.727649450302124
ims,2,frozen_encoder_ensemble,5,259,0.0,0.30923992395401
ims,2,frozen_encoder_ensemble,5,260,0.0,-0.05412802845239639
ims,2,frozen_encoder_ensemble,5,261,0.0,-0.360459566116333
ims,2,frozen_encoder_ensemble,5,262,0.0,-0.09566164016723633
ims,2,frozen_encoder_ensemble,5,263,0.0,-0.6395386457443237
ims,2,frozen_encoder_ensemble,5,264,0.0,-0.37262973189353943
ims,2,frozen_encoder_ensemble,5,265,0.0,-1.038275122642517
ims,2,frozen_encoder_ensemble,5,266,0.0,-1.6891887187957764
ims,2,frozen_encoder_ensemble,5,267,0.0,-0.8608866930007935
ims,2,frozen_encoder_ensemble,5,268,0.0,-1.8154882192611694
ims,2,frozen_encoder_ensemble,5,269,0.0,-1.570949673652649
ims,2,frozen_encoder_ensemble,5,270,0.0,-1.9381732940673828
ims,2,frozen_encoder_ensemble,5,271,0.0,-1.5250248908996582
ims,2,frozen_encoder_ensemble,5,272,0.0,-1.9150009155273438
ims,2,frozen_encoder_ensemble,5,273,0.0,-1.568129062652588
ims,2,frozen_encoder_ensemble,5,274,0.0,-1.5482685565948486
ims,2,frozen_encoder_ensemble,5,275,0.0,-1.5522384643554688
ims,2,frozen_encoder_ensemble,5,276,0.0,-1.603341817855835
ims,2,frozen_encoder_ensemble,5,277,0.0,-1.5854170322418213
ims,2,frozen_encoder_ensemble,5,278,0.0,-1.1453994512557983
ims,2,frozen_encoder_ensemble,5,279,0.0,-1.032938003540039
ims,2,frozen_encoder_ensemble,5,280,0.0,-0.8523693084716797
ims,2,frozen_encoder_ensemble,5,281,0.0,-0.29660454392433167
ims,2,frozen_encoder_ensemble,5,282,0.0,-0.005907249636948109
ims,2,frozen_encoder_ensemble,5,283,0.0,-0.14094333350658417
ims,2,frozen_encoder_ensemble,5,284,0.0,-0.15133190155029297
ims,2,frozen_encoder_ensemble,5,285,0.0,0.5574405789375305
ims,2,frozen_encoder_ensemble,5,286,0.0,0.7928091287612915
ims,2,frozen_encoder_ensemble,5,287,0.0,1.5542116165161133
ims,2,frozen_encoder_ensemble,5,288,0.0,1.7607812881469727
ims,2,frozen_encoder_ensemble,5,289,0.0,1.7312215566635132
ims,2,frozen_encoder_ensemble,5,290,0.0,2.220094919204712
ims,2,frozen_encoder_ensemble,5,291,0.0,2.9675745964050293
ims,2,frozen_encoder_ensemble,5,292,0.0,3.6327996253967285
ims,2,frozen_encoder_ensemble,5,293,0.0,4.115995407104492
ims,2,frozen_encoder_ensemble,5,294,0.0,5.047165393829346
ims,2,frozen_encoder_ensemble,5,295,0.0,5.358829498291016
ims,2,frozen_encoder_ensemble,5,296,0.0,5.927480220794678
ims,2,frozen_encoder_ensemble,5,297,0.0,6.580291748046875
ims,2,frozen_encoder_ensemble,5,298,0.0,7.151811122894287
ims,2,frozen_encoder_ensemble,5,299,0.0,8.321386337280273
ims,2,scratch_ensemble,5,19,231.0,213.9465789794922
ims,2,scratch_ensemble,5,20,230.0,213.0394287109375
ims,2,scratch_ensemble,5,21,229.0,212.876708984375
ims,2,scratch_ensemble,5,22,228.0,213.05029296875
ims,2,scratch_ensemble,5,23,227.0,213.7951202392578
ims,2,scratch_ensemble,5,24,226.0,213.69839477539062
ims,2,scratch_ensemble,5,25,225.0,212.98941040039062
ims,2,scratch_ensemble,5,26,224.0,212.38064575195312
ims,2,scratch_ensemble,5,27,223.0,212.75003051757812
ims,2,scratch_ensemble,5,28,222.0,213.1848602294922
ims,2,scratch_ensemble,5,29,221.0,213.20553588867188
ims,2,scratch_ensemble,5,30,220.0,212.6169891357422
ims,2,scratch_ensemble,5,31,219.0,212.98062133789062
ims,2,scratch_ensemble,5,32,218.0,212.96853637695312
ims,2,scratch_ensemble,5,33,217.0,211.46859741210938
ims,2,scratch_ensemble,5,34,216.0,211.38345336914062
ims,2,scratch_ensemble,5,35,215.0,208.84762573242188
ims,2,scratch_ensemble,5,36,214.0,208.88467407226562
ims,2,scratch_ensemble,5,37,213.0,209.7418212890625
ims,2,scratch_ensemble,5,38,212.0,210.10580444335938
ims,2,scratch_ensemble,5,39,211.0,209.2700653076172
ims,2,scratch_ensemble,5,40,210.0,209.50216674804688
ims,2,scratch_ensemble,5,41,209.0,210.45162963867188
ims,2,scratch_ensemble,5,42,208.0,210.3517303466797
ims,2,scratch_ensemble,5,43,207.0,209.42190551757812
ims,2,scratch_ensemble,5,44,206.0,209.0459747314453
ims,2,scratch_ensemble,5,45,205.0,209.0282440185547
ims,2,scratch_ensemble,5,46,204.0,207.4911651611328
ims,2,scratch_ensemble,5,47,203.0,209.06655883789062
ims,2,scratch_ensemble,5,48,202.0,208.349609375
ims,2,scratch_ensemble,5,49,201.0,206.3891143798828
ims,2,scratch_ensemble,5,50,200.0,206.7535858154297
ims,2,scratch_ensemble,5,51,199.0,207.9990997314453
ims,2,scratch_ensemble,5,52,198.0,204.71978759765625
ims,2,scratch_ensemble,5,53,197.0,204.9918975830078
ims,2,scratch_ensemble,5,54,196.0,206.35147094726562
ims,2,scratch_ensemble,5,55,195.0,207.36865234375
ims,2,scratch_ensemble,5,56,194.0,206.8364715576172
ims,2,scratch_ensemble,5,57,193.0,206.2928009033203
ims,2,scratch_ensemble,5,58,192.0,205.1702423095703
ims,2,scratch_ensemble,5,59,191.0,202.7979736328125
ims,2,scratch_ensemble,5,60,190.0,203.75942993164062
ims,2,scratch_ensemble,5,61,189.0,205.02920532226562
ims,2,scratch_ensemble,5,62,188.0,205.4942169189453
ims,2,scratch_ensemble,5,63,187.0,205.5808868408203
ims,2,scratch_ensemble,5,64,186.0,204.42031860351562
ims,2,scratch_ensemble,5,65,185.0,203.8538360595703
ims,2,scratch_ensemble,5,66,184.0,204.3079071044922
ims,2,scratch_ensemble,5,67,183.0,201.0497283935547
ims,2,scratch_ensemble,5,68,182.0,200.9188995361328
ims,2,scratch_ensemble,5,69,181.0,202.37130737304688
ims,2,scratch_ensemble,5,70,180.0,199.87017822265625
ims,2,scratch_ensemble,5,71,179.0,202.4825897216797
ims,2,scratch_ensemble,5,72,178.0,200.65493774414062
ims,2,scratch_ensemble,5,73,177.0,200.2406005859375
ims,2,scratch_ensemble,5,74,176.0,201.55906677246094
ims,2,scratch_ensemble,5,75,175.0,197.83364868164062
ims,2,scratch_ensemble,5,76,174.0,199.30838012695312
ims,2,scratch_ensemble,5,77,173.0,199.5025634765625
ims,2,scratch_ensemble,5,78,172.0,198.79220581054688
ims,2,scratch_ensemble,5,79,171.0,198.77706909179688
ims,2,scratch_ensemble,5,80,170.0,197.12353515625
ims,2,scratch_ensemble,5,81,169.0,196.70596313476562
ims,2,scratch_ensemble,5,82,168.0,197.77072143554688
ims,2,scratch_ensemble,5,83,167.0,195.6138153076172
ims,2,scratch_ensemble,5,84,166.0,195.84011840820312
ims,2,scratch_ensemble,5,85,165.0,194.11988830566406
ims,2,scratch_ensemble,5,86,164.0,191.6914520263672
ims,2,scratch_ensemble,5,87,163.0,189.59646606445312
ims,2,scratch_ensemble,5,88,162.0,191.30661010742188
ims,2,scratch_ensemble,5,89,161.0,191.33868408203125
ims,2,scratch_ensemble,5,90,160.0,191.88107299804688
ims,2,scratch_ensemble,5,91,159.0,193.3830108642578
ims,2,scratch_ensemble,5,92,158.0,191.13479614257812
ims,2,scratch_ensemble,5,93,157.0,189.73529052734375
ims,2,scratch_ensemble,5,94,156.0,191.50564575195312
ims,2,scratch_ensemble,5,95,155.0,189.64236450195312
ims,2,scratch_ensemble,5,96,154.0,186.97244262695312
ims,2,scratch_ensemble,5,97,153.0,186.08432006835938
ims,2,scratch_ensemble,5,98,152.0,185.7002716064453
ims,2,scratch_ensemble,5,99,151.0,186.20199584960938
ims,2,scratch_ensemble,5,100,150.0,186.13015747070312
ims,2,scratch_ensemble,5,101,149.0,186.2637939453125
ims,2,scratch_ensemble,5,102,148.0,182.3740234375
ims,2,scratch_ensemble,5,103,147.0,181.1166534423828
ims,2,scratch_ensemble,5,104,146.0,178.702880859375
ims,2,scratch_ensemble,5,105,145.0,176.45599365234375
ims,2,scratch_ensemble,5,106,144.0,177.76376342773438
ims,2,scratch_ensemble,5,107,143.0,174.93710327148438
ims,2,scratch_ensemble,5,108,142.0,172.29061889648438
ims,2,scratch_ensemble,5,109,141.0,170.15347290039062
ims,2,scratch_ensemble,5,110,140.0,172.89816284179688
ims,2,scratch_ensemble,5,111,139.0,175.849853515625
ims,2,scratch_ensemble,5,112,138.0,176.91799926757812
ims,2,scratch_ensemble,5,113,137.0,175.53903198242188
ims,2,scratch_ensemble,5,114,136.0,166.94412231445312
ims,2,scratch_ensemble,5,115,135.0,167.30126953125
ims,2,scratch_ensemble,5,116,134.0,166.2013702392578
ims,2,scratch_ensemble,5,117,133.0,162.53579711914062
ims,2,scratch_ensemble,5,118,132.0,163.21690368652344
ims,2,scratch_ensemble,5,119,131.0,162.05027770996094
ims,2,scratch_ensemble,5,120,130.0,157.26480102539062
ims,2,scratch_ensemble,5,121,129.0,158.52407836914062
ims,2,scratch_ensemble,5,122,128.0,159.16427612304688
ims,2,scratch_ensemble,5,123,127.00000762939453,161.98080444335938
ims,2,scratch_ensemble,5,124,126.0,154.26158142089844
ims,2,scratch_ensemble,5,125,125.0,154.2477569580078
ims,2,scratch_ensemble,5,126,124.00000762939453,155.2826385498047
ims,2,scratch_ensemble,5,127,123.0,151.78005981445312
ims,2,scratch_ensemble,5,128,122.0,146.76260375976562
ims,2,scratch_ensemble,5,129,121.00000762939453,146.74969482421875
ims,2,scratch_ensemble,5,130,120.0,146.4730224609375
ims,2,scratch_ensemble,5,131,119.0,145.58253479003906
ims,2,scratch_ensemble,5,132,118.00000762939453,137.02699279785156
ims,2,scratch_ensemble,5,133,117.0,135.4708251953125
ims,2,scratch_ensemble,5,134,116.0,135.65737915039062
ims,2,scratch_ensemble,5,135,115.0,135.6784210205078
ims,2,scratch_ensemble,5,136,114.0,134.22714233398438
ims,2,scratch_ensemble,5,137,113.0,130.13125610351562
ims,2,scratch_ensemble,5,138,112.0,123.2518539428711
ims,2,scratch_ensemble,5,139,111.0,128.1036834716797
ims,2,scratch_ensemble,5,140,110.0,122.97361755371094
ims,2,scratch_ensemble,5,141,109.0,128.88363647460938
ims,2,scratch_ensemble,5,142,108.0,130.52194213867188
ims,2,scratch_ensemble,5,143,107.0,117.68626403808594
ims,2,scratch_ensemble,5,144,106.0,119.11527252197266
ims,2,scratch_ensemble,5,145,105.0,120.0002670288086
ims,2,scratch_ensemble,5,146,104.0,118.42227935791016
ims,2,scratch_ensemble,5,147,103.0,122.0614242553711
ims,2,scratch_ensemble,5,148,102.0,122.21330261230469
ims,2,scratch_ensemble,5,149,101.0,122.39794921875
ims,2,scratch_ensemble,5,150,100.0,118.57759094238281
ims,2,scratch_ensemble,5,151,99.0,114.93941497802734
ims,2,scratch_ensemble,5,152,98.0,112.20588684082031
ims,2,scratch_ensemble,5,153,97.0,110.08604431152344
ims,2,scratch_ensemble,5,154,96.0,105.9333267211914
ims,2,scratch_ensemble,5,155,95.0,106.8599624633789
ims,2,scratch_ensemble,5,156,94.0,104.5572280883789
ims,2,scratch_ensemble,5,157,93.0,102.0079345703125
ims,2,scratch_ensemble,5,158,92.0,99.69865417480469
ims,2,scratch_ensemble,5,159,91.0,98.46741485595703
ims,2,scratch_ensemble,5,160,90.0,98.66739654541016
ims,2,scratch_ensemble,5,161,89.0,96.11123657226562
ims,2,scratch_ensemble,5,162,88.0,95.94624328613281
ims,2,scratch_ensemble,5,163,87.0,95.65907287597656
ims,2,scratch_ensemble,5,164,86.0,96.92916870117188
ims,2,scratch_ensemble,5,165,85.0,93.27571105957031
ims,2,scratch_ensemble,5,166,84.0,97.17597198486328
ims,2,scratch_ensemble,5,167,83.0,93.55000305175781
ims,2,scratch_ensemble,5,168,82.0,92.48009490966797
ims,2,scratch_ensemble,5,169,81.0,87.98619842529297
ims,2,scratch_ensemble,5,170,80.0,85.64924621582031
ims,2,scratch_ensemble,5,171,79.0,86.79100036621094
ims,2,scratch_ensemble,5,172,78.0,84.94281005859375
ims,2,scratch_ensemble,5,173,77.0,78.0861587524414
ims,2,scratch_ensemble,5,174,76.0,79.4939193725586
ims,2,scratch_ensemble,5,175,75.0,80.0444564819336
ims,2,scratch_ensemble,5,176,74.0,81.27777862548828
ims,2,scratch_ensemble,5,177,73.0,79.22297668457031
ims,2,scratch_ensemble,5,178,72.0,77.7328109741211
ims,2,scratch_ensemble,5,179,71.0,77.26398468017578
ims,2,scratch_ensemble,5,180,70.0,78.03031158447266
ims,2,scratch_ensemble,5,181,69.0,76.0298843383789
ims,2,scratch_ensemble,5,182,68.0,73.17030334472656
ims,2,scratch_ensemble,5,183,67.0,73.07064056396484
ims,2,scratch_ensemble,5,184,66.0,70.84632110595703
ims,2,scratch_ensemble,5,185,65.0,70.77018737792969
ims,2,scratch_ensemble,5,186,64.0,68.1456527709961
ims,2,scratch_ensemble,5,187,63.0,66.96585083007812
ims,2,scratch_ensemble,5,188,62.000003814697266,64.16514587402344
ims,2,scratch_ensemble,5,189,61.0,64.28599548339844
ims,2,scratch_ensemble,5,190,60.0,61.52116775512695
ims,2,scratch_ensemble,5,191,59.000003814697266,61.408111572265625
ims,2,scratch_ensemble,5,192,58.0,60.382102966308594
ims,2,scratch_ensemble,5,193,57.0,57.530738830566406
ims,2,scratch_ensemble,5,194,56.0,58.903289794921875
ims,2,scratch_ensemble,5,195,55.0,57.469261169433594
ims,2,scratch_ensemble,5,196,54.0,57.532554626464844
ims,2,scratch_ensemble,5,197,53.0,56.099945068359375
ims,2,scratch_ensemble,5,198,52.0,54.026329040527344
ims,2,scratch_ensemble,5,199,51.0,52.3449821472168
ims,2,scratch_ensemble,5,200,50.0,50.69684600830078
ims,2,scratch_ensemble,5,201,49.0,49.051143646240234
ims,2,scratch_ensemble,5,202,48.0,48.34864807128906
ims,2,scratch_ensemble,5,203,47.0,46.90099334716797
ims,2,scratch_ensemble,5,204,46.0,45.1762580871582
ims,2,scratch_ensemble,5,205,45.0,44.24578094482422
ims,2,scratch_ensemble,5,206,44.0,43.72755813598633
ims,2,scratch_ensemble,5,207,43.0,42.65131759643555
ims,2,scratch_ensemble,5,208,42.0,41.887306213378906
ims,2,scratch_ensemble,5,209,41.0,40.39958953857422
ims,2,scratch_ensemble,5,210,40.0,39.44034957885742
ims,2,scratch_ensemble,5,211,39.0,37.815731048583984
ims,2,scratch_ensemble,5,212,38.0,37.265708923339844
ims,2,scratch_ensemble,5,213,37.0,36.35200881958008
ims,2,scratch_ensemble,5,214,36.0,35.468116760253906
ims,2,scratch_ensemble,5,215,35.0,34.333892822265625
ims,2,scratch_ensemble,5,216,34.0,33.07270050048828
ims,2,scratch_ensemble,5,217,33.0,32.46018600463867
ims,2,scratch_ensemble,5,218,32.0,31.40383529663086
ims,2,scratch_ensemble,5,219,31.000001907348633,31.116037368774414
ims,2,scratch_ensemble,5,220,30.0,29.734577178955078
ims,2,scratch_ensemble,5,221,29.0,28.901769638061523
ims,2,scratch_ensemble,5,222,28.0,27.9646053314209
ims,2,scratch_ensemble,5,223,27.0,26.84615707397461
ims,2,scratch_ensemble,5,224,26.0,25.53255844116211
ims,2,scratch_ensemble,5,225,25.0,24.70148277282715
ims,2,scratch_ensemble,5,226,24.0,23.52322769165039
ims,2,scratch_ensemble,5,227,23.0,22.945327758789062
ims,2,scratch_ensemble,5,228,22.0,22.080387115478516
ims,2,scratch_ensemble,5,229,21.0,20.86532211303711
ims,2,scratch_ensemble,5,230,20.0,19.940288543701172
ims,2,scratch_ensemble,5,231,19.0,19.235872268676758
ims,2,scratch_ensemble,5,232,18.0,18.3670654296875
ims,2,scratch_ensemble,5,233,17.0,17.548635482788086
ims,2,scratch_ensemble,5,234,16.0,16.659343719482422
ims,2,scratch_ensemble,5,235,15.0,16.014780044555664
ims,2,scratch_ensemble,5,236,14.0,15.315381050109863
ims,2,scratch_ensemble,5,237,13.0,14.60540771484375
ims,2,scratch_ensemble,5,238,12.0,13.996228218078613
ims,2,scratch_ensemble,5,239,11.0,13.392435073852539
ims,2,scratch_ensemble,5,240,10.0,12.553407669067383
ims,2,scratch_ensemble,5,241,9.0,11.941815376281738
ims,2,scratch_ensemble,5,242,8.0,11.236034393310547
ims,2,scratch_ensemble,5,243,7.0,10.691411972045898
ims,2,scratch_ensemble,5,244,6.0,9.989249229431152
ims,2,scratch_ensemble,5,245,5.0,9.305992126464844
ims,2,scratch_ensemble,5,246,4.0,8.555763244628906
ims,2,scratch_ensemble,5,247,3.0,7.905419826507568
ims,2,scratch_ensemble,5,248,2.0,7.294549465179443
ims,2,scratch_ensemble,5,249,1.0,6.742453098297119
ims,2,scratch_ensemble,5,250,0.0,6.187261581420898
ims,2,scratch_ensemble,5,251,0.0,5.572001934051514
ims,2,scratch_ensemble,5,252,0.0,5.05513858795166
ims,2,scratch_ensemble,5,253,0.0,4.578032970428467
ims,2,scratch_ensemble,5,254,0.0,4.101683616638184
ims,2,scratch_ensemble,5,255,0.0,3.715980052947998
ims,2,scratch_ensemble,5,256,0.0,3.2631919384002686
ims,2,scratch_ensemble,5,257,0.0,2.987154960632324
ims,2,scratch_ensemble,5,258,0.0,2.621912717819214
ims,2,scratch_ensemble,5,259,0.0,2.3512206077575684
ims,2,scratch_ensemble,5,260,0.0,2.063220262527466
ims,2,scratch_ensemble,5,261,0.0,1.7879416942596436
ims,2,scratch_ensemble,5,262,0.0,1.5755231380462646
ims,2,scratch_ensemble,5,263,0.0,1.3756628036499023
ims,2,scratch_ensemble,5,264,0.0,1.1094486713409424
ims,2,scratch_ensemble,5,265,0.0,0.9354166984558105
ims,2,scratch_ensemble,5,266,0.0,0.8006064295768738
ims,2,scratch_ensemble,5,267,0.0,0.667126476764679
ims,2,scratch_ensemble,5,268,0.0,0.5880955457687378
ims,2,scratch_ensemble,5,269,0.0,0.4793282449245453
ims,2,scratch_ensemble,5,270,0.0,0.4184371829032898
ims,2,scratch_ensemble,5,271,0.0,0.37263450026512146
ims,2,scratch_ensemble,5,272,0.0,0.3575258255004883
ims,2,scratch_ensemble,5,273,0.0,0.3690671920776367
ims,2,scratch_ensemble,5,274,0.0,0.382716566324234
ims,2,scratch_ensemble,5,275,0.0,0.5127565264701843
ims,2,scratch_ensemble,5,276,0.0,0.598912239074707
ims,2,scratch_ensemble,5,277,0.0,0.7422882318496704
ims,2,scratch_ensemble,5,278,0.0,0.9049350619316101
ims,2,scratch_ensemble,5,279,0.0,1.0942751169204712
ims,2,scratch_ensemble,5,280,0.0,1.3175885677337646
ims,2,scratch_ensemble,5,281,0.0,1.6113361120224
ims,2,scratch_ensemble,5,282,0.0,1.9165375232696533
ims,2,scratch_ensemble,5,283,0.0,2.229320526123047
ims,2,scratch_ensemble,5,284,0.0,2.591513156890869
ims,2,scratch_ensemble,5,285,0.0,3.008375406265259
ims,2,scratch_ensemble,5,286,0.0,3.4358153343200684
ims,2,scratch_ensemble,5,287,0.0,3.98506498336792
ims,2,scratch_ensemble,5,288,0.0,4.5491204261779785
ims,2,scratch_ensemble,5,289,0.0,5.184325695037842
ims,2,scratch_ensemble,5,290,0.0,5.8574538230896
ims,2,scratch_ensemble,5,291,0.0,6.664119720458984
ims,2,scratch_ensemble,5,292,0.0,7.447381496429443
ims,2,scratch_ensemble,5,293,0.0,8.265527725219727
ims,2,scratch_ensemble,5,294,0.0,9.14785099029541
ims,2,scratch_ensemble,5,295,0.0,9.924737930297852
ims,2,scratch_ensemble,5,296,0.0,10.724435806274414
ims,2,scratch_ensemble,5,297,0.0,11.530885696411133
ims,2,scratch_ensemble,5,298,0.0,12.302803039550781
ims,2,scratch_ensemble,5,299,0.0,13.160665512084961
ims,2,ridge_ensemble,5,19,231.0,248.4330596923828
ims,2,ridge_ensemble,5,20,230.0,247.29409790039062
ims,2,ridge_ensemble,5,21,229.0,246.28634643554688
ims,2,ridge_ensemble,5,22,228.0,245.3134765625
ims,2,ridge_ensemble,5,23,227.0,244.0780487060547
ims,2,ridge_ensemble,5,24,226.0,243.01161193847656
ims,2,ridge_ensemble,5,25,225.0,241.8900909423828
ims,2,ridge_ensemble,5,26,224.0,240.86085510253906
ims,2,ridge_ensemble,5,27,223.0,239.77679443359375
ims,2,ridge_ensemble,5,28,222.0,238.69862365722656
ims,2,ridge_ensemble,5,29,221.0,237.5498504638672
ims,2,ridge_ensemble,5,30,220.0,236.43580627441406
ims,2,ridge_ensemble,5,31,219.0,235.4617156982422
ims,2,ridge_ensemble,5,32,218.0,234.3867950439453
ims,2,ridge_ensemble,5,33,217.0,233.32725524902344
ims,2,ridge_ensemble,5,34,216.0,232.2930145263672
ims,2,ridge_ensemble,5,35,215.0,231.0382843017578
ims,2,ridge_ensemble,5,36,214.0,230.01702880859375
ims,2,ridge_ensemble,5,37,213.0,228.9562225341797
ims,2,ridge_ensemble,5,38,212.0,227.9229736328125
ims,2,ridge_ensemble,5,39,211.0,226.63876342773438
ims,2,ridge_ensemble,5,40,210.0,225.7232666015625
ims,2,ridge_ensemble,5,41,209.0,224.655029296875
ims,2,ridge_ensemble,5,42,208.0,223.486572265625
ims,2,ridge_ensemble,5,43,207.0,222.37905883789062
ims,2,ridge_ensemble,5,44,206.0,221.39761352539062
ims,2,ridge_ensemble,5,45,205.0,220.16043090820312
ims,2,ridge_ensemble,5,46,204.0,219.06700134277344
ims,2,ridge_ensemble,5,47,203.0,218.09654235839844
ims,2,ridge_ensemble,5,48,202.0,216.92942810058594
ims,2,ridge_ensemble,5,49,201.0,215.9314727783203
ims,2,ridge_ensemble,5,50,200.0,214.81976318359375
ims,2,ridge_ensemble,5,51,199.0,213.78028869628906
ims,2,ridge_ensemble,5,52,198.0,212.63949584960938
ims,2,ridge_ensemble,5,53,197.0,211.6297149658203
ims,2,ridge_ensemble,5,54,196.0,210.60462951660156
ims,2,ridge_ensemble,5,55,195.0,209.36070251464844
ims,2,ridge_ensemble,5,56,194.0,208.31036376953125
ims,2,ridge_ensemble,5,57,193.0,207.2026824951172
ims,2,ridge_ensemble,5,58,192.0,206.16285705566406
ims,2,ridge_ensemble,5,59,191.0,205.03648376464844
ims,2,ridge_ensemble,5,60,190.0,204.1724853515625
ims,2,ridge_ensemble,5,61,189.0,202.99598693847656
ims,2,ridge_ensemble,5,62,188.0,202.07296752929688
ims,2,ridge_ensemble,5,63,187.0,200.810302734375
ims,2,ridge_ensemble,5,64,186.0,199.76275634765625
ims,2,ridge_ensemble,5,65,185.0,198.55271911621094
ims,2,ridge_ensemble,5,66,184.0,197.48153686523438
ims,2,ridge_ensemble,5,67,183.0,196.37240600585938
ims,2,ridge_ensemble,5,68,182.0,195.5206756591797
ims,2,ridge_ensemble,5,69,181.0,194.24188232421875
ims,2,ridge_ensemble,5,70,180.0,193.2972869873047
ims,2,ridge_ensemble,5,71,179.0,192.1536865234375
ims,2,ridge_ensemble,5,72,178.0,191.10711669921875
ims,2,ridge_ensemble,5,73,177.0,190.1165313720703
ims,2,ridge_ensemble,5,74,176.0,188.98472595214844
ims,2,ridge_ensemble,5,75,175.0,187.8999481201172
ims,2,ridge_ensemble,5,76,174.0,186.738037109375
ims,2,ridge_ensemble,5,77,173.0,185.58078002929688
ims,2,ridge_ensemble,5,78,172.0,184.4240264892578
ims,2,ridge_ensemble,5,79,171.0,183.39976501464844
ims,2,ridge_ensemble,5,80,170.0,182.47467041015625
ims,2,ridge_ensemble,5,81,169.0,181.30230712890625
ims,2,ridge_ensemble,5,82,168.0,180.2696075439453
ims,2,ridge_ensemble,5,83,167.0,179.05300903320312
ims,2,ridge_ensemble,5,84,166.0,178.0265350341797
ims,2,ridge_ensemble,5,85,165.0,177.03794860839844
ims,2,ridge_ensemble,5,86,164.0,175.74119567871094
ims,2,ridge_ensemble,5,87,163.0,174.71246337890625
ims,2,ridge_ensemble,5,88,162.0,173.6591796875
ims,2,ridge_ensemble,5,89,161.0,172.73370361328125
ims,2,ridge_ensemble,5,90,160.0,171.69198608398438
ims,2,ridge_ensemble,5,91,159.0,170.47300720214844
ims,2,ridge_ensemble,5,92,158.0,169.39193725585938
ims,2,ridge_ensemble,5,93,157.0,168.27281188964844
ims,2,ridge_ensemble,5,94,156.0,167.185546875
ims,2,ridge_ensemble,5,95,155.0,166.07513427734375
ims,2,ridge_ensemble,5,96,154.0,165.01319885253906
ims,2,ridge_ensemble,5,97,153.0,163.93186950683594
ims,2,ridge_ensemble,5,98,152.0,162.87147521972656
ims,2,ridge_ensemble,5,99,151.0,161.8385772705078
ims,2,ridge_ensemble,5,100,150.0,160.66432189941406
ims,2,ridge_ensemble,5,101,149.0,159.5171661376953
ims,2,ridge_ensemble,5,102,148.0,158.48472595214844
ims,2,ridge_ensemble,5,103,147.0,157.45851135253906
ims,2,ridge_ensemble,5,104,146.0,156.4108428955078
ims,2,ridge_ensemble,5,105,145.0,155.26043701171875
ims,2,ridge_ensemble,5,106,144.0,154.2718505859375
ims,2,ridge_ensemble,5,107,143.0,152.9961395263672
ims,2,ridge_ensemble,5,108,142.0,152.03648376464844
ims,2,ridge_ensemble,5,109,141.0,150.9326629638672
ims,2,ridge_ensemble,5,110,140.0,149.9819793701172
ims,2,ridge_ensemble,5,111,139.0,148.72567749023438
ims,2,ridge_ensemble,5,112,138.0,147.7654266357422
ims,2,ridge_ensemble,5,113,137.0,146.61599731445312
ims,2,ridge_ensemble,5,114,136.0,145.62835693359375
ims,2,ridge_ensemble,5,115,135.0,144.4102325439453
ims,2,ridge_ensemble,5,116,134.0,143.3585205078125
ims,2,ridge_ensemble,5,117,133.0,142.25454711914062
ims,2,ridge_ensemble,5,118,132.0,141.13063049316406
ims,2,ridge_ensemble,5,119,131.0,140.0065460205078
ims,2,ridge_ensemble,5,120,130.0,139.03799438476562
ims,2,ridge_ensemble,5,121,129.0,137.90892028808594
ims,2,ridge_ensemble,5,122,128.0,136.91969299316406
ims,2,ridge_ensemble,5,123,127.00000762939453,135.7589569091797
ims,2,ridge_ensemble,5,124,126.0,134.6819610595703
ims,2,ridge_ensemble,5,125,125.0,133.60107421875
ims,2,ridge_ensemble,5,126,124.00000762939453,132.44647216796875
ims,2,ridge_ensemble,5,127,123.0,131.39512634277344
ims,2,ridge_ensemble,5,128,122.0,130.45008850097656
ims,2,ridge_ensemble,5,129,121.00000762939453,129.18817138671875
ims,2,ridge_ensemble,5,130,120.0,128.19175720214844
ims,2,ridge_ensemble,5,131,119.0,126.98297119140625
ims,2,ridge_ensemble,5,132,118.00000762939453,125.93929290771484
ims,2,ridge_ensemble,5,133,117.0,124.81554412841797
ims,2,ridge_ensemble,5,134,116.0,123.82044219970703
ims,2,ridge_ensemble,5,135,115.0,122.866943359375
ims,2,ridge_ensemble,5,136,114.0,121.6623764038086
ims,2,ridge_ensemble,5,137,113.0,120.3934097290039
ims,2,ridge_ensemble,5,138,112.0,119.46842956542969
ims,2,ridge_ensemble,5,139,111.0,118.37992858886719
ims,2,ridge_ensemble,5,140,110.0,117.17803955078125
ims,2,ridge_ensemble,5,141,109.0,116.1467514038086
ims,2,ridge_ensemble,5,142,108.0,115.10147857666016
ims,2,ridge_ensemble,5,143,107.0,113.93870544433594
ims,2,ridge_ensemble,5,144,106.0,112.88119506835938
ims,2,ridge_ensemble,5,145,105.0,111.87001037597656
ims,2,ridge_ensemble,5,146,104.0,110.6443862915039
ims,2,ridge_ensemble,5,147,103.0,109.75830078125
ims,2,ridge_ensemble,5,148,102.0,108.53701782226562
ims,2,ridge_ensemble,5,149,101.0,107.4838638305664
ims,2,ridge_ensemble,5,150,100.0,106.3485107421875
ims,2,ridge_ensemble,5,151,99.0,105.26909637451172
ims,2,ridge_ensemble,5,152,98.0,104.2840805053711
ims,2,ridge_ensemble,5,153,97.0,103.185791015625
ims,2,ridge_ensemble,5,154,96.0,101.91981506347656
ims,2,ridge_ensemble,5,155,95.0,100.96392059326172
ims,2,ridge_ensemble,5,156,94.0,99.79790496826172
ims,2,ridge_ensemble,5,157,93.0,98.73772430419922
ims,2,ridge_ensemble,5,158,92.0,97.79319763183594
ims,2,ridge_ensemble,5,159,91.0,96.55351257324219
ims,2,ridge_ensemble,5,160,90.0,95.50791931152344
ims,2,ridge_ensemble,5,161,89.0,94.39277648925781
ims,2,ridge_ensemble,5,162,88.0,93.24063873291016
ims,2,ridge_ensemble,5,163,87.0,92.23998260498047
ims,2,ridge_ensemble,5,164,86.0,91.13844299316406
ims,2,ridge_ensemble,5,165,85.0,90.13681030273438
ims,2,ridge_ensemble,5,166,84.0,89.07845306396484
ims,2,ridge_ensemble,5,167,83.0,87.92570495605469
ims,2,ridge_ensemble,5,168,82.0,86.75746154785156
ims,2,ridge_ensemble,5,169,81.0,85.82173156738281
ims,2,ridge_ensemble,5,170,80.0,84.64376068115234
ims,2,ridge_ensemble,5,171,79.0,83.58148956298828
ims,2,ridge_ensemble,5,172,78.0,82.45592498779297
ims,2,ridge_ensemble,5,173,77.0,81.25599670410156
ims,2,ridge_ensemble,5,174,76.0,80.17134094238281
ims,2,ridge_ensemble,5,175,75.0,79.18379211425781
ims,2,ridge_ensemble,5,176,74.0,78.1107177734375
ims,2,ridge_ensemble,5,177,73.0,77.0682373046875
ims,2,ridge_ensemble,5,178,72.0,75.94365692138672
ims,2,ridge_ensemble,5,179,71.0,74.76909637451172
ims,2,ridge_ensemble,5,180,70.0,73.90231323242188
ims,2,ridge_ensemble,5,181,69.0,72.5010986328125
ims,2,ridge_ensemble,5,182,68.0,71.42127990722656
ims,2,ridge_ensemble,5,183,67.0,70.29309844970703
ims,2,ridge_ensemble,5,184,66.0,69.23196411132812
ims,2,ridge_ensemble,5,185,65.0,68.3414535522461
ims,2,ridge_ensemble,5,186,64.0,67.00684356689453
ims,2,ridge_ensemble,5,187,63.0,66.05859375
ims,2,ridge_ensemble,5,188,62.000003814697266,64.85295867919922
ims,2,ridge_ensemble,5,189,61.0,63.923133850097656
ims,2,ridge_ensemble,5,190,60.0,62.71078872680664
ims,2,ridge_ensemble,5,191,59.000003814697266,61.72825622558594
ims,2,ridge_ensemble,5,192,58.0,60.52708053588867
ims,2,ridge_ensemble,5,193,57.0,59.35841369628906
ims,2,ridge_ensemble,5,194,56.0,58.34899139404297
ims,2,ridge_ensemble,5,195,55.0,57.2235221862793
ims,2,ridge_ensemble,5,196,54.0,56.085731506347656
ims,2,ridge_ensemble,5,197,53.0,55.12815475463867
ims,2,ridge_ensemble,5,198,52.0,53.98031234741211
ims,2,ridge_ensemble,5,199,51.0,52.86479187011719
ims,2,ridge_ensemble,5,200,50.0,51.747798919677734
ims,2,ridge_ensemble,5,201,49.0,50.603511810302734
ims,2,ridge_ensemble,5,202,48.0,49.46611785888672
ims,2,ridge_ensemble,5,203,47.0,48.54728317260742
ims,2,ridge_ensemble,5,204,46.0,47.319854736328125
ims,2,ridge_ensemble,5,205,45.0,46.21768569946289
ims,2,ridge_ensemble,5,206,44.0,45.18406295776367
ims,2,ridge_ensemble,5,207,43.0,44.24028778076172
ims,2,ridge_ensemble,5,208,42.0,43.06389617919922
ims,2,ridge_ensemble,5,209,41.0,42.04555892944336
ims,2,ridge_ensemble,5,210,40.0,40.882991790771484
ims,2,ridge_ensemble,5,211,39.0,39.763465881347656
ims,2,ridge_ensemble,5,212,38.0,38.69523620605469
ims,2,ridge_ensemble,5,213,37.0,37.55527877807617
ims,2,ridge_ensemble,5,214,36.0,36.479496002197266
ims,2,ridge_ensemble,5,215,35.0,35.30288314819336
ims,2,ridge_ensemble,5,216,34.0,34.40126419067383
ims,2,ridge_ensemble,5,217,33.0,33.223236083984375
ims,2,ridge_ensemble,5,218,32.0,32.16248321533203
ims,2,ridge_ensemble,5,219,31.000001907348633,31.083723068237305
ims,2,ridge_ensemble,5,220,30.0,29.855972290039062
ims,2,ridge_ensemble,5,221,29.0,28.918968200683594
ims,2,ridge_ensemble,5,222,28.0,27.781282424926758
ims,2,ridge_ensemble,5,223,27.0,26.621023178100586
ims,2,ridge_ensemble,5,224,26.0,25.541397094726562
ims,2,ridge_ensemble,5,225,25.0,24.4686279296875
ims,2,ridge_ensemble,5,226,24.0,23.3651180267334
ims,2,ridge_ensemble,5,227,23.0,22.340505599975586
ims,2,ridge_ensemble,5,228,22.0,21.232654571533203
ims,2,ridge_ensemble,5,229,21.0,20.065412521362305
ims,2,ridge_ensemble,5,230,20.0,19.08808708190918
ims,2,ridge_ensemble,5,231,19.0,17.957595825195312
ims,2,ridge_ensemble,5,232,18.0,16.935232162475586
ims,2,ridge_ensemble,5,233,17.0,15.661751747131348
ims,2,ridge_ensemble,5,234,16.0,14.649535179138184
ims,2,ridge_ensemble,5,235,15.0,13.533669471740723
ims,2,ridge_ensemble,5,236,14.0,12.526578903198242
ims,2,ridge_ensemble,5,237,13.0,11.342850685119629
ims,2,ridge_ensemble,5,238,12.0,10.404167175292969
ims,2,ridge_ensemble,5,239,11.0,9.127775192260742
ims,2,ridge_ensemble,5,240,10.0,8.07434368133545
ims,2,ridge_ensemble,5,241,9.0,6.8454132080078125
ims,2,ridge_ensemble,5,242,8.0,5.939690113067627
ims,2,ridge_ensemble,5,243,7.0,4.690126419067383
ims,2,ridge_ensemble,5,244,6.0,3.740952253341675
ims,2,ridge_ensemble,5,245,5.0,2.4790990352630615
ims,2,ridge_ensemble,5,246,4.0,1.6048543453216553
ims,2,ridge_ensemble,5,247,3.0,0.3195715844631195
ims,2,ridge_ensemble,5,248,2.0,0.0
ims,2,ridge_ensemble,5,249,1.0,0.0
ims,2,ridge_ensemble,5,250,0.0,0.0
ims,2,ridge_ensemble,5,251,0.0,0.0
ims,2,ridge_ensemble,5,252,0.0,0.0
ims,2,ridge_ensemble,5,253,0.0,0.0
ims,2,ridge_ensemble,5,254,0.0,0.0
ims,2,ridge_ensemble,5,255,0.0,0.0
ims,2,ridge_ensemble,5,256,0.0,0.0
ims,2,ridge_ensemble,5,257,0.0,0.0
ims,2,ridge_ensemble,5,258,0.0,0.0
ims,2,ridge_ensemble,5,259,0.0,0.0
ims,2,ridge_ensemble,5,260,0.0,0.0
ims,2,ridge_ensemble,5,261,0.0,0.0
ims,2,ridge_ensemble,5,262,0.0,0.0
ims,2,ridge_ensemble,5,263,0.0,0.0
ims,2,ridge_ensemble,5,264,0.0,0.0
ims,2,ridge_ensemble,5,265,0.0,0.0
ims,2,ridge_ensemble,5,266,0.0,0.0
ims,2,ridge_ensemble,5,267,0.0,0.0
ims,2,ridge_ensemble,5,268,0.0,0.0
ims,2,ridge_ensemble,5,269,0.0,0.0
ims,2,ridge_ensemble,5,270,0.0,0.0
ims,2,ridge_ensemble,5,271,0.0,0.0
ims,2,ridge_ensemble,5,272,0.0,0.0
ims,2,ridge_ensemble,5,273,0.0,0.0
ims,2,ridge_ensemble,5,274,0.0,0.0
ims,2,ridge_ensemble,5,275,0.0,0.0
ims,2,ridge_ensemble,5,276,0.0,0.0
ims,2,ridge_ensemble,5,277,0.0,0.0
ims,2,ridge_ensemble,5,278,0.0,0.0
ims,2,ridge_ensemble,5,279,0.0,0.0
ims,2,ridge_ensemble,5,280,0.0,0.0
ims,2,ridge_ensemble,5,281,0.0,0.0
ims,2,ridge_ensemble,5,282,0.0,0.0
ims,2,ridge_ensemble,5,283,0.0,0.0
ims,2,ridge_ensemble,5,284,0.0,0.0
ims,2,ridge_ensemble,5,285,0.0,0.0
ims,2,ridge_ensemble,5,286,0.0,0.0
ims,2,ridge_ensemble,5,287,0.0,0.0
ims,2,ridge_ensemble,5,288,0.0,0.0
ims,2,ridge_ensemble,5,289,0.0,0.0
ims,2,ridge_ensemble,5,290,0.0,0.0
ims,2,ridge_ensemble,5,291,0.0,0.0
ims,2,ridge_ensemble,5,292,0.0,0.0
ims,2,ridge_ensemble,5,293,0.0,0.0
ims,2,ridge_ensemble,5,294,0.0,0.0
ims,2,ridge_ensemble,5,295,0.0,0.0
ims,2,ridge_ensemble,5,296,0.0,0.0
ims,2,ridge_ensemble,5,297,0.0,0.0
ims,2,ridge_ensemble,5,298,0.0,0.0
ims,2,ridge_ensemble,5,299,0.0,0.0
ims,3,transfer_ensemble,5,19,231.0,217.78427124023438
ims,3,transfer_ensemble,5,20,230.0,216.3564910888672
ims,3,transfer_ensemble,5,21,229.0,216.05575561523438
ims,3,transfer_ensemble,5,22,228.0,216.58230590820312
ims,3,transfer_ensemble,5,23,227.0,217.7094268798828
ims,3,transfer_ensemble,5,24,226.0,218.04434204101562
ims,3,transfer_ensemble,5,25,225.0,217.15713500976562
ims,3,transfer_ensemble,5,26,224.0,216.50888061523438
ims,3,transfer_ensemble,5,27,223.0,216.68069458007812
ims,3,transfer_ensemble,5,28,222.0,216.9668426513672
ims,3,transfer_ensemble,5,29,221.0,217.18447875976562
ims,3,transfer_ensemble,5,30,220.0,216.84567260742188
ims,3,transfer_ensemble,5,31,219.0,217.2361297607422
ims,3,transfer_ensemble,5,32,218.0,217.37686157226562
ims,3,transfer_ensemble,5,33,217.0,215.34713745117188
ims,3,transfer_ensemble,5,34,216.0,215.05850219726562
ims,3,transfer_ensemble,5,35,215.0,212.14260864257812
ims,3,transfer_ensemble,5,36,214.0,212.2880096435547
ims,3,transfer_ensemble,5,37,213.0,213.66952514648438
ims,3,transfer_ensemble,5,38,212.0,214.1094207763672
ims,3,transfer_ensemble,5,39,211.0,213.26663208007812
ims,3,transfer_ensemble,5,40,210.0,213.5172882080078
ims,3,transfer_ensemble,5,41,209.0,214.7567138671875
ims,3,transfer_ensemble,5,42,208.0,214.63601684570312
ims,3,transfer_ensemble,5,43,207.0,213.49685668945312
ims,3,transfer_ensemble,5,44,206.0,212.99853515625
ims,3,transfer_ensemble,5,45,205.0,213.05224609375
ims,3,transfer_ensemble,5,46,204.0,211.22482299804688
ims,3,transfer_ensemble,5,47,203.0,213.26748657226562
ims,3,transfer_ensemble,5,48,202.0,212.2616729736328
ims,3,transfer_ensemble,5,49,201.0,210.16567993164062
ims,3,transfer_ensemble,5,50,200.0,210.845458984375
ims,3,transfer_ensemble,5,51,199.0,212.4651336669922
ims,3,transfer_ensemble,5,52,198.0,208.36227416992188
ims,3,transfer_ensemble,5,53,197.0,208.78890991210938
ims,3,transfer_ensemble,5,54,196.0,210.2077178955078
ims,3,transfer_ensemble,5,55,195.0,211.5426025390625
ims,3,transfer_ensemble,5,56,194.0,210.8335418701172
ims,3,transfer_ensemble,5,57,193.0,210.34402465820312
ims,3,transfer_ensemble,5,58,192.0,208.9480438232422
ims,3,transfer_ensemble,5,59,191.0,206.5629119873047
ims,3,transfer_ensemble,5,60,190.0,207.9242706298828
ims,3,transfer_ensemble,5,61,189.0,209.8868408203125
ims,3,transfer_ensemble,5,62,188.0,210.21328735351562
ims,3,transfer_ensemble,5,63,187.0,210.59738159179688
ims,3,transfer_ensemble,5,64,186.0,209.3072509765625
ims,3,transfer_ensemble,5,65,185.0,208.6689453125
ims,3,transfer_ensemble,5,66,184.0,209.405517578125
ims,3,transfer_ensemble,5,67,183.0,206.1191864013672
ims,3,transfer_ensemble,5,68,182.0,206.49673461914062
ims,3,transfer_ensemble,5,69,181.0,207.48422241210938
ims,3,transfer_ensemble,5,70,180.0,204.34030151367188
ims,3,transfer_ensemble,5,71,179.0,207.34585571289062
ims,3,transfer_ensemble,5,72,178.0,205.0
ims,3,transfer_ensemble,5,73,177.0,204.45498657226562
ims,3,transfer_ensemble,5,74,176.0,206.22079467773438
ims,3,transfer_ensemble,5,75,175.0,202.37310791015625
ims,3,transfer_ensemble,5,76,174.0,204.37545776367188
ims,3,transfer_ensemble,5,77,173.0,204.1791534423828
ims,3,transfer_ensemble,5,78,172.0,203.8810577392578
ims,3,transfer_ensemble,5,79,171.0,203.88177490234375
ims,3,transfer_ensemble,5,80,170.0,202.14857482910156
ims,3,transfer_ensemble,5,81,169.0,201.60250854492188
ims,3,transfer_ensemble,5,82,168.0,202.87124633789062
ims,3,transfer_ensemble,5,83,167.0,200.0242156982422
ims,3,transfer_ensemble,5,84,166.0,200.5225830078125
ims,3,transfer_ensemble,5,85,165.0,198.9998016357422
ims,3,transfer_ensemble,5,86,164.0,196.3601531982422
ims,3,transfer_ensemble,5,87,163.0,194.11749267578125
ims,3,transfer_ensemble,5,88,162.0,196.0904083251953
ims,3,transfer_ensemble,5,89,161.0,196.55313110351562
ims,3,transfer_ensemble,5,90,160.0,197.09068298339844
ims,3,transfer_ensemble,5,91,159.0,198.73306274414062
ims,3,transfer_ensemble,5,92,158.0,195.5442657470703
ims,3,transfer_ensemble,5,93,157.0,194.26596069335938
ims,3,transfer_ensemble,5,94,156.0,196.35330200195312
ims,3,transfer_ensemble,5,95,155.0,194.29019165039062
ims,3,transfer_ensemble,5,96,154.0,191.0629425048828
ims,3,transfer_ensemble,5,97,153.0,190.41873168945312
ims,3,transfer_ensemble,5,98,152.0,190.0533447265625
ims,3,transfer_ensemble,5,99,151.0,191.30105590820312
ims,3,transfer_ensemble,5,100,150.0,191.49551391601562
ims,3,transfer_ensemble,5,101,149.0,190.9812774658203
ims,3,transfer_ensemble,5,102,148.0,187.13429260253906
ims,3,transfer_ensemble,5,103,147.0,186.00662231445312
ims,3,transfer_ensemble,5,104,146.0,183.1862335205078
ims,3,transfer_ensemble,5,105,145.0,179.8596954345703
ims,3,transfer_ensemble,5,106,144.0,181.64414978027344
ims,3,transfer_ensemble,5,107,143.0,177.9610595703125
ims,3,transfer_ensemble,5,108,142.0,174.34024047851562
ims,3,transfer_ensemble,5,109,141.0,172.02699279785156
ims,3,transfer_ensemble,5,110,140.0,175.00111389160156
ims,3,transfer_ensemble,5,111,139.0,178.7417755126953
ims,3,transfer_ensemble,5,112,138.0,180.5705108642578
ims,3,transfer_ensemble,5,113,137.0,178.73878479003906
ims,3,transfer_ensemble,5,114,136.0,168.4278564453125
ims,3,transfer_ensemble,5,115,135.0,169.51193237304688
ims,3,transfer_ensemble,5,116,134.0,169.3594207763672
ims,3,transfer_ensemble,5,117,133.0,164.93240356445312
ims,3,transfer_ensemble,5,118,132.0,165.88966369628906
ims,3,transfer_ensemble,5,119,131.0,163.61270141601562
ims,3,transfer_ensemble,5,120,130.0,158.3494873046875
ims,3,transfer_ensemble,5,121,129.0,159.98899841308594
ims,3,transfer_ensemble,5,122,128.0,160.63333129882812
ims,3,transfer_ensemble,5,123,127.00000762939453,163.31265258789062
ims,3,transfer_ensemble,5,124,126.0,154.96697998046875
ims,3,transfer_ensemble,5,125,125.0,154.4595947265625
ims,3,transfer_ensemble,5,126,124.00000762939453,155.65432739257812
ims,3,transfer_ensemble,5,127,123.0,152.4765625
ims,3,transfer_ensemble,5,128,122.0,146.41952514648438
ims,3,transfer_ensemble,5,129,121.00000762939453,146.5536346435547
ims,3,transfer_ensemble,5,130,120.0,147.39877319335938
ims,3,transfer_ensemble,5,131,119.0,145.52880859375
ims,3,transfer_ensemble,5,132,118.00000762939453,135.4526824951172
ims,3,transfer_ensemble,5,133,117.0,133.68569946289062
ims,3,transfer_ensemble,5,134,116.0,134.35830688476562
ims,3,transfer_ensemble,5,135,115.0,134.19168090820312
ims,3,transfer_ensemble,5,136,114.0,132.42556762695312
ims,3,transfer_ensemble,5,137,113.0,127.8078384399414
ims,3,transfer_ensemble,5,138,112.0,120.28825378417969
ims,3,transfer_ensemble,5,139,111.0,125.59212493896484
ims,3,transfer_ensemble,5,140,110.0,120.32706451416016
ims,3,transfer_ensemble,5,141,109.0,126.72216796875
ims,3,transfer_ensemble,5,142,108.0,128.44924926757812
ims,3,transfer_ensemble,5,143,107.0,115.23847961425781
ims,3,transfer_ensemble,5,144,106.0,116.74940490722656
ims,3,transfer_ensemble,5,145,105.0,117.50764465332031
ims,3,transfer_ensemble,5,146,104.0,115.3927993774414
ims,3,transfer_ensemble,5,147,103.0,119.58308410644531
ims,3,transfer_ensemble,5,148,102.0,119.75724792480469
ims,3,transfer_ensemble,5,149,101.0,120.12005615234375
ims,3,transfer_ensemble,5,150,100.0,116.00416564941406
ims,3,transfer_ensemble,5,151,99.0,112.01041412353516
ims,3,transfer_ensemble,5,152,98.0,109.5700454711914
ims,3,transfer_ensemble,5,153,97.0,107.38423156738281
ims,3,transfer_ensemble,5,154,96.0,103.49934387207031
ims,3,transfer_ensemble,5,155,95.0,104.61286926269531
ims,3,transfer_ensemble,5,156,94.0,102.1895980834961
ims,3,transfer_ensemble,5,157,93.0,99.63606262207031
ims,3,transfer_ensemble,5,158,92.0,97.23600769042969
ims,3,transfer_ensemble,5,159,91.0,95.84504699707031
ims,3,transfer_ensemble,5,160,90.0,95.84541320800781
ims,3,transfer_ensemble,5,161,89.0,93.32255554199219
ims,3,transfer_ensemble,5,162,88.0,92.97377014160156
ims,3,transfer_ensemble,5,163,87.0,92.603515625
ims,3,transfer_ensemble,5,164,86.0,93.85053253173828
ims,3,transfer_ensemble,5,165,85.0,90.41706848144531
ims,3,transfer_ensemble,5,166,84.0,93.66446685791016
ims,3,transfer_ensemble,5,167,83.0,90.45947265625
ims,3,transfer_ensemble,5,168,82.0,90.08772277832031
ims,3,transfer_ensemble,5,169,81.0,86.15018463134766
ims,3,transfer_ensemble,5,170,80.0,83.98673248291016
ims,3,transfer_ensemble,5,171,79.0,84.68733215332031
ims,3,transfer_ensemble,5,172,78.0,82.71998596191406
ims,3,transfer_ensemble,5,173,77.0,76.67059326171875
ims,3,transfer_ensemble,5,174,76.0,77.520263671875
ims,3,transfer_ensemble,5,175,75.0,77.56937408447266
ims,3,transfer_ensemble,5,176,74.0,78.37644958496094
ims,3,transfer_ensemble,5,177,73.0,76.6088638305664
ims,3,transfer_ensemble,5,178,72.0,75.12666320800781
ims,3,transfer_ensemble,5,179,71.0,74.80610656738281
ims,3,transfer_ensemble,5,180,70.0,75.16700744628906
ims,3,transfer_ensemble,5,181,69.0,73.2243423461914
ims,3,transfer_ensemble,5,182,68.0,70.75920104980469
ims,3,transfer_ensemble,5,183,67.0,70.52513122558594
ims,3,transfer_ensemble,5,184,66.0,68.95952606201172
ims,3,transfer_ensemble,5,185,65.0,68.5840072631836
ims,3,transfer_ensemble,5,186,64.0,66.04683685302734
ims,3,transfer_ensemble,5,187,63.0,65.11003112792969
ims,3,transfer_ensemble,5,188,62.000003814697266,63.0297966003418
ims,3,transfer_ensemble,5,189,61.0,62.56421661376953
ims,3,transfer_ensemble,5,190,60.0,60.86376190185547
ims,3,transfer_ensemble,5,191,59.000003814697266,60.1777458190918
ims,3,transfer_ensemble,5,192,58.0,59.407989501953125
ims,3,transfer_ensemble,5,193,57.0,57.27849197387695
ims,3,transfer_ensemble,5,194,56.0,58.09856033325195
ims,3,transfer_ensemble,5,195,55.0,56.8085823059082
ims,3,transfer_ensemble,5,196,54.0,56.27150344848633
ims,3,transfer_ensemble,5,197,53.0,55.7211799621582
ims,3,transfer_ensemble,5,198,52.0,53.686126708984375
ims,3,transfer_ensemble,5,199,51.0,51.99390411376953
ims,3,transfer_ensemble,5,200,50.0,50.32908630371094
ims,3,transfer_ensemble,5,201,49.0,49.382625579833984
ims,3,transfer_ensemble,5,202,48.0,48.46928024291992
ims,3,transfer_ensemble,5,203,47.0,47.0711784362793
ims,3,transfer_ensemble,5,204,46.0,45.90748977661133
ims,3,transfer_ensemble,5,205,45.0,44.53160858154297
ims,3,transfer_ensemble,5,206,44.0,44.53683090209961
ims,3,transfer_ensemble,5,207,43.0,43.047515869140625
ims,3,transfer_ensemble,5,208,42.0,41.80086898803711
ims,3,transfer_ensemble,5,209,41.0,40.53583908081055
ims,3,transfer_ensemble,5,210,40.0,39.66650390625
ims,3,transfer_ensemble,5,211,39.0,38.27251434326172
ims,3,transfer_ensemble,5,212,38.0,37.5926513671875
ims,3,transfer_ensemble,5,213,37.0,36.801719665527344
ims,3,transfer_ensemble,5,214,36.0,36.13357162475586
ims,3,transfer_ensemble,5,215,35.0,34.88532257080078
ims,3,transfer_ensemble,5,216,34.0,33.4837760925293
ims,3,transfer_ensemble,5,217,33.0,33.4938850402832
ims,3,transfer_ensemble,5,218,32.0,33.096641540527344
ims,3,transfer_ensemble,5,219,31.000001907348633,32.35565948486328
ims,3,transfer_ensemble,5,220,30.0,30.499431610107422
ims,3,transfer_ensemble,5,221,29.0,30.602764129638672
ims,3,transfer_ensemble,5,222,28.0,29.590282440185547
ims,3,transfer_ensemble,5,223,27.0,28.740320205688477
ims,3,transfer_ensemble,5,224,26.0,26.61722755432129
ims,3,transfer_ensemble,5,225,25.0,25.662057876586914
ims,3,transfer_ensemble,5,226,24.0,24.81368064880371
ims,3,transfer_ensemble,5,227,23.0,24.7962646484375
ims,3,transfer_ensemble,5,228,22.0,24.10743522644043
ims,3,transfer_ensemble,5,229,21.0,22.55673599243164
ims,3,transfer_ensemble,5,230,20.0,21.67584991455078
ims,3,transfer_ensemble,5,231,19.0,21.22659683227539
ims,3,transfer_ensemble,5,232,18.0,20.419246673583984
ims,3,transfer_ensemble,5,233,17.0,20.078426361083984
ims,3,transfer_ensemble,5,234,16.0,19.241287231445312
ims,3,transfer_ensemble,5,235,15.0,18.918476104736328
ims,3,transfer_ensemble,5,236,14.0,18.381145477294922
ims,3,transfer_ensemble,5,237,13.0,17.841632843017578
ims,3,transfer_ensemble,5,238,12.0,18.280508041381836
ims,3,transfer_ensemble,5,239,11.0,17.288131713867188
ims,3,transfer_ensemble,5,240,10.0,16.757579803466797
ims,3,transfer_ensemble,5,241,9.0,16.160676956176758
ims,3,transfer_ensemble,5,242,8.0,15.445089340209961
ims,3,transfer_ensemble,5,243,7.0,15.023096084594727
ims,3,transfer_ensemble,5,244,6.0,14.313298225402832
ims,3,transfer_ensemble,5,245,5.0,13.274068832397461
ims,3,transfer_ensemble,5,246,4.0,12.811144828796387
ims,3,transfer_ensemble,5,247,3.0,12.246426582336426
ims,3,transfer_ensemble,5,248,2.0,12.127291679382324
ims,3,transfer_ensemble,5,249,1.0,11.315549850463867
ims,3,transfer_ensemble,5,250,0.0,10.520666122436523
ims,3,transfer_ensemble,5,251,0.0,10.26236343383789
ims,3,transfer_ensemble,5,252,0.0,9.498586654663086
ims,3,transfer_ensemble,5,253,0.0,8.961663246154785
ims,3,transfer_ensemble,5,254,0.0,8.623052597045898
ims,3,transfer_ensemble,5,255,0.0,8.793573379516602
ims,3,transfer_ensemble,5,256,0.0,8.374444007873535
ims,3,transfer_ensemble,5,257,0.0,8.728171348571777
ims,3,transfer_ensemble,5,258,0.0,8.39498233795166
ims,3,transfer_ensemble,5,259,0.0,8.692773818969727
ims,3,transfer_ensemble,5,260,0.0,8.278553009033203
ims,3,transfer_ensemble,5,261,0.0,8.1841402053833
ims,3,transfer_ensemble,5,262,0.0,8.350369453430176
ims,3,transfer_ensemble,5,263,0.0,7.571512699127197
ims,3,transfer_ensemble,5,264,0.0,7.395544528961182
ims,3,transfer_ensemble,5,265,0.0,7.512031555175781
ims,3,transfer_ensemble,5,266,0.0,7.347801208496094
ims,3,transfer_ensemble,5,267,0.0,6.4359941482543945
ims,3,transfer_ensemble,5,268,0.0,6.982874393463135
ims,3,transfer_ensemble,5,269,0.0,7.0933637619018555
ims,3,transfer_ensemble,5,270,0.0,7.28961706161499
ims,3,transfer_ensemble,5,271,0.0,7.497461795806885
ims,3,transfer_ensemble,5,272,0.0,7.33188009262085
ims,3,transfer_ensemble,5,273,0.0,7.026082515716553
ims,3,transfer_ensemble,5,274,0.0,7.037181854248047
ims,3,transfer_ensemble,5,275,0.0,7.463459014892578
ims,3,transfer_ensemble,5,276,0.0,7.596734523773193
ims,3,transfer_ensemble,5,277,0.0,7.527895450592041
ims,3,transfer_ensemble,5,278,0.0,7.7081618309021
ims,3,transfer_ensemble,5,279,0.0,7.8965559005737305
ims,3,transfer_ensemble,5,280,0.0,8.171220779418945
ims,3,transfer_ensemble,5,281,0.0,8.147829055786133
ims,3,transfer_ensemble,5,282,0.0,8.218916893005371
ims,3,transfer_ensemble,5,283,0.0,8.362005233764648
ims,3,transfer_ensemble,5,284,0.0,8.595491409301758
ims,3,transfer_ensemble,5,285,0.0,8.294376373291016
ims,3,transfer_ensemble,5,286,0.0,8.675403594970703
ims,3,transfer_ensemble,5,287,0.0,9.069048881530762
ims,3,transfer_ensemble,5,288,0.0,9.313053131103516
ims,3,transfer_ensemble,5,289,0.0,9.800210952758789
ims,3,transfer_ensemble,5,290,0.0,10.442584037780762
ims,3,transfer_ensemble,5,291,0.0,10.671977996826172
ims,3,transfer_ensemble,5,292,0.0,11.364778518676758
ims,3,transfer_ensemble,5,293,0.0,11.78748893737793
ims,3,transfer_ensemble,5,294,0.0,11.86408519744873
ims,3,transfer_ensemble,5,295,0.0,12.537124633789062
ims,3,transfer_ensemble,5,296,0.0,13.065404891967773
ims,3,transfer_ensemble,5,297,0.0,13.693713188171387
ims,3,transfer_ensemble,5,298,0.0,14.22302532196045
ims,3,transfer_ensemble,5,299,0.0,14.674095153808594
ims,3,frozen_encoder_ensemble,5,19,231.0,210.3033447265625
ims,3,frozen_encoder_ensemble,5,20,230.0,209.45095825195312
ims,3,frozen_encoder_ensemble,5,21,229.0,209.3434295654297
ims,3,frozen_encoder_ensemble,5,22,228.0,209.70950317382812
ims,3,frozen_encoder_ensemble,5,23,227.0,210.43508911132812
ims,3,frozen_encoder_ensemble,5,24,226.0,210.6239776611328
ims,3,frozen_encoder_ensemble,5,25,225.0,210.1345977783203
ims,3,frozen_encoder_ensemble,5,26,224.0,209.77175903320312
ims,3,frozen_encoder_ensemble,5,27,223.0,209.84585571289062
ims,3,frozen_encoder_ensemble,5,28,222.0,209.99560546875
ims,3,frozen_encoder_ensemble,5,29,221.0,210.09243774414062
ims,3,frozen_encoder_ensemble,5,30,220.0,209.9327392578125
ims,3,frozen_encoder_ensemble,5,31,219.0,210.18319702148438
ims,3,frozen_encoder_ensemble,5,32,218.0,210.2815704345703
ims,3,frozen_encoder_ensemble,5,33,217.0,208.9770050048828
ims,3,frozen_encoder_ensemble,5,34,216.0,208.82742309570312
ims,3,frozen_encoder_ensemble,5,35,215.0,206.8871307373047
ims,3,frozen_encoder_ensemble,5,36,214.0,207.1198272705078
ims,3,frozen_encoder_ensemble,5,37,213.0,208.0507354736328
ims,3,frozen_encoder_ensemble,5,38,212.0,208.39437866210938
ims,3,frozen_encoder_ensemble,5,39,211.0,207.87551879882812
ims,3,frozen_encoder_ensemble,5,40,210.0,208.0519256591797
ims,3,frozen_encoder_ensemble,5,41,209.0,208.78121948242188
ims,3,frozen_encoder_ensemble,5,42,208.0,208.7192840576172
ims,3,frozen_encoder_ensemble,5,43,207.0,207.9575958251953
ims,3,frozen_encoder_ensemble,5,44,206.0,207.67587280273438
ims,3,frozen_encoder_ensemble,5,45,205.0,207.6743621826172
ims,3,frozen_encoder_ensemble,5,46,204.0,206.47607421875
ims,3,frozen_encoder_ensemble,5,47,203.0,207.76553344726562
ims,3,frozen_encoder_ensemble,5,48,202.0,207.08352661132812
ims,3,frozen_encoder_ensemble,5,49,201.0,205.74148559570312
ims,3,frozen_encoder_ensemble,5,50,200.0,206.2996063232422
ims,3,frozen_encoder_ensemble,5,51,199.0,207.3159637451172
ims,3,frozen_encoder_ensemble,5,52,198.0,204.34036254882812
ims,3,frozen_encoder_ensemble,5,53,197.0,204.8041229248047
ims,3,frozen_encoder_ensemble,5,54,196.0,205.6822509765625
ims,3,frozen_encoder_ensemble,5,55,195.0,206.4785614013672
ims,3,frozen_encoder_ensemble,5,56,194.0,206.0261993408203
ims,3,frozen_encoder_ensemble,5,57,193.0,205.7722930908203
ims,3,frozen_encoder_ensemble,5,58,192.0,204.8155517578125
ims,3,frozen_encoder_ensemble,5,59,191.0,203.25967407226562
ims,3,frozen_encoder_ensemble,5,60,190.0,204.3191680908203
ims,3,frozen_encoder_ensemble,5,61,189.0,205.59457397460938
ims,3,frozen_encoder_ensemble,5,62,188.0,205.72207641601562
ims,3,frozen_encoder_ensemble,5,63,187.0,206.0052032470703
ims,3,frozen_encoder_ensemble,5,64,186.0,205.17398071289062
ims,3,frozen_encoder_ensemble,5,65,185.0,204.7630157470703
ims,3,frozen_encoder_ensemble,5,66,184.0,205.2458953857422
ims,3,frozen_encoder_ensemble,5,67,183.0,202.99066162109375
ims,3,frozen_encoder_ensemble,5,68,182.0,203.4069061279297
ims,3,frozen_encoder_ensemble,5,69,181.0,203.89248657226562
ims,3,frozen_encoder_ensemble,5,70,180.0,201.6603240966797
ims,3,frozen_encoder_ensemble,5,71,179.0,203.48959350585938
ims,3,frozen_encoder_ensemble,5,72,178.0,201.90017700195312
ims,3,frozen_encoder_ensemble,5,73,177.0,201.56886291503906
ims,3,frozen_encoder_ensemble,5,74,176.0,202.78060913085938
ims,3,frozen_encoder_ensemble,5,75,175.0,200.16859436035156
ims,3,frozen_encoder_ensemble,5,76,174.0,201.68052673339844
ims,3,frozen_encoder_ensemble,5,77,173.0,201.41128540039062
ims,3,frozen_encoder_ensemble,5,78,172.0,201.2403106689453
ims,3,frozen_encoder_ensemble,5,79,171.0,201.2808837890625
ims,3,frozen_encoder_ensemble,5,80,170.0,200.16439819335938
ims,3,frozen_encoder_ensemble,5,81,169.0,199.79185485839844
ims,3,frozen_encoder_ensemble,5,82,168.0,200.6343231201172
ims,3,frozen_encoder_ensemble,5,83,167.0,198.45361328125
ims,3,frozen_encoder_ensemble,5,84,166.0,198.8919219970703
ims,3,frozen_encoder_ensemble,5,85,165.0,197.89846801757812
ims,3,frozen_encoder_ensemble,5,86,164.0,196.01449584960938
ims,3,frozen_encoder_ensemble,5,87,163.0,194.4494171142578
ims,3,frozen_encoder_ensemble,5,88,162.0,195.9805145263672
ims,3,frozen_encoder_ensemble,5,89,161.0,196.30288696289062
ims,3,frozen_encoder_ensemble,5,90,160.0,196.6579132080078
ims,3,frozen_encoder_ensemble,5,91,159.0,197.67977905273438
ims,3,frozen_encoder_ensemble,5,92,158.0,194.99710083007812
ims,3,frozen_encoder_ensemble,5,93,157.0,194.14382934570312
ims,3,frozen_encoder_ensemble,5,94,156.0,195.64405822753906
ims,3,frozen_encoder_ensemble,5,95,155.0,194.05279541015625
ims,3,frozen_encoder_ensemble,5,96,154.0,191.54835510253906
ims,3,frozen_encoder_ensemble,5,97,153.0,191.24954223632812
ims,3,frozen_encoder_ensemble,5,98,152.0,191.08750915527344
ims,3,frozen_encoder_ensemble,5,99,151.0,192.0894317626953
ims,3,frozen_encoder_ensemble,5,100,150.0,192.2315673828125
ims,3,frozen_encoder_ensemble,5,101,149.0,191.50216674804688
ims,3,frozen_encoder_ensemble,5,102,148.0,188.5215606689453
ims,3,frozen_encoder_ensemble,5,103,147.0,187.81004333496094
ims,3,frozen_encoder_ensemble,5,104,146.0,185.66107177734375
ims,3,frozen_encoder_ensemble,5,105,145.0,182.82815551757812
ims,3,frozen_encoder_ensemble,5,106,144.0,184.39767456054688
ims,3,frozen_encoder_ensemble,5,107,143.0,181.27732849121094
ims,3,frozen_encoder_ensemble,5,108,142.0,178.1445770263672
ims,3,frozen_encoder_ensemble,5,109,141.0,176.40371704101562
ims,3,frozen_encoder_ensemble,5,110,140.0,178.88743591308594
ims,3,frozen_encoder_ensemble,5,111,139.0,181.9056396484375
ims,3,frozen_encoder_ensemble,5,112,138.0,183.36500549316406
ims,3,frozen_encoder_ensemble,5,113,137.0,181.57986450195312
ims,3,frozen_encoder_ensemble,5,114,136.0,172.3993682861328
ims,3,frozen_encoder_ensemble,5,115,135.0,173.8388671875
ims,3,frozen_encoder_ensemble,5,116,134.0,174.06298828125
ims,3,frozen_encoder_ensemble,5,117,133.0,170.40538024902344
ims,3,frozen_encoder_ensemble,5,118,132.0,171.4789581298828
ims,3,frozen_encoder_ensemble,5,119,131.0,169.1757354736328
ims,3,frozen_encoder_ensemble,5,120,130.0,164.75076293945312
ims,3,frozen_encoder_ensemble,5,121,129.0,166.41275024414062
ims,3,frozen_encoder_ensemble,5,122,128.0,166.97998046875
ims,3,frozen_encoder_ensemble,5,123,127.00000762939453,168.8939971923828
ims,3,frozen_encoder_ensemble,5,124,126.0,161.47964477539062
ims,3,frozen_encoder_ensemble,5,125,125.0,160.94554138183594
ims,3,frozen_encoder_ensemble,5,126,124.00000762939453,162.11024475097656
ims,3,frozen_encoder_ensemble,5,127,123.0,159.46885681152344
ims,3,frozen_encoder_ensemble,5,128,122.0,153.9090118408203
ims,3,frozen_encoder_ensemble,5,129,121.00000762939453,154.30441284179688
ims,3,frozen_encoder_ensemble,5,130,120.0,155.24269104003906
ims,3,frozen_encoder_ensemble,5,131,119.0,153.2836151123047
ims,3,frozen_encoder_ensemble,5,132,118.00000762939453,143.83425903320312
ims,3,frozen_encoder_ensemble,5,133,117.0,142.65811157226562
ims,3,frozen_encoder_ensemble,5,134,116.0,143.6757049560547
ims,3,frozen_encoder_ensemble,5,135,115.0,143.60142517089844
ims,3,frozen_encoder_ensemble,5,136,114.0,141.9517822265625
ims,3,frozen_encoder_ensemble,5,137,113.0,137.6727294921875
ims,3,frozen_encoder_ensemble,5,138,112.0,130.59823608398438
ims,3,frozen_encoder_ensemble,5,139,111.0,135.76622009277344
ims,3,frozen_encoder_ensemble,5,140,110.0,130.93426513671875
ims,3,frozen_encoder_ensemble,5,141,109.0,136.7671661376953
ims,3,frozen_encoder_ensemble,5,142,108.0,138.12045288085938
ims,3,frozen_encoder_ensemble,5,143,107.0,125.6310043334961
ims,3,frozen_encoder_ensemble,5,144,106.0,127.37129211425781
ims,3,frozen_encoder_ensemble,5,145,105.0,128.06219482421875
ims,3,frozen_encoder_ensemble,5,146,104.0,125.91109466552734
ims,3,frozen_encoder_ensemble,5,147,103.0,129.65139770507812
ims,3,frozen_encoder_ensemble,5,148,102.0,129.6551513671875
ims,3,frozen_encoder_ensemble,5,149,101.0,129.86956787109375
ims,3,frozen_encoder_ensemble,5,150,100.0,125.9157485961914
ims,3,frozen_encoder_ensemble,5,151,99.0,122.1089859008789
ims,3,frozen_encoder_ensemble,5,152,98.0,119.9469985961914
ims,3,frozen_encoder_ensemble,5,153,97.0,118.03375244140625
ims,3,frozen_encoder_ensemble,5,154,96.0,114.33807373046875
ims,3,frozen_encoder_ensemble,5,155,95.0,115.39764404296875
ims,3,frozen_encoder_ensemble,5,156,94.0,113.1395263671875
ims,3,frozen_encoder_ensemble,5,157,93.0,110.82147216796875
ims,3,frozen_encoder_ensemble,5,158,92.0,108.5038833618164
ims,3,frozen_encoder_ensemble,5,159,91.0,107.13038635253906
ims,3,frozen_encoder_ensemble,5,160,90.0,106.9808349609375
ims,3,frozen_encoder_ensemble,5,161,89.0,104.40824890136719
ims,3,frozen_encoder_ensemble,5,162,88.0,103.92362976074219
ims,3,frozen_encoder_ensemble,5,163,87.0,102.9697265625
ims,3,frozen_encoder_ensemble,5,164,86.0,103.63702392578125
ims,3,frozen_encoder_ensemble,5,165,85.0,100.62786865234375
ims,3,frozen_encoder_ensemble,5,166,84.0,102.7154541015625
ims,3,frozen_encoder_ensemble,5,167,83.0,98.94745635986328
ims,3,frozen_encoder_ensemble,5,168,82.0,97.72431945800781
ims,3,frozen_encoder_ensemble,5,169,81.0,94.90693664550781
ims,3,frozen_encoder_ensemble,5,170,80.0,92.58097076416016
ims,3,frozen_encoder_ensemble,5,171,79.0,92.86148834228516
ims,3,frozen_encoder_ensemble,5,172,78.0,91.05508422851562
ims,3,frozen_encoder_ensemble,5,173,77.0,86.57886505126953
ims,3,frozen_encoder_ensemble,5,174,76.0,86.65369415283203
ims,3,frozen_encoder_ensemble,5,175,75.0,85.66764068603516
ims,3,frozen_encoder_ensemble,5,176,74.0,85.71416473388672
ims,3,frozen_encoder_ensemble,5,177,73.0,84.04259490966797
ims,3,frozen_encoder_ensemble,5,178,72.0,81.943603515625
ims,3,frozen_encoder_ensemble,5,179,71.0,81.53901672363281
ims,3,frozen_encoder_ensemble,5,180,70.0,81.08125305175781
ims,3,frozen_encoder_ensemble,5,181,69.0,78.7632827758789
ims,3,frozen_encoder_ensemble,5,182,68.0,76.26356506347656
ims,3,frozen_encoder_ensemble,5,183,67.0,75.39894104003906
ims,3,frozen_encoder_ensemble,5,184,66.0,74.20296478271484
ims,3,frozen_encoder_ensemble,5,185,65.0,72.98777770996094
ims,3,frozen_encoder_ensemble,5,186,64.0,69.92839050292969
ims,3,frozen_encoder_ensemble,5,187,63.0,68.83219909667969
ims,3,frozen_encoder_ensemble,5,188,62.000003814697266,67.22628784179688
ims,3,frozen_encoder_ensemble,5,189,61.0,65.23909759521484
ims,3,frozen_encoder_ensemble,5,190,60.0,64.76155853271484
ims,3,frozen_encoder_ensemble,5,191,59.000003814697266,62.52509307861328
ims,3,frozen_encoder_ensemble,5,192,58.0,61.356544494628906
ims,3,frozen_encoder_ensemble,5,193,57.0,60.05491256713867
ims,3,frozen_encoder_ensemble,5,194,56.0,58.84775924682617
ims,3,frozen_encoder_ensemble,5,195,55.0,57.13189697265625
ims,3,frozen_encoder_ensemble,5,196,54.0,54.936790466308594
ims,3,frozen_encoder_ensemble,5,197,53.0,54.72434616088867
ims,3,frozen_encoder_ensemble,5,198,52.0,52.440528869628906
ims,3,frozen_encoder_ensemble,5,199,51.0,50.504852294921875
ims,3,frozen_encoder_ensemble,5,200,50.0,48.565650939941406
ims,3,frozen_encoder_ensemble,5,201,49.0,48.12352752685547
ims,3,frozen_encoder_ensemble,5,202,48.0,46.14191818237305
ims,3,frozen_encoder_ensemble,5,203,47.0,44.80718994140625
ims,3,frozen_encoder_ensemble,5,204,46.0,44.259429931640625
ims,3,frozen_encoder_ensemble,5,205,45.0,41.903472900390625
ims,3,frozen_encoder_ensemble,5,206,44.0,41.06739044189453
ims,3,frozen_encoder_ensemble,5,207,43.0,38.97616195678711
ims,3,frozen_encoder_ensemble,5,208,42.0,36.72651290893555
ims,3,frozen_encoder_ensemble,5,209,41.0,35.712223052978516
ims,3,frozen_encoder_ensemble,5,210,40.0,34.43926239013672
ims,3,frozen_encoder_ensemble,5,211,39.0,34.04488754272461
ims,3,frozen_encoder_ensemble,5,212,38.0,31.84650230407715
ims,3,frozen_encoder_ensemble,5,213,37.0,30.464580535888672
ims,3,frozen_encoder_ensemble,5,214,36.0,29.281494140625
ims,3,frozen_encoder_ensemble,5,215,35.0,28.004220962524414
ims,3,frozen_encoder_ensemble,5,216,34.0,26.834918975830078
ims,3,frozen_encoder_ensemble,5,217,33.0,26.128097534179688
ims,3,frozen_encoder_ensemble,5,218,32.0,25.882131576538086
ims,3,frozen_encoder_ensemble,5,219,31.000001907348633,23.37830352783203
ims,3,frozen_encoder_ensemble,5,220,30.0,21.957162857055664
ims,3,frozen_encoder_ensemble,5,221,29.0,21.899587631225586
ims,3,frozen_encoder_ensemble,5,222,28.0,20.352067947387695
ims,3,frozen_encoder_ensemble,5,223,27.0,19.71593475341797
ims,3,frozen_encoder_ensemble,5,224,26.0,18.75418472290039
ims,3,frozen_encoder_ensemble,5,225,25.0,17.44362449645996
ims,3,frozen_encoder_ensemble,5,226,24.0,17.00148582458496
ims,3,frozen_encoder_ensemble,5,227,23.0,15.977386474609375
ims,3,frozen_encoder_ensemble,5,228,22.0,15.051528930664062
ims,3,frozen_encoder_ensemble,5,229,21.0,14.778566360473633
ims,3,frozen_encoder_ensemble,5,230,20.0,13.718818664550781
ims,3,frozen_encoder_ensemble,5,231,19.0,12.781262397766113
ims,3,frozen_encoder_ensemble,5,232,18.0,11.940402030944824
ims,3,frozen_encoder_ensemble,5,233,17.0,11.705395698547363
ims,3,frozen_encoder_ensemble,5,234,16.0,11.191255569458008
ims,3,frozen_encoder_ensemble,5,235,15.0,10.369366645812988
ims,3,frozen_encoder_ensemble,5,236,14.0,9.609195709228516
ims,3,frozen_encoder_ensemble,5,237,13.0,9.110795974731445
ims,3,frozen_encoder_ensemble,5,238,12.0,9.843192100524902
ims,3,frozen_encoder_ensemble,5,239,11.0,8.443235397338867
ims,3,frozen_encoder_ensemble,5,240,10.0,8.154083251953125
ims,3,frozen_encoder_ensemble,5,241,9.0,7.526776313781738
ims,3,frozen_encoder_ensemble,5,242,8.0,7.107087135314941
ims,3,frozen_encoder_ensemble,5,243,7.0,6.3282952308654785
ims,3,frozen_encoder_ensemble,5,244,6.0,5.801525115966797
ims,3,frozen_encoder_ensemble,5,245,5.0,5.357540130615234
ims,3,frozen_encoder_ensemble,5,246,4.0,5.393017768859863
ims,3,frozen_encoder_ensemble,5,247,3.0,5.0228471755981445
ims,3,frozen_encoder_ensemble,5,248,2.0,4.82479190826416
ims,3,frozen_encoder_ensemble,5,249,1.0,4.149041175842285
ims,3,frozen_encoder_ensemble,5,250,0.0,3.568774461746216
ims,3,frozen_encoder_ensemble,5,251,0.0,3.614380359649658
ims,3,frozen_encoder_ensemble,5,252,0.0,3.1640408039093018
ims,3,frozen_encoder_ensemble,5,253,0.0,2.562534809112549
ims,3,frozen_encoder_ensemble,5,254,0.0,2.3358020782470703
ims,3,frozen_encoder_ensemble,5,255,0.0,2.101634979248047
ims,3,frozen_encoder_ensemble,5,256,0.0,2.1085243225097656
ims,3,frozen_encoder_ensemble,5,257,0.0,1.814023733139038
ims,3,frozen_encoder_ensemble,5,258,0.0,1.8031387329101562
ims,3,frozen_encoder_ensemble,5,259,0.0,1.8558661937713623
ims,3,frozen_encoder_ensemble,5,260,0.0,1.5142505168914795
ims,3,frozen_encoder_ensemble,5,261,0.0,1.4547793865203857
ims,3,frozen_encoder_ensemble,5,262,0.0,1.755598783493042
ims,3,frozen_encoder_ensemble,5,263,0.0,1.2142549753189087
ims,3,frozen_encoder_ensemble,5,264,0.0,1.378755807876587
ims,3,frozen_encoder_ensemble,5,265,0.0,1.3302645683288574
ims,3,frozen_encoder_ensemble,5,266,0.0,1.1110477447509766
ims,3,frozen_encoder_ensemble,5,267,0.0,1.0910687446594238
ims,3,frozen_encoder_ensemble,5,268,0.0,1.247922420501709
ims,3,frozen_encoder_ensemble,5,269,0.0,1.520838737487793
ims,3,frozen_encoder_ensemble,5,270,0.0,1.5881198644638062
ims,3,frozen_encoder_ensemble,5,271,0.0,1.9334051609039307
ims,3,frozen_encoder_ensemble,5,272,0.0,1.816709280014038
ims,3,frozen_encoder_ensemble,5,273,0.0,1.946936011314392
ims,3,frozen_encoder_ensemble,5,274,0.0,2.1431453227996826
ims,3,frozen_encoder_ensemble,5,275,0.0,2.5653507709503174
ims,3,frozen_encoder_ensemble,5,276,0.0,2.7243030071258545
ims,3,frozen_encoder_ensemble,5,277,0.0,2.8511009216308594
ims,3,frozen_encoder_ensemble,5,278,0.0,3.2835826873779297
ims,3,frozen_encoder_ensemble,5,279,0.0,3.5925040245056152
ims,3,frozen_encoder_ensemble,5,280,0.0,3.9816346168518066
ims,3,frozen_encoder_ensemble,5,281,0.0,4.337625980377197
ims,3,frozen_encoder_ensemble,5,282,0.0,4.686925411224365
ims,3,frozen_encoder_ensemble,5,283,0.0,4.938989639282227
ims,3,frozen_encoder_ensemble,5,284,0.0,5.3012495040893555
ims,3,frozen_encoder_ensemble,5,285,0.0,5.597928047180176
ims,3,frozen_encoder_ensemble,5,286,0.0,6.171344757080078
ims,3,frozen_encoder_ensemble,5,287,0.0,6.886785984039307
ims,3,frozen_encoder_ensemble,5,288,0.0,7.324063777923584
ims,3,frozen_encoder_ensemble,5,289,0.0,7.8658342361450195
ims,3,frozen_encoder_ensemble,5,290,0.0,8.639164924621582
ims,3,frozen_encoder_ensemble,5,291,0.0,9.283815383911133
ims,3,frozen_encoder_ensemble,5,292,0.0,10.1558256149292
ims,3,frozen_encoder_ensemble,5,293,0.0,10.796401023864746
ims,3,frozen_encoder_ensemble,5,294,0.0,11.402067184448242
ims,3,frozen_encoder_ensemble,5,295,0.0,12.157204627990723
ims,3,frozen_encoder_ensemble,5,296,0.0,12.862727165222168
ims,3,frozen_encoder_ensemble,5,297,0.0,13.629664421081543
ims,3,frozen_encoder_ensemble,5,298,0.0,14.296167373657227
ims,3,frozen_encoder_ensemble,5,299,0.0,15.081769943237305
ims,3,scratch_ensemble,5,19,231.0,219.55322265625
ims,3,scratch_ensemble,5,20,230.0,217.377197265625
ims,3,scratch_ensemble,5,21,229.0,217.1197967529297
ims,3,scratch_ensemble,5,22,228.0,218.0211639404297
ims,3,scratch_ensemble,5,23,227.0,219.18246459960938
ims,3,scratch_ensemble,5,24,226.0,219.7941436767578
ims,3,scratch_ensemble,5,25,225.0,218.6363525390625
ims,3,scratch_ensemble,5,26,224.0,218.033447265625
ims,3,scratch_ensemble,5,27,223.0,217.82528686523438
ims,3,scratch_ensemble,5,28,222.0,217.98855590820312
ims,3,scratch_ensemble,5,29,221.0,218.47994995117188
ims,3,scratch_ensemble,5,30,220.0,218.4121856689453
ims,3,scratch_ensemble,5,31,219.0,218.51309204101562
ims,3,scratch_ensemble,5,32,218.0,218.75662231445312
ims,3,scratch_ensemble,5,33,217.0,216.31613159179688
ims,3,scratch_ensemble,5,34,216.0,215.94100952148438
ims,3,scratch_ensemble,5,35,215.0,213.29080200195312
ims,3,scratch_ensemble,5,36,214.0,213.71737670898438
ims,3,scratch_ensemble,5,37,213.0,215.48489379882812
ims,3,scratch_ensemble,5,38,212.0,215.7129364013672
ims,3,scratch_ensemble,5,39,211.0,215.0160675048828
ims,3,scratch_ensemble,5,40,210.0,215.0735626220703
ims,3,scratch_ensemble,5,41,209.0,216.3715362548828
ims,3,scratch_ensemble,5,42,208.0,216.10226440429688
ims,3,scratch_ensemble,5,43,207.0,214.85171508789062
ims,3,scratch_ensemble,5,44,206.0,214.2642822265625
ims,3,scratch_ensemble,5,45,205.0,214.4928436279297
ims,3,scratch_ensemble,5,46,204.0,212.584716796875
ims,3,scratch_ensemble,5,47,203.0,214.8069305419922
ims,3,scratch_ensemble,5,48,202.0,213.45114135742188
ims,3,scratch_ensemble,5,49,201.0,211.6044921875
ims,3,scratch_ensemble,5,50,200.0,212.57785034179688
ims,3,scratch_ensemble,5,51,199.0,214.2079315185547
ims,3,scratch_ensemble,5,52,198.0,209.5446319580078
ims,3,scratch_ensemble,5,53,197.0,210.2913818359375
ims,3,scratch_ensemble,5,54,196.0,211.484375
ims,3,scratch_ensemble,5,55,195.0,213.09432983398438
ims,3,scratch_ensemble,5,56,194.0,212.06106567382812
ims,3,scratch_ensemble,5,57,193.0,211.72982788085938
ims,3,scratch_ensemble,5,58,192.0,210.07614135742188
ims,3,scratch_ensemble,5,59,191.0,208.17318725585938
ims,3,scratch_ensemble,5,60,190.0,209.6469268798828
ims,3,scratch_ensemble,5,61,189.0,212.05361938476562
ims,3,scratch_ensemble,5,62,188.0,211.67526245117188
ims,3,scratch_ensemble,5,63,187.0,212.4095458984375
ims,3,scratch_ensemble,5,64,186.0,210.9268035888672
ims,3,scratch_ensemble,5,65,185.0,210.26828002929688
ims,3,scratch_ensemble,5,66,184.0,211.2653350830078
ims,3,scratch_ensemble,5,67,183.0,208.255615234375
ims,3,scratch_ensemble,5,68,182.0,208.94369506835938
ims,3,scratch_ensemble,5,69,181.0,209.03369140625
ims,3,scratch_ensemble,5,70,180.0,205.7571563720703
ims,3,scratch_ensemble,5,71,179.0,208.95535278320312
ims,3,scratch_ensemble,5,72,178.0,206.2475128173828
ims,3,scratch_ensemble,5,73,177.0,205.6721954345703
ims,3,scratch_ensemble,5,74,176.0,207.82150268554688
ims,3,scratch_ensemble,5,75,175.0,204.19032287597656
ims,3,scratch_ensemble,5,76,174.0,206.4506378173828
ims,3,scratch_ensemble,5,77,173.0,205.5923614501953
ims,3,scratch_ensemble,5,78,172.0,206.09890747070312
ims,3,scratch_ensemble,5,79,171.0,205.8082733154297
ims,3,scratch_ensemble,5,80,170.0,204.10528564453125
ims,3,scratch_ensemble,5,81,169.0,203.4263916015625
ims,3,scratch_ensemble,5,82,168.0,204.8067169189453
ims,3,scratch_ensemble,5,83,167.0,201.41586303710938
ims,3,scratch_ensemble,5,84,166.0,202.44320678710938
ims,3,scratch_ensemble,5,85,165.0,201.2285614013672
ims,3,scratch_ensemble,5,86,164.0,198.53781127929688
ims,3,scratch_ensemble,5,87,163.0,196.4015350341797
ims,3,scratch_ensemble,5,88,162.0,198.5237579345703
ims,3,scratch_ensemble,5,89,161.0,199.37606811523438
ims,3,scratch_ensemble,5,90,160.0,199.5186767578125
ims,3,scratch_ensemble,5,91,159.0,201.04994201660156
ims,3,scratch_ensemble,5,92,158.0,196.92747497558594
ims,3,scratch_ensemble,5,93,157.0,196.2803192138672
ims,3,scratch_ensemble,5,94,156.0,198.4132537841797
ims,3,scratch_ensemble,5,95,155.0,196.27676391601562
ims,3,scratch_ensemble,5,96,154.0,192.65921020507812
ims,3,scratch_ensemble,5,97,153.0,192.63839721679688
ims,3,scratch_ensemble,5,98,152.0,192.2427520751953
ims,3,scratch_ensemble,5,99,151.0,194.24343872070312
ims,3,scratch_ensemble,5,100,150.0,194.35020446777344
ims,3,scratch_ensemble,5,101,149.0,192.8280487060547
ims,3,scratch_ensemble,5,102,148.0,189.78842163085938
ims,3,scratch_ensemble,5,103,147.0,188.7582244873047
ims,3,scratch_ensemble,5,104,146.0,185.65609741210938
ims,3,scratch_ensemble,5,105,145.0,181.51438903808594
ims,3,scratch_ensemble,5,106,144.0,184.23399353027344
ims,3,scratch_ensemble,5,107,143.0,179.9108123779297
ims,3,scratch_ensemble,5,108,142.0,175.67739868164062
ims,3,scratch_ensemble,5,109,141.0,173.95001220703125
ims,3,scratch_ensemble,5,110,140.0,176.81895446777344
ims,3,scratch_ensemble,5,111,139.0,181.349365234375
ims,3,scratch_ensemble,5,112,138.0,183.46258544921875
ims,3,scratch_ensemble,5,113,137.0,180.62362670898438
ims,3,scratch_ensemble,5,114,136.0,169.1536407470703
ims,3,scratch_ensemble,5,115,135.0,171.6931915283203
ims,3,scratch_ensemble,5,116,134.0,172.65545654296875
ims,3,scratch_ensemble,5,117,133.0,167.26318359375
ims,3,scratch_ensemble,5,118,132.0,168.86863708496094
ims,3,scratch_ensemble,5,119,131.0,165.31834411621094
ims,3,scratch_ensemble,5,120,130.0,160.5662078857422
ims,3,scratch_ensemble,5,121,129.0,162.66751098632812
ims,3,scratch_ensemble,5,122,128.0,163.09994506835938
ims,3,scratch_ensemble,5,123,127.00000762939453,165.22218322753906
ims,3,scratch_ensemble,5,124,126.0,157.23985290527344
ims,3,scratch_ensemble,5,125,125.0,155.89573669433594
ims,3,scratch_ensemble,5,126,124.00000762939453,157.669921875
ims,3,scratch_ensemble,5,127,123.0,155.44056701660156
ims,3,scratch_ensemble,5,128,122.0,147.99581909179688
ims,3,scratch_ensemble,5,129,121.00000762939453,148.96957397460938
ims,3,scratch_ensemble,5,130,120.0,151.29074096679688
ims,3,scratch_ensemble,5,131,119.0,147.5901336669922
ims,3,scratch_ensemble,5,132,118.00000762939453,136.6018524169922
ims,3,scratch_ensemble,5,133,117.0,135.59646606445312
ims,3,scratch_ensemble,5,134,116.0,137.2012939453125
ims,3,scratch_ensemble,5,135,115.0,136.48681640625
ims,3,scratch_ensemble,5,136,114.0,134.78970336914062
ims,3,scratch_ensemble,5,137,113.0,129.9747772216797
ims,3,scratch_ensemble,5,138,112.0,121.64039611816406
ims,3,scratch_ensemble,5,139,111.0,127.82938385009766
ims,3,scratch_ensemble,5,140,110.0,122.72248840332031
ims,3,scratch_ensemble,5,141,109.0,129.47630310058594
ims,3,scratch_ensemble,5,142,108.0,131.22813415527344
ims,3,scratch_ensemble,5,143,107.0,117.0108642578125
ims,3,scratch_ensemble,5,144,106.0,119.1578369140625
ims,3,scratch_ensemble,5,145,105.0,119.89781188964844
ims,3,scratch_ensemble,5,146,104.0,117.1156997680664
ims,3,scratch_ensemble,5,147,103.0,122.73347473144531
ims,3,scratch_ensemble,5,148,102.0,122.7690200805664
ims,3,scratch_ensemble,5,149,101.0,123.4854507446289
ims,3,scratch_ensemble,5,150,100.0,118.7902603149414
ims,3,scratch_ensemble,5,151,99.0,114.2339859008789
ims,3,scratch_ensemble,5,152,98.0,112.7244873046875
ims,3,scratch_ensemble,5,153,97.0,110.08332824707031
ims,3,scratch_ensemble,5,154,96.0,107.18428039550781
ims,3,scratch_ensemble,5,155,95.0,108.76374816894531
ims,3,scratch_ensemble,5,156,94.0,105.8807601928711
ims,3,scratch_ensemble,5,157,93.0,103.25321960449219
ims,3,scratch_ensemble,5,158,92.0,100.54684448242188
ims,3,scratch_ensemble,5,159,91.0,99.02455139160156
ims,3,scratch_ensemble,5,160,90.0,98.94720458984375
ims,3,scratch_ensemble,5,161,89.0,96.57264709472656
ims,3,scratch_ensemble,5,162,88.0,95.74665832519531
ims,3,scratch_ensemble,5,163,87.0,96.27581787109375
ims,3,scratch_ensemble,5,164,86.0,98.04045104980469
ims,3,scratch_ensemble,5,165,85.0,92.72947692871094
ims,3,scratch_ensemble,5,166,84.0,95.99691772460938
ims,3,scratch_ensemble,5,167,83.0,94.39466857910156
ims,3,scratch_ensemble,5,168,82.0,95.2350845336914
ims,3,scratch_ensemble,5,169,81.0,89.98269653320312
ims,3,scratch_ensemble,5,170,80.0,88.30863952636719
ims,3,scratch_ensemble,5,171,79.0,88.9382553100586
ims,3,scratch_ensemble,5,172,78.0,86.19913482666016
ims,3,scratch_ensemble,5,173,77.0,78.4157485961914
ims,3,scratch_ensemble,5,174,76.0,79.35661315917969
ims,3,scratch_ensemble,5,175,75.0,80.12263488769531
ims,3,scratch_ensemble,5,176,74.0,81.05375671386719
ims,3,scratch_ensemble,5,177,73.0,79.09349060058594
ims,3,scratch_ensemble,5,178,72.0,78.2071533203125
ims,3,scratch_ensemble,5,179,71.0,77.01898193359375
ims,3,scratch_ensemble,5,180,70.0,76.95823669433594
ims,3,scratch_ensemble,5,181,69.0,75.09110260009766
ims,3,scratch_ensemble,5,182,68.0,72.9432601928711
ims,3,scratch_ensemble,5,183,67.0,72.4796371459961
ims,3,scratch_ensemble,5,184,66.0,69.92338562011719
ims,3,scratch_ensemble,5,185,65.0,69.28153991699219
ims,3,scratch_ensemble,5,186,64.0,67.51403045654297
ims,3,scratch_ensemble,5,187,63.0,66.23713684082031
ims,3,scratch_ensemble,5,188,62.000003814697266,63.73713302612305
ims,3,scratch_ensemble,5,189,61.0,63.58257293701172
ims,3,scratch_ensemble,5,190,60.0,60.91266632080078
ims,3,scratch_ensemble,5,191,59.000003814697266,60.77153778076172
ims,3,scratch_ensemble,5,192,58.0,59.56992721557617
ims,3,scratch_ensemble,5,193,57.0,57.108985900878906
ims,3,scratch_ensemble,5,194,56.0,57.719451904296875
ims,3,scratch_ensemble,5,195,55.0,56.45708084106445
ims,3,scratch_ensemble,5,196,54.0,56.35823440551758
ims,3,scratch_ensemble,5,197,53.0,54.4835205078125
ims,3,scratch_ensemble,5,198,52.0,52.73247146606445
ims,3,scratch_ensemble,5,199,51.0,51.32109451293945
ims,3,scratch_ensemble,5,200,50.0,49.94523239135742
ims,3,scratch_ensemble,5,201,49.0,48.18364715576172
ims,3,scratch_ensemble,5,202,48.0,47.4996223449707
ims,3,scratch_ensemble,5,203,47.0,46.275150299072266
ims,3,scratch_ensemble,5,204,46.0,44.41067886352539
ims,3,scratch_ensemble,5,205,45.0,43.767860412597656
ims,3,scratch_ensemble,5,206,44.0,42.92750930786133
ims,3,scratch_ensemble,5,207,43.0,42.075931549072266
ims,3,scratch_ensemble,5,208,42.0,41.49750900268555
ims,3,scratch_ensemble,5,209,41.0,39.787925720214844
ims,3,scratch_ensemble,5,210,40.0,38.815391540527344
ims,3,scratch_ensemble,5,211,39.0,36.96660614013672
ims,3,scratch_ensemble,5,212,38.0,36.68522262573242
ims,3,scratch_ensemble,5,213,37.0,35.87666702270508
ims,3,scratch_ensemble,5,214,36.0,35.03265380859375
ims,3,scratch_ensemble,5,215,35.0,33.99163818359375
ims,3,scratch_ensemble,5,216,34.0,32.661556243896484
ims,3,scratch_ensemble,5,217,33.0,32.23685836791992
ims,3,scratch_ensemble,5,218,32.0,31.02069091796875
ims,3,scratch_ensemble,5,219,31.000001907348633,31.8143367767334
ims,3,scratch_ensemble,5,220,30.0,30.361648559570312
ims,3,scratch_ensemble,5,221,29.0,29.608867645263672
ims,3,scratch_ensemble,5,222,28.0,29.016210556030273
ims,3,scratch_ensemble,5,223,27.0,27.79633140563965
ims,3,scratch_ensemble,5,224,26.0,25.984521865844727
ims,3,scratch_ensemble,5,225,25.0,25.725399017333984
ims,3,scratch_ensemble,5,226,24.0,24.299121856689453
ims,3,scratch_ensemble,5,227,23.0,24.667875289916992
ims,3,scratch_ensemble,5,228,22.0,24.054855346679688
ims,3,scratch_ensemble,5,229,21.0,21.956371307373047
ims,3,scratch_ensemble,5,230,20.0,21.392976760864258
ims,3,scratch_ensemble,5,231,19.0,21.359973907470703
ims,3,scratch_ensemble,5,232,18.0,20.711490631103516
ims,3,scratch_ensemble,5,233,17.0,20.03237533569336
ims,3,scratch_ensemble,5,234,16.0,18.97519302368164
ims,3,scratch_ensemble,5,235,15.0,19.046791076660156
ims,3,scratch_ensemble,5,236,14.0,18.75851821899414
ims,3,scratch_ensemble,5,237,13.0,18.210107803344727
ims,3,scratch_ensemble,5,238,12.0,17.692718505859375
ims,3,scratch_ensemble,5,239,11.0,17.610517501831055
ims,3,scratch_ensemble,5,240,10.0,16.73151206970215
ims,3,scratch_ensemble,5,241,9.0,16.329500198364258
ims,3,scratch_ensemble,5,242,8.0,15.445080757141113
ims,3,scratch_ensemble,5,243,7.0,15.616518020629883
ims,3,scratch_ensemble,5,244,6.0,14.953824996948242
ims,3,scratch_ensemble,5,245,5.0,13.851496696472168
ims,3,scratch_ensemble,5,246,4.0,12.848428726196289
ims,3,scratch_ensemble,5,247,3.0,12.262285232543945
ims,3,scratch_ensemble,5,248,2.0,12.08665943145752
ims,3,scratch_ensemble,5,249,1.0,11.551852226257324
ims,3,scratch_ensemble,5,250,0.0,11.019805908203125
ims,3,scratch_ensemble,5,251,0.0,10.3580322265625
ims,3,scratch_ensemble,5,252,0.0,9.622709274291992
ims,3,scratch_ensemble,5,253,0.0,9.535279273986816
ims,3,scratch_ensemble,5,254,0.0,9.202128410339355
ims,3,scratch_ensemble,5,255,0.0,9.68707275390625
ims,3,scratch_ensemble,5,256,0.0,8.781332015991211
ims,3,scratch_ensemble,5,257,0.0,9.709943771362305
ims,3,scratch_ensemble,5,258,0.0,8.933256149291992
ims,3,scratch_ensemble,5,259,0.0,9.20473861694336
ims,3,scratch_ensemble,5,260,0.0,8.846640586853027
ims,3,scratch_ensemble,5,261,0.0,8.676725387573242
ims,3,scratch_ensemble,5,262,0.0,8.418350219726562
ims,3,scratch_ensemble,5,263,0.0,7.8764495849609375
ims,3,scratch_ensemble,5,264,0.0,7.319960117340088
ims,3,scratch_ensemble,5,265,0.0,7.617982387542725
ims,3,scratch_ensemble,5,266,0.0,7.743040561676025
ims,3,scratch_ensemble,5,267,0.0,6.262843132019043
ims,3,scratch_ensemble,5,268,0.0,7.130942344665527
ims,3,scratch_ensemble,5,269,0.0,6.883700370788574
ims,3,scratch_ensemble,5,270,0.0,7.154409885406494
ims,3,scratch_ensemble,5,271,0.0,6.974061489105225
ims,3,scratch_ensemble,5,272,0.0,6.938284873962402
ims,3,scratch_ensemble,5,273,0.0,6.276965141296387
ims,3,scratch_ensemble,5,274,0.0,6.119630813598633
ims,3,scratch_ensemble,5,275,0.0,6.365659236907959
ims,3,scratch_ensemble,5,276,0.0,6.454610347747803
ims,3,scratch_ensemble,5,277,0.0,6.290775299072266
ims,3,scratch_ensemble,5,278,0.0,6.098667621612549
ims,3,scratch_ensemble,5,279,0.0,6.119962692260742
ims,3,scratch_ensemble,5,280,0.0,6.2059526443481445
ims,3,scratch_ensemble,5,281,0.0,5.796704292297363
ims,3,scratch_ensemble,5,282,0.0,5.635656833648682
ims,3,scratch_ensemble,5,283,0.0,5.814651012420654
ims,3,scratch_ensemble,5,284,0.0,6.03341817855835
ims,3,scratch_ensemble,5,285,0.0,5.388108253479004
ims,3,scratch_ensemble,5,286,0.0,5.60650110244751
ims,3,scratch_ensemble,5,287,0.0,5.579825401306152
ims,3,scratch_ensemble,5,288,0.0,5.766467094421387
ims,3,scratch_ensemble,5,289,0.0,6.330719947814941
ims,3,scratch_ensemble,5,290,0.0,6.811978340148926
ims,3,scratch_ensemble,5,291,0.0,6.790461540222168
ims,3,scratch_ensemble,5,292,0.0,7.231104850769043
ims,3,scratch_ensemble,5,293,0.0,7.5223870277404785
ims,3,scratch_ensemble,5,294,0.0,7.30230712890625
ims,3,scratch_ensemble,5,295,0.0,7.950775146484375
ims,3,scratch_ensemble,5,296,0.0,8.363611221313477
ims,3,scratch_ensemble,5,297,0.0,8.808492660522461
ims,3,scratch_ensemble,5,298,0.0,9.228334426879883
ims,3,scratch_ensemble,5,299,0.0,9.24144172668457
ims,3,ridge_ensemble,5,19,231.0,243.67005920410156
ims,3,ridge_ensemble,5,20,230.0,242.17694091796875
ims,3,ridge_ensemble,5,21,229.0,241.17401123046875
ims,3,ridge_ensemble,5,22,228.0,240.43008422851562
ims,3,ridge_ensemble,5,23,227.0,239.51219177246094
ims,3,ridge_ensemble,5,24,226.0,238.41310119628906
ims,3,ridge_ensemble,5,25,225.0,236.99871826171875
ims,3,ridge_ensemble,5,26,224.0,236.0930633544922
ims,3,ridge_ensemble,5,27,223.0,235.56228637695312
ims,3,ridge_ensemble,5,28,222.0,234.25125122070312
ims,3,ridge_ensemble,5,29,221.0,233.33848571777344
ims,3,ridge_ensemble,5,30,220.0,232.16957092285156
ims,3,ridge_ensemble,5,31,219.0,231.23912048339844
ims,3,ridge_ensemble,5,32,218.0,230.26898193359375
ims,3,ridge_ensemble,5,33,217.0,228.96206665039062
ims,3,ridge_ensemble,5,34,216.0,228.03611755371094
ims,3,ridge_ensemble,5,35,215.0,226.42462158203125
ims,3,ridge_ensemble,5,36,214.0,225.76353454589844
ims,3,ridge_ensemble,5,37,213.0,225.23416137695312
ims,3,ridge_ensemble,5,38,212.0,223.99093627929688
ims,3,ridge_ensemble,5,39,211.0,222.5006103515625
ims,3,ridge_ensemble,5,40,210.0,221.83859252929688
ims,3,ridge_ensemble,5,41,209.0,221.11712646484375
ims,3,ridge_ensemble,5,42,208.0,219.6021270751953
ims,3,ridge_ensemble,5,43,207.0,218.68032836914062
ims,3,ridge_ensemble,5,44,206.0,217.52301025390625
ims,3,ridge_ensemble,5,45,205.0,216.73388671875
ims,3,ridge_ensemble,5,46,204.0,214.9975128173828
ims,3,ridge_ensemble,5,47,203.0,214.6884002685547
ims,3,ridge_ensemble,5,48,202.0,213.53663635253906
ims,3,ridge_ensemble,5,49,201.0,212.08987426757812
ims,3,ridge_ensemble,5,50,200.0,211.29635620117188
ims,3,ridge_ensemble,5,51,199.0,210.62936401367188
ims,3,ridge_ensemble,5,52,198.0,208.70285034179688
ims,3,ridge_ensemble,5,53,197.0,208.2339324951172
ims,3,ridge_ensemble,5,54,196.0,207.40354919433594
ims,3,ridge_ensemble,5,55,195.0,206.50405883789062
ims,3,ridge_ensemble,5,56,194.0,205.118896484375
ims,3,ridge_ensemble,5,57,193.0,204.0362091064453
ims,3,ridge_ensemble,5,58,192.0,202.87814331054688
ims,3,ridge_ensemble,5,59,191.0,201.50111389160156
ims,3,ridge_ensemble,5,60,190.0,201.1328125
ims,3,ridge_ensemble,5,61,189.0,200.2069091796875
ims,3,ridge_ensemble,5,62,188.0,199.1063690185547
ims,3,ridge_ensemble,5,63,187.0,197.95726013183594
ims,3,ridge_ensemble,5,64,186.0,196.61216735839844
ims,3,ridge_ensemble,5,65,185.0,195.6935272216797
ims,3,ridge_ensemble,5,66,184.0,194.87689208984375
ims,3,ridge_ensemble,5,67,183.0,193.333984375
ims,3,ridge_ensemble,5,68,182.0,192.55458068847656
ims,3,ridge_ensemble,5,69,181.0,191.62074279785156
ims,3,ridge_ensemble,5,70,180.0,190.00404357910156
ims,3,ridge_ensemble,5,71,179.0,190.0014190673828
ims,3,ridge_ensemble,5,72,178.0,188.00637817382812
ims,3,ridge_ensemble,5,73,177.0,187.36155700683594
ims,3,ridge_ensemble,5,74,176.0,186.5028076171875
ims,3,ridge_ensemble,5,75,175.0,184.51470947265625
ims,3,ridge_ensemble,5,76,174.0,184.30303955078125
ims,3,ridge_ensemble,5,77,173.0,183.20584106445312
ims,3,ridge_ensemble,5,78,172.0,182.1200408935547
ims,3,ridge_ensemble,5,79,171.0,181.143798828125
ims,3,ridge_ensemble,5,80,170.0,179.43707275390625
ims,3,ridge_ensemble,5,81,169.0,178.84886169433594
ims,3,ridge_ensemble,5,82,168.0,178.077880859375
ims,3,ridge_ensemble,5,83,167.0,176.27659606933594
ims,3,ridge_ensemble,5,84,166.0,175.60377502441406
ims,3,ridge_ensemble,5,85,165.0,174.23838806152344
ims,3,ridge_ensemble,5,86,164.0,173.1461944580078
ims,3,ridge_ensemble,5,87,163.0,172.05294799804688
ims,3,ridge_ensemble,5,88,162.0,171.3588409423828
ims,3,ridge_ensemble,5,89,161.0,170.35015869140625
ims,3,ridge_ensemble,5,90,160.0,169.3516082763672
ims,3,ridge_ensemble,5,91,159.0,168.5628662109375
ims,3,ridge_ensemble,5,92,158.0,166.85906982421875
ims,3,ridge_ensemble,5,93,157.0,166.0734405517578
ims,3,ridge_ensemble,5,94,156.0,165.27789306640625
ims,3,ridge_ensemble,5,95,155.0,163.9099578857422
ims,3,ridge_ensemble,5,96,154.0,162.67288208007812
ims,3,ridge_ensemble,5,97,153.0,161.60653686523438
ims,3,ridge_ensemble,5,98,152.0,160.4955291748047
ims,3,ridge_ensemble,5,99,151.0,159.69541931152344
ims,3,ridge_ensemble,5,100,150.0,158.80404663085938
ims,3,ridge_ensemble,5,101,149.0,157.78695678710938
ims,3,ridge_ensemble,5,102,148.0,156.29544067382812
ims,3,ridge_ensemble,5,103,147.0,155.24583435058594
ims,3,ridge_ensemble,5,104,146.0,154.0502166748047
ims,3,ridge_ensemble,5,105,145.0,152.88624572753906
ims,3,ridge_ensemble,5,106,144.0,152.33189392089844
ims,3,ridge_ensemble,5,107,143.0,150.5357666015625
ims,3,ridge_ensemble,5,108,142.0,149.3798828125
ims,3,ridge_ensemble,5,109,141.0,148.59356689453125
ims,3,ridge_ensemble,5,110,140.0,147.84921264648438
ims,3,ridge_ensemble,5,111,139.0,146.8372039794922
ims,3,ridge_ensemble,5,112,138.0,145.76931762695312
ims,3,ridge_ensemble,5,113,137.0,144.77413940429688
ims,3,ridge_ensemble,5,114,136.0,142.8357696533203
ims,3,ridge_ensemble,5,115,135.0,142.3217010498047
ims,3,ridge_ensemble,5,116,134.0,141.241943359375
ims,3,ridge_ensemble,5,117,133.0,139.718505859375
ims,3,ridge_ensemble,5,118,132.0,139.04917907714844
ims,3,ridge_ensemble,5,119,131.0,137.96658325195312
ims,3,ridge_ensemble,5,120,130.0,136.55426025390625
ims,3,ridge_ensemble,5,121,129.0,135.9625701904297
ims,3,ridge_ensemble,5,122,128.0,134.8819122314453
ims,3,ridge_ensemble,5,123,127.00000762939453,133.9215545654297
ims,3,ridge_ensemble,5,124,126.0,132.2205810546875
ims,3,ridge_ensemble,5,125,125.0,131.5479736328125
ims,3,ridge_ensemble,5,126,124.00000762939453,130.47598266601562
ims,3,ridge_ensemble,5,127,123.0,129.30596923828125
ims,3,ridge_ensemble,5,128,122.0,127.93760681152344
ims,3,ridge_ensemble,5,129,121.00000762939453,127.28634643554688
ims,3,ridge_ensemble,5,130,120.0,126.20821380615234
ims,3,ridge_ensemble,5,131,119.0,124.9209213256836
ims,3,ridge_ensemble,5,132,118.00000762939453,122.99153900146484
ims,3,ridge_ensemble,5,133,117.0,122.43467712402344
ims,3,ridge_ensemble,5,134,116.0,121.5814208984375
ims,3,ridge_ensemble,5,135,115.0,120.40245056152344
ims,3,ridge_ensemble,5,136,114.0,119.17860412597656
ims,3,ridge_ensemble,5,137,113.0,117.93387603759766
ims,3,ridge_ensemble,5,138,112.0,116.42279815673828
ims,3,ridge_ensemble,5,139,111.0,116.30036926269531
ims,3,ridge_ensemble,5,140,110.0,114.54545593261719
ims,3,ridge_ensemble,5,141,109.0,114.44097137451172
ims,3,ridge_ensemble,5,142,108.0,113.1006851196289
ims,3,ridge_ensemble,5,143,107.0,110.66361236572266
ims,3,ridge_ensemble,5,144,106.0,110.8627700805664
ims,3,ridge_ensemble,5,145,105.0,109.9360580444336
ims,3,ridge_ensemble,5,146,104.0,108.4357681274414
ims,3,ridge_ensemble,5,147,103.0,108.03472137451172
ims,3,ridge_ensemble,5,148,102.0,106.93000030517578
ims,3,ridge_ensemble,5,149,101.0,105.76866149902344
ims,3,ridge_ensemble,5,150,100.0,104.68419647216797
ims,3,ridge_ensemble,5,151,99.0,103.4520492553711
ims,3,ridge_ensemble,5,152,98.0,102.36231231689453
ims,3,ridge_ensemble,5,153,97.0,101.26432800292969
ims,3,ridge_ensemble,5,154,96.0,100.27206420898438
ims,3,ridge_ensemble,5,155,95.0,99.61576080322266
ims,3,ridge_ensemble,5,156,94.0,98.26953125
ims,3,ridge_ensemble,5,157,93.0,96.9975814819336
ims,3,ridge_ensemble,5,158,92.0,96.12673950195312
ims,3,ridge_ensemble,5,159,91.0,95.18740844726562
ims,3,ridge_ensemble,5,160,90.0,94.29986572265625
ims,3,ridge_ensemble,5,161,89.0,93.19937896728516
ims,3,ridge_ensemble,5,162,88.0,92.3826675415039
ims,3,ridge_ensemble,5,163,87.0,91.64129638671875
ims,3,ridge_ensemble,5,164,86.0,90.92613220214844
ims,3,ridge_ensemble,5,165,85.0,88.95011138916016
ims,3,ridge_ensemble,5,166,84.0,89.16559600830078
ims,3,ridge_ensemble,5,167,83.0,87.78614044189453
ims,3,ridge_ensemble,5,168,82.0,86.77727508544922
ims,3,ridge_ensemble,5,169,81.0,85.2195816040039
ims,3,ridge_ensemble,5,170,80.0,84.32490539550781
ims,3,ridge_ensemble,5,171,79.0,83.56254577636719
ims,3,ridge_ensemble,5,172,78.0,82.50995635986328
ims,3,ridge_ensemble,5,173,77.0,79.70757293701172
ims,3,ridge_ensemble,5,174,76.0,79.99156188964844
ims,3,ridge_ensemble,5,175,75.0,78.83716583251953
ims,3,ridge_ensemble,5,176,74.0,77.57476806640625
ims,3,ridge_ensemble,5,177,73.0,76.14733123779297
ims,3,ridge_ensemble,5,178,72.0,75.54696655273438
ims,3,ridge_ensemble,5,179,71.0,74.61851501464844
ims,3,ridge_ensemble,5,180,70.0,73.57170867919922
ims,3,ridge_ensemble,5,181,69.0,73.15129852294922
ims,3,ridge_ensemble,5,182,68.0,71.60956573486328
ims,3,ridge_ensemble,5,183,67.0,70.79316711425781
ims,3,ridge_ensemble,5,184,66.0,69.25926971435547
ims,3,ridge_ensemble,5,185,65.0,68.38229370117188
ims,3,ridge_ensemble,5,186,64.0,66.91936492919922
ims,3,ridge_ensemble,5,187,63.0,66.17158508300781
ims,3,ridge_ensemble,5,188,62.000003814697266,64.80108642578125
ims,3,ridge_ensemble,5,189,61.0,64.16564178466797
ims,3,ridge_ensemble,5,190,60.0,62.9106559753418
ims,3,ridge_ensemble,5,191,59.000003814697266,62.13505554199219
ims,3,ridge_ensemble,5,192,58.0,60.90981674194336
ims,3,ridge_ensemble,5,193,57.0,59.28798294067383
ims,3,ridge_ensemble,5,194,56.0,58.495628356933594
ims,3,ridge_ensemble,5,195,55.0,57.84329605102539
ims,3,ridge_ensemble,5,196,54.0,57.019229888916016
ims,3,ridge_ensemble,5,197,53.0,55.4128532409668
ims,3,ridge_ensemble,5,198,52.0,54.42495346069336
ims,3,ridge_ensemble,5,199,51.0,53.08930206298828
ims,3,ridge_ensemble,5,200,50.0,51.9440803527832
ims,3,ridge_ensemble,5,201,49.0,51.097923278808594
ims,3,ridge_ensemble,5,202,48.0,50.087890625
ims,3,ridge_ensemble,5,203,47.0,48.9395637512207
ims,3,ridge_ensemble,5,204,46.0,48.03262710571289
ims,3,ridge_ensemble,5,205,45.0,47.37422180175781
ims,3,ridge_ensemble,5,206,44.0,46.19514465332031
ims,3,ridge_ensemble,5,207,43.0,44.72843551635742
ims,3,ridge_ensemble,5,208,42.0,44.22523880004883
ims,3,ridge_ensemble,5,209,41.0,42.907108306884766
ims,3,ridge_ensemble,5,210,40.0,41.647125244140625
ims,3,ridge_ensemble,5,211,39.0,40.865325927734375
ims,3,ridge_ensemble,5,212,38.0,40.07242202758789
ims,3,ridge_ensemble,5,213,37.0,38.912628173828125
ims,3,ridge_ensemble,5,214,36.0,37.42775344848633
ims,3,ridge_ensemble,5,215,35.0,36.58457565307617
ims,3,ridge_ensemble,5,216,34.0,35.56122970581055
ims,3,ridge_ensemble,5,217,33.0,34.7254753112793
ims,3,ridge_ensemble,5,218,32.0,33.65654754638672
ims,3,ridge_ensemble,5,219,31.000001907348633,32.749244689941406
ims,3,ridge_ensemble,5,220,30.0,30.87336540222168
ims,3,ridge_ensemble,5,221,29.0,31.11117935180664
ims,3,ridge_ensemble,5,222,28.0,29.450870513916016
ims,3,ridge_ensemble,5,223,27.0,28.573753356933594
ims,3,ridge_ensemble,5,224,26.0,26.791719436645508
ims,3,ridge_ensemble,5,225,25.0,25.779645919799805
ims,3,ridge_ensemble,5,226,24.0,24.863445281982422
ims,3,ridge_ensemble,5,227,23.0,24.240943908691406
ims,3,ridge_ensemble,5,228,22.0,22.917797088623047
ims,3,ridge_ensemble,5,229,21.0,22.152936935424805
ims,3,ridge_ensemble,5,230,20.0,20.579795837402344
ims,3,ridge_ensemble,5,231,19.0,19.862457275390625
ims,3,ridge_ensemble,5,232,18.0,18.32583999633789
ims,3,ridge_ensemble,5,233,17.0,17.391189575195312
ims,3,ridge_ensemble,5,234,16.0,16.313344955444336
ims,3,ridge_ensemble,5,235,15.0,15.234102249145508
ims,3,ridge_ensemble,5,236,14.0,14.420011520385742
ims,3,ridge_ensemble,5,237,13.0,13.599581718444824
ims,3,ridge_ensemble,5,238,12.0,12.596415519714355
ims,3,ridge_ensemble,5,239,11.0,11.074387550354004
ims,3,ridge_ensemble,5,240,10.0,9.799887657165527
ims,3,ridge_ensemble,5,241,9.0,8.94927978515625
ims,3,ridge_ensemble,5,242,8.0,7.764870643615723
ims,3,ridge_ensemble,5,243,7.0,6.7108354568481445
ims,3,ridge_ensemble,5,244,6.0,5.528933048248291
ims,3,ridge_ensemble,5,245,5.0,4.477879524230957
ims,3,ridge_ensemble,5,246,4.0,3.570220947265625
ims,3,ridge_ensemble,5,247,3.0,2.5036983489990234
ims,3,ridge_ensemble,5,248,2.0,1.3689868450164795
ims,3,ridge_ensemble,5,249,1.0,0.4609972834587097
ims,3,ridge_ensemble,5,250,0.0,0.0
ims,3,ridge_ensemble,5,251,0.0,0.0
ims,3,ridge_ensemble,5,252,0.0,0.0
ims,3,ridge_ensemble,5,253,0.0,0.0
ims,3,ridge_ensemble,5,254,0.0,0.0
ims,3,ridge_ensemble,5,255,0.0,0.0
ims,3,ridge_ensemble,5,256,0.0,0.0
ims,3,ridge_ensemble,5,257,0.0,0.0
ims,3,ridge_ensemble,5,258,0.0,0.0
ims,3,ridge_ensemble,5,259,0.0,0.0
ims,3,ridge_ensemble,5,260,0.0,0.0
ims,3,ridge_ensemble,5,261,0.0,0.0
ims,3,ridge_ensemble,5,262,0.0,0.0
ims,3,ridge_ensemble,5,263,0.0,0.0
ims,3,ridge_ensemble,5,264,0.0,0.0
ims,3,ridge_ensemble,5,265,0.0,0.0
ims,3,ridge_ensemble,5,266,0.0,0.04004768282175064
ims,3,ridge_ensemble,5,267,0.0,0.0
ims,3,ridge_ensemble,5,268,0.0,0.56456458568573
ims,3,ridge_ensemble,5,269,0.0,0.05460866168141365
ims,3,ridge_ensemble,5,270,0.0,0.31136441230773926
ims,3,ridge_ensemble,5,271,0.0,0.49115216732025146
ims,3,ridge_ensemble,5,272,0.0,0.38216447830200195
ims,3,ridge_ensemble,5,273,0.0,0.0
ims,3,ridge_ensemble,5,274,0.0,0.2271975576877594
ims,3,ridge_ensemble,5,275,0.0,0.1683134138584137
ims,3,ridge_ensemble,5,276,0.0,0.5149542689323425
ims,3,ridge_ensemble,5,277,0.0,0.19893261790275574
ims,3,ridge_ensemble,5,278,0.0,0.5642586946487427
ims,3,ridge_ensemble,5,279,0.0,0.4785146415233612
ims,3,ridge_ensemble,5,280,0.0,0.7742533683776855
ims,3,ridge_ensemble,5,281,0.0,0.489757239818573
ims,3,ridge_ensemble,5,282,0.0,0.6440146565437317
ims,3,ridge_ensemble,5,283,0.0,0.6074976921081543
ims,3,ridge_ensemble,5,284,0.0,0.8184084892272949
ims,3,ridge_ensemble,5,285,0.0,0.5250948667526245
ims,3,ridge_ensemble,5,286,0.0,1.0692392587661743
ims,3,ridge_ensemble,5,287,0.0,1.487178087234497
ims,3,ridge_ensemble,5,288,0.0,2.0405378341674805
ims,3,ridge_ensemble,5,289,0.0,2.38783597946167
ims,3,ridge_ensemble,5,290,0.0,3.1488852500915527
ims,3,ridge_ensemble,5,291,0.0,3.0214195251464844
ims,3,ridge_ensemble,5,292,0.0,4.168024063110352
ims,3,ridge_ensemble,5,293,0.0,4.479363441467285
ims,3,ridge_ensemble,5,294,0.0,4.582389831542969
ims,3,ridge_ensemble,5,295,0.0,5.475849628448486
ims,3,ridge_ensemble,5,296,0.0,5.9234843254089355
ims,3,ridge_ensemble,5,297,0.0,6.49319314956665
ims,3,ridge_ensemble,5,298,0.0,7.156923770904541
ims,3,ridge_ensemble,5,299,0.0,7.713791370391846
